username,ip address,timestamp,hour,event_type,file_name,ip,status,is_anomalous,anomaly_reason
DTAA/KEE0997,PC-1914,2010-01-04 00:10:00,0.0,login,,,,1,Suspicious login hour
DTAA/KEE0997,PC-1914,2010-01-04 00:52:00,0.0,login,,,,1,Suspicious login hour
DTAA/KEE0997,PC-3363,2010-01-04 01:17:00,1.0,login,,,,1,Suspicious login hour
DTAA/KEE0997,PC-3363,2010-01-04 01:28:00,1.0,login,,,,1,Suspicious login hour
DTAA/BJM0992,PC-3058,2010-01-04 01:57:00,1.0,login,,,,1,Suspicious login hour
DTAA/CLB0995,PC-1127,2010-01-04 02:01:00,2.0,login,,,,1,Suspicious login hour
DTAA/CLB0995,PC-1127,2010-01-04 02:03:00,2.0,login,,,,1,Suspicious login hour
DTAA/BJM0992,PC-3058,2010-01-04 02:16:00,2.0,login,,,,1,Suspicious login hour
DTAA/BJM0992,PC-0585,2010-01-04 02:25:00,2.0,login,,,,1,Suspicious login hour
DTAA/BJM0992,PC-0585,2010-01-04 02:30:00,2.0,login,,,,1,Suspicious login hour
DTAA/CRC0996,PC-0433,2010-01-04 02:39:00,2.0,login,,,,1,Suspicious login hour
DTAA/IRC0991,PC-2564,2010-01-04 03:04:00,3.0,login,,,,1,Suspicious login hour
DTAA/IRC0991,PC-2564,2010-01-04 03:06:00,3.0,login,,,,1,Suspicious login hour
DTAA/CLN0999,PC-3570,2010-01-04 03:16:00,3.0,login,,,,1,Suspicious login hour
DTAA/CRC0996,PC-0433,2010-01-04 03:20:00,3.0,login,,,,1,Suspicious login hour
DTAA/DSM0990,PC-4163,2010-01-04 03:26:00,3.0,login,,,,1,Suspicious login hour
DTAA/CLN0999,PC-3570,2010-01-04 03:32:00,3.0,login,,,,1,Suspicious login hour
DTAA/DSM0990,PC-4163,2010-01-04 03:51:00,3.0,login,,,,1,Suspicious login hour
DTAA/CRC0996,PC-3916,2010-01-04 04:08:00,4.0,login,,,,1,Suspicious login hour
DTAA/KEE0997,PC-1939,2010-01-04 04:17:00,4.0,login,,,,1,Suspicious login hour
DTAA/JCC0998,PC-0975,2010-01-04 04:20:00,4.0,login,,,,1,Suspicious login hour
DTAA/CRC0996,PC-3916,2010-01-04 04:25:00,4.0,login,,,,1,Suspicious login hour
DTAA/JCC0998,PC-0975,2010-01-04 04:27:00,4.0,login,,,,1,Suspicious login hour
DTAA/CLN0999,PC-2613,2010-01-04 04:33:00,4.0,login,,,,1,Suspicious login hour
DTAA/CRC0996,PC-3366,2010-01-04 04:58:00,4.0,login,,,,1,Suspicious login hour
DTAA/KEE0997,PC-1939,2010-01-04 05:01:00,5.0,login,,,,1,Suspicious login hour
DTAA/CLB0995,PC-1479,2010-01-04 05:05:00,5.0,login,,,,1,Suspicious login hour
DTAA/CLN0999,PC-2613,2010-01-04 05:17:00,5.0,login,,,,1,Suspicious login hour
DTAA/CLB0995,PC-1479,2010-01-04 05:17:00,5.0,login,,,,1,Suspicious login hour
DTAA/CRC0996,PC-3366,2010-01-04 05:23:00,5.0,login,,,,1,Suspicious login hour
DTAA/CLB0995,PC-3815,2010-01-04 05:53:00,5.0,login,,,,1,Suspicious login hour
DTAA/CLB0995,PC-3815,2010-01-04 05:57:00,5.0,login,,,,1,Suspicious login hour
DTAA/ARC0677,PC-0465,2010-01-04 21:03:00,21.0,login,,,,1,Suspicious login hour
DTAA/BJM0992,PC-3569,2010-01-04 21:10:00,21.0,login,,,,1,Suspicious login hour
DTAA/VAH0262,PC-1398,2010-01-04 21:12:00,21.0,login,,,,1,Suspicious login hour
DTAA/SKL0881,PC-1581,2010-01-04 21:12:00,21.0,login,,,,1,Suspicious login hour
DTAA/NAT0252,PC-1796,2010-01-04 21:17:00,21.0,login,,,,1,Suspicious login hour
DTAA/JTT0989,PC-4664,2010-01-04 21:18:00,21.0,login,,,,1,Suspicious login hour
DTAA/DSM0990,PC-1436,2010-01-04 21:19:00,21.0,login,,,,1,Suspicious login hour
DTAA/NDS0490,PC-2549,2010-01-04 21:30:00,21.0,login,,,,1,Suspicious login hour
DTAA/DSM0990,PC-1436,2010-01-04 21:34:00,21.0,login,,,,1,Suspicious login hour
DTAA/BJM0992,PC-3569,2010-01-04 21:54:00,21.0,login,,,,1,Suspicious login hour
DTAA/JTT0989,PC-4664,2010-01-04 21:56:00,21.0,login,,,,1,Suspicious login hour
DTAA/KEE0997,PC-1569,2010-01-04 21:59:00,21.0,login,,,,1,Suspicious login hour
DTAA/AFF0760,PC-2804,2010-01-04 22:31:00,22.0,login,,,,1,Suspicious login hour
DTAA/JCC0998,PC-1870,2010-01-04 22:31:00,22.0,login,,,,1,Suspicious login hour
DTAA/KEE0997,PC-1569,2010-01-04 22:31:00,22.0,login,,,,1,Suspicious login hour
DTAA/JCC0998,PC-1588,2010-01-04 22:39:00,22.0,login,,,,1,Suspicious login hour
DTAA/JCC0998,PC-1870,2010-01-04 22:55:00,22.0,login,,,,1,Suspicious login hour
DTAA/KEE0997,PC-0877,2010-01-04 23:01:00,23.0,login,,,,1,Suspicious login hour
DTAA/ELD1000,PC-2630,2010-01-04 23:02:00,23.0,login,,,,1,Suspicious login hour
DTAA/CGM0994,PC-2615,2010-01-04 23:09:00,23.0,login,,,,1,Suspicious login hour
DTAA/CGM0994,PC-4887,2010-01-04 23:13:00,23.0,login,,,,1,Suspicious login hour
DTAA/KEE0997,PC-3462,2010-01-04 23:16:00,23.0,login,,,,1,Suspicious login hour
DTAA/JCC0998,PC-1588,2010-01-04 23:19:00,23.0,login,,,,1,Suspicious login hour
DTAA/CRC0996,PC-0750,2010-01-04 23:19:00,23.0,login,,,,1,Suspicious login hour
DTAA/CGM0994,PC-4887,2010-01-04 23:22:00,23.0,login,,,,1,Suspicious login hour
DTAA/KEE0997,PC-3462,2010-01-04 23:23:00,23.0,login,,,,1,Suspicious login hour
DTAA/KEE0997,PC-0877,2010-01-04 23:29:00,23.0,login,,,,1,Suspicious login hour
DTAA/CGM0994,PC-2615,2010-01-04 23:33:00,23.0,login,,,,1,Suspicious login hour
DTAA/BJM0992,PC-2809,2010-01-04 23:40:00,23.0,login,,,,1,Suspicious login hour
DTAA/ELD1000,PC-2630,2010-01-04 23:45:00,23.0,login,,,,1,Suspicious login hour
DTAA/AKS0283,PC-3049,2010-01-04 23:47:00,23.0,login,,,,1,Suspicious login hour
DTAA/CTH0856,PC-4677,2010-01-05 00:00:00,0.0,login,,,,1,Suspicious login hour
DTAA/PJL0320,PC-1233,2010-01-05 00:02:00,0.0,login,,,,1,Suspicious login hour
DTAA/CRC0996,PC-0750,2010-01-05 00:03:00,0.0,login,,,,1,Suspicious login hour
DTAA/ARS0993,PC-1459,2010-01-05 00:20:00,0.0,login,,,,1,Suspicious login hour
DTAA/BJM0992,PC-2809,2010-01-05 00:22:00,0.0,login,,,,1,Suspicious login hour
DTAA/CLB0995,PC-2460,2010-01-05 00:25:00,0.0,login,,,,1,Suspicious login hour
DTAA/KEE0997,PC-2282,2010-01-05 00:28:00,0.0,login,,,,1,Suspicious login hour
DTAA/AFF0760,PC-2804,2010-01-05 00:30:00,0.0,login,,,,1,Suspicious login hour
DTAA/KEE0997,PC-2282,2010-01-05 00:30:00,0.0,login,,,,1,Suspicious login hour
DTAA/CLB0995,PC-2161,2010-01-05 00:35:00,0.0,login,,,,1,Suspicious login hour
DTAA/CLB0995,PC-2460,2010-01-05 00:35:00,0.0,login,,,,1,Suspicious login hour
DTAA/MCF0427,PC-3754,2010-01-05 00:40:00,0.0,login,,,,1,Suspicious login hour
DTAA/CGM0994,PC-1751,2010-01-05 00:41:00,0.0,login,,,,1,Suspicious login hour
DTAA/CGM0994,PC-1751,2010-01-05 00:45:00,0.0,login,,,,1,Suspicious login hour
DTAA/DSM0990,PC-0131,2010-01-05 00:45:00,0.0,login,,,,1,Suspicious login hour
DTAA/ARS0993,PC-1459,2010-01-05 00:55:00,0.0,login,,,,1,Suspicious login hour
DTAA/ARS0993,PC-3584,2010-01-05 00:56:00,0.0,login,,,,1,Suspicious login hour
DTAA/DSM0990,PC-0131,2010-01-05 01:07:00,1.0,login,,,,1,Suspicious login hour
DTAA/MQL0135,PC-4656,2010-01-05 01:10:00,1.0,login,,,,1,Suspicious login hour
DTAA/CTH0856,PC-4677,2010-01-05 01:12:00,1.0,login,,,,1,Suspicious login hour
DTAA/CLB0995,PC-2161,2010-01-05 01:18:00,1.0,login,,,,1,Suspicious login hour
DTAA/ARS0993,PC-3584,2010-01-05 01:28:00,1.0,login,,,,1,Suspicious login hour
DTAA/MCF0427,PC-3754,2010-01-05 01:45:00,1.0,login,,,,1,Suspicious login hour
DTAA/CGM0994,PC-1775,2010-01-05 01:48:00,1.0,login,,,,1,Suspicious login hour
DTAA/CGM0994,PC-1775,2010-01-05 02:08:00,2.0,login,,,,1,Suspicious login hour
DTAA/BFO0974,PC-2099,2010-01-05 02:09:00,2.0,login,,,,1,Suspicious login hour
DTAA/TPC0102,PC-1945,2010-01-05 02:09:00,2.0,login,,,,1,Suspicious login hour
DTAA/BJM0992,PC-3654,2010-01-05 02:15:00,2.0,login,,,,1,Suspicious login hour
DTAA/CHA0174,PC-2751,2010-01-05 02:21:00,2.0,login,,,,1,Suspicious login hour
DTAA/JTT0989,PC-0696,2010-01-05 02:28:00,2.0,login,,,,1,Suspicious login hour
DTAA/IRC0991,PC-0850,2010-01-05 02:34:00,2.0,login,,,,1,Suspicious login hour
DTAA/BJM0992,PC-3654,2010-01-05 02:41:00,2.0,login,,,,1,Suspicious login hour
DTAA/JTT0989,PC-0696,2010-01-05 02:54:00,2.0,login,,,,1,Suspicious login hour
DTAA/IRC0991,PC-0850,2010-01-05 02:54:00,2.0,login,,,,1,Suspicious login hour
DTAA/ARS0993,PC-4773,2010-01-05 02:56:00,2.0,login,,,,1,Suspicious login hour
DTAA/CRC0996,PC-4482,2010-01-05 03:00:00,3.0,login,,,,1,Suspicious login hour
DTAA/KEE0997,PC-4427,2010-01-05 03:07:00,3.0,login,,,,1,Suspicious login hour
DTAA/JCS0873,PC-1560,2010-01-05 03:23:00,3.0,login,,,,1,Suspicious login hour
DTAA/EMR0242,PC-1306,2010-01-05 03:27:00,3.0,login,,,,1,Suspicious login hour
DTAA/CRC0996,PC-4482,2010-01-05 03:32:00,3.0,login,,,,1,Suspicious login hour
DTAA/ARS0993,PC-4773,2010-01-05 03:35:00,3.0,login,,,,1,Suspicious login hour
DTAA/AMA0191,PC-4736,2010-01-05 03:37:00,3.0,login,,,,1,Suspicious login hour
DTAA/CGM0994,PC-1972,2010-01-05 03:38:00,3.0,login,,,,1,Suspicious login hour
DTAA/JHD0512,PC-2683,2010-01-05 03:41:00,3.0,login,,,,1,Suspicious login hour
DTAA/KEE0997,PC-4427,2010-01-05 03:44:00,3.0,login,,,,1,Suspicious login hour
DTAA/DSM0990,PC-1857,2010-01-05 03:53:00,3.0,login,,,,1,Suspicious login hour
DTAA/CGM0994,PC-1972,2010-01-05 03:59:00,3.0,login,,,,1,Suspicious login hour
DTAA/JCS0873,PC-1560,2010-01-05 04:01:00,4.0,login,,,,1,Suspicious login hour
DTAA/BFO0974,PC-2099,2010-01-05 04:01:00,4.0,login,,,,1,Suspicious login hour
DTAA/RBC0879,PC-1261,2010-01-05 04:06:00,4.0,login,,,,1,Suspicious login hour
DTAA/KEE0997,PC-3087,2010-01-05 04:07:00,4.0,login,,,,1,Suspicious login hour
DTAA/RBC0879,PC-1261,2010-01-05 04:18:00,4.0,login,,,,1,Suspicious login hour
DTAA/TPC0102,PC-1945,2010-01-05 04:18:00,4.0,login,,,,1,Suspicious login hour
DTAA/JCC0998,PC-2855,2010-01-05 04:23:00,4.0,login,,,,1,Suspicious login hour
DTAA/KEE0997,PC-2005,2010-01-05 04:30:00,4.0,login,,,,1,Suspicious login hour
DTAA/CTH0082,PC-4582,2010-01-05 04:33:00,4.0,login,,,,1,Suspicious login hour
DTAA/DSM0990,PC-1857,2010-01-05 04:34:00,4.0,login,,,,1,Suspicious login hour
DTAA/JCC0998,PC-2855,2010-01-05 04:44:00,4.0,login,,,,1,Suspicious login hour
DTAA/KEE0997,PC-3087,2010-01-05 04:46:00,4.0,login,,,,1,Suspicious login hour
DTAA/KEE0997,PC-2005,2010-01-05 04:50:00,4.0,login,,,,1,Suspicious login hour
DTAA/CRC0996,PC-0820,2010-01-05 04:54:00,4.0,login,,,,1,Suspicious login hour
DTAA/AMA0191,PC-4736,2010-01-05 04:59:00,4.0,login,,,,1,Suspicious login hour
DTAA/ELD1000,PC-1917,2010-01-05 05:01:00,5.0,login,,,,1,Suspicious login hour
DTAA/CHA0174,PC-2751,2010-01-05 05:04:00,5.0,login,,,,1,Suspicious login hour
DTAA/CRC0996,PC-0820,2010-01-05 05:19:00,5.0,login,,,,1,Suspicious login hour
DTAA/JHD0512,PC-2683,2010-01-05 05:20:00,5.0,login,,,,1,Suspicious login hour
DTAA/ELD1000,PC-1917,2010-01-05 05:26:00,5.0,login,,,,1,Suspicious login hour
DTAA/EMR0242,PC-1306,2010-01-05 05:45:00,5.0,login,,,,1,Suspicious login hour
DTAA/ARC0677,PC-0465,2010-01-05 21:06:00,21.0,login,,,,1,Suspicious login hour
DTAA/ODW0839,PC-1940,2010-01-05 21:08:00,21.0,login,,,,1,Suspicious login hour
DTAA/KEE0997,PC-0500,2010-01-05 21:09:00,21.0,login,,,,1,Suspicious login hour
DTAA/CRC0996,PC-3782,2010-01-05 21:10:00,21.0,login,,,,1,Suspicious login hour
DTAA/CRC0996,PC-3782,2010-01-05 21:14:00,21.0,login,,,,1,Suspicious login hour
DTAA/VAH0262,PC-1398,2010-01-05 21:15:00,21.0,login,,,,1,Suspicious login hour
DTAA/SKL0881,PC-1581,2010-01-05 21:22:00,21.0,login,,,,1,Suspicious login hour
DTAA/NAT0252,PC-1796,2010-01-05 21:24:00,21.0,login,,,,1,Suspicious login hour
DTAA/NDS0490,PC-2549,2010-01-05 21:36:00,21.0,login,,,,1,Suspicious login hour
DTAA/ARS0993,PC-1776,2010-01-05 21:46:00,21.0,login,,,,1,Suspicious login hour
DTAA/KEE0997,PC-0500,2010-01-05 21:53:00,21.0,login,,,,1,Suspicious login hour
DTAA/ARS0993,PC-1776,2010-01-05 21:53:00,21.0,login,,,,1,Suspicious login hour
DTAA/JTT0989,PC-2108,2010-01-05 21:54:00,21.0,login,,,,1,Suspicious login hour
DTAA/JCC0998,PC-4270,2010-01-05 21:56:00,21.0,login,,,,1,Suspicious login hour
DTAA/CRC0996,PC-0220,2010-01-05 21:58:00,21.0,login,,,,1,Suspicious login hour
DTAA/JTT0989,PC-2108,2010-01-05 22:01:00,22.0,login,,,,1,Suspicious login hour
DTAA/CLN0999,PC-3668,2010-01-05 22:02:00,22.0,login,,,,1,Suspicious login hour
DTAA/CLN0999,PC-3668,2010-01-05 22:11:00,22.0,login,,,,1,Suspicious login hour
DTAA/JCC0998,PC-4270,2010-01-05 22:12:00,22.0,login,,,,1,Suspicious login hour
DTAA/ASO0023,PC-3990,2010-01-05 22:19:00,22.0,login,,,,1,Suspicious login hour
DTAA/CRC0996,PC-0220,2010-01-05 22:31:00,22.0,login,,,,1,Suspicious login hour
DTAA/ARS0993,PC-2396,2010-01-05 22:42:00,22.0,login,,,,1,Suspicious login hour
DTAA/ARS0993,PC-2396,2010-01-05 23:05:00,23.0,login,,,,1,Suspicious login hour
DTAA/CGM0994,PC-1089,2010-01-05 23:06:00,23.0,login,,,,1,Suspicious login hour
DTAA/CDZ0056,PC-4052,2010-01-05 23:14:00,23.0,login,,,,1,Suspicious login hour
DTAA/LJR0772,PC-3780,2010-01-05 23:23:00,23.0,login,,,,1,Suspicious login hour
DTAA/IRC0991,PC-2030,2010-01-05 23:31:00,23.0,login,,,,1,Suspicious login hour
DTAA/IRC0991,PC-2030,2010-01-05 23:36:00,23.0,login,,,,1,Suspicious login hour
DTAA/CGM0994,PC-1089,2010-01-05 23:41:00,23.0,login,,,,1,Suspicious login hour
DTAA/LJR0772,PC-3780,2010-01-05 23:42:00,23.0,login,,,,1,Suspicious login hour
DTAA/HTS0265,PC-1744,2010-01-05 23:55:00,23.0,login,,,,1,Suspicious login hour
DTAA/CWG0305,PC-1107,2010-01-06 00:23:00,0.0,login,,,,1,Suspicious login hour
DTAA/ASO0023,PC-3990,2010-01-06 00:59:00,0.0,login,,,,1,Suspicious login hour
DTAA/ELD1000,PC-0282,2010-01-06 01:01:00,1.0,login,,,,1,Suspicious login hour
DTAA/DSM0990,PC-3599,2010-01-06 01:03:00,1.0,login,,,,1,Suspicious login hour
DTAA/CGM0994,PC-3946,2010-01-06 01:03:00,1.0,login,,,,1,Suspicious login hour
DTAA/CGM0994,PC-4683,2010-01-06 01:09:00,1.0,login,,,,1,Suspicious login hour
DTAA/CLB0995,PC-0300,2010-01-06 01:15:00,1.0,login,,,,1,Suspicious login hour
DTAA/CLB0995,PC-0300,2010-01-06 01:17:00,1.0,login,,,,1,Suspicious login hour
DTAA/DSM0990,PC-3599,2010-01-06 01:20:00,1.0,login,,,,1,Suspicious login hour
DTAA/CGM0994,PC-3946,2010-01-06 01:28:00,1.0,login,,,,1,Suspicious login hour
DTAA/CGM0994,PC-4683,2010-01-06 01:33:00,1.0,login,,,,1,Suspicious login hour
DTAA/ELD1000,PC-0282,2010-01-06 01:33:00,1.0,login,,,,1,Suspicious login hour
DTAA/ELD1000,PC-4296,2010-01-06 01:36:00,1.0,login,,,,1,Suspicious login hour
DTAA/ELD1000,PC-4296,2010-01-06 02:12:00,2.0,login,,,,1,Suspicious login hour
DTAA/JTT0989,PC-4225,2010-01-06 02:45:00,2.0,login,,,,1,Suspicious login hour
DTAA/BJM0992,PC-1306,2010-01-06 03:13:00,3.0,login,,,,1,Suspicious login hour
DTAA/HTS0265,PC-1744,2010-01-06 03:23:00,3.0,login,,,,1,Suspicious login hour
DTAA/CWG0305,PC-1107,2010-01-06 03:24:00,3.0,login,,,,1,Suspicious login hour
DTAA/SRN0275,PC-3531,2010-01-06 03:27:00,3.0,login,,,,1,Suspicious login hour
DTAA/JTT0989,PC-4225,2010-01-06 03:28:00,3.0,login,,,,1,Suspicious login hour
DTAA/BJM0992,PC-1506,2010-01-06 03:32:00,3.0,login,,,,1,Suspicious login hour
DTAA/KEE0997,PC-0807,2010-01-06 03:49:00,3.0,login,,,,1,Suspicious login hour
DTAA/BJM0992,PC-1506,2010-01-06 03:52:00,3.0,login,,,,1,Suspicious login hour
DTAA/BJM0992,PC-1306,2010-01-06 03:55:00,3.0,login,,,,1,Suspicious login hour
DTAA/JTT0989,PC-3591,2010-01-06 04:06:00,4.0,login,,,,1,Suspicious login hour
DTAA/JTT0989,PC-3591,2010-01-06 04:09:00,4.0,login,,,,1,Suspicious login hour
DTAA/HNS0858,PC-3790,2010-01-06 04:12:00,4.0,login,,,,1,Suspicious login hour
DTAA/CLB0995,PC-4736,2010-01-06 04:17:00,4.0,login,,,,1,Suspicious login hour
DTAA/KEE0997,PC-0807,2010-01-06 04:31:00,4.0,login,,,,1,Suspicious login hour
DTAA/CLB0995,PC-4736,2010-01-06 04:59:00,4.0,login,,,,1,Suspicious login hour
DTAA/JMM0759,PC-3490,2010-01-06 05:04:00,5.0,login,,,,1,Suspicious login hour
DTAA/ZAB0889,PC-2844,2010-01-06 05:04:00,5.0,login,,,,1,Suspicious login hour
DTAA/VNM0127,PC-3456,2010-01-06 05:21:00,5.0,login,,,,1,Suspicious login hour
DTAA/DSM0990,PC-2198,2010-01-06 05:24:00,5.0,login,,,,1,Suspicious login hour
DTAA/SRN0275,PC-3531,2010-01-06 05:26:00,5.0,login,,,,1,Suspicious login hour
DTAA/ELD1000,PC-0777,2010-01-06 05:35:00,5.0,login,,,,1,Suspicious login hour
DTAA/DSM0990,PC-2198,2010-01-06 05:42:00,5.0,login,,,,1,Suspicious login hour
DTAA/CTF0687,PC-2959,2010-01-06 05:43:00,5.0,login,,,,1,Suspicious login hour
DTAA/JCC0998,PC-3185,2010-01-06 05:48:00,5.0,login,,,,1,Suspicious login hour
DTAA/BJM0992,PC-3726,2010-01-06 05:51:00,5.0,login,,,,1,Suspicious login hour
DTAA/ELD1000,PC-0777,2010-01-06 05:52:00,5.0,login,,,,1,Suspicious login hour
DTAA/ARC0677,PC-0465,2010-01-06 21:00:00,21.0,login,,,,1,Suspicious login hour
DTAA/ODW0839,PC-1940,2010-01-06 21:06:00,21.0,login,,,,1,Suspicious login hour
DTAA/JTT0989,PC-0425,2010-01-06 21:10:00,21.0,login,,,,1,Suspicious login hour
DTAA/NAT0252,PC-1796,2010-01-06 21:17:00,21.0,login,,,,1,Suspicious login hour
DTAA/VAH0262,PC-1398,2010-01-06 21:22:00,21.0,login,,,,1,Suspicious login hour
DTAA/SKL0881,PC-1581,2010-01-06 21:24:00,21.0,login,,,,1,Suspicious login hour
DTAA/NDS0490,PC-2549,2010-01-06 21:29:00,21.0,login,,,,1,Suspicious login hour
DTAA/GYT0279,PC-2791,2010-01-06 21:36:00,21.0,login,,,,1,Suspicious login hour
DTAA/BJM0992,PC-2710,2010-01-06 21:40:00,21.0,login,,,,1,Suspicious login hour
DTAA/EOS0972,PC-4981,2010-01-06 21:42:00,21.0,login,,,,1,Suspicious login hour
DTAA/JTT0989,PC-0425,2010-01-06 21:51:00,21.0,login,,,,1,Suspicious login hour
DTAA/CLN0999,PC-0411,2010-01-06 21:51:00,21.0,login,,,,1,Suspicious login hour
DTAA/CLN0999,PC-0411,2010-01-06 21:55:00,21.0,login,,,,1,Suspicious login hour
DTAA/BTW0973,PC-4462,2010-01-06 22:01:00,22.0,login,,,,1,Suspicious login hour
DTAA/ELD1000,PC-2735,2010-01-06 22:01:00,22.0,login,,,,1,Suspicious login hour
DTAA/ELD1000,PC-2735,2010-01-06 22:07:00,22.0,login,,,,1,Suspicious login hour
DTAA/BJM0992,PC-2710,2010-01-06 22:14:00,22.0,login,,,,1,Suspicious login hour
DTAA/BJM0992,PC-0553,2010-01-06 22:21:00,22.0,login,,,,1,Suspicious login hour
DTAA/ELD1000,PC-2437,2010-01-06 22:23:00,22.0,login,,,,1,Suspicious login hour
DTAA/ARS0993,PC-3137,2010-01-06 22:26:00,22.0,login,,,,1,Suspicious login hour
DTAA/NHH0566,PC-1651,2010-01-06 22:49:00,22.0,login,,,,1,Suspicious login hour
DTAA/CLB0995,PC-3339,2010-01-06 22:56:00,22.0,login,,,,1,Suspicious login hour
DTAA/ARS0993,PC-3137,2010-01-06 22:57:00,22.0,login,,,,1,Suspicious login hour
DTAA/BJM0992,PC-0553,2010-01-06 23:00:00,23.0,login,,,,1,Suspicious login hour
DTAA/CLB0995,PC-3339,2010-01-06 23:02:00,23.0,login,,,,1,Suspicious login hour
DTAA/ELD1000,PC-2437,2010-01-06 23:04:00,23.0,login,,,,1,Suspicious login hour
DTAA/CLN0999,PC-0313,2010-01-06 23:04:00,23.0,login,,,,1,Suspicious login hour
DTAA/CRC0996,PC-0690,2010-01-06 23:06:00,23.0,login,,,,1,Suspicious login hour
DTAA/CRC0996,PC-0690,2010-01-06 23:09:00,23.0,login,,,,1,Suspicious login hour
DTAA/CLN0999,PC-0313,2010-01-06 23:15:00,23.0,login,,,,1,Suspicious login hour
DTAA/KEE0997,PC-2979,2010-01-06 23:24:00,23.0,login,,,,1,Suspicious login hour
DTAA/CRC0996,PC-0304,2010-01-06 23:29:00,23.0,login,,,,1,Suspicious login hour
DTAA/BJM0992,PC-3766,2010-01-06 23:36:00,23.0,login,,,,1,Suspicious login hour
DTAA/BJM0992,PC-3766,2010-01-06 23:50:00,23.0,login,,,,1,Suspicious login hour
DTAA/KEE0997,PC-2979,2010-01-07 00:00:00,0.0,login,,,,1,Suspicious login hour
DTAA/CLN0999,PC-2462,2010-01-07 00:02:00,0.0,login,,,,1,Suspicious login hour
DTAA/KAD0059,PC-4031,2010-01-07 00:08:00,0.0,login,,,,1,Suspicious login hour
DTAA/CLB0995,PC-4863,2010-01-07 00:08:00,0.0,login,,,,1,Suspicious login hour
DTAA/CRC0996,PC-0304,2010-01-07 00:11:00,0.0,login,,,,1,Suspicious login hour
DTAA/CLN0999,PC-2462,2010-01-07 00:26:00,0.0,login,,,,1,Suspicious login hour
DTAA/BJM0992,PC-1033,2010-01-07 00:33:00,0.0,login,,,,1,Suspicious login hour
DTAA/CLB0995,PC-4863,2010-01-07 00:38:00,0.0,login,,,,1,Suspicious login hour
DTAA/BJM0992,PC-1033,2010-01-07 00:59:00,0.0,login,,,,1,Suspicious login hour
DTAA/CRC0996,PC-0633,2010-01-07 01:30:00,1.0,login,,,,1,Suspicious login hour
DTAA/CRC0996,PC-0633,2010-01-07 01:33:00,1.0,login,,,,1,Suspicious login hour
DTAA/JCC0998,PC-0666,2010-01-07 01:41:00,1.0,login,,,,1,Suspicious login hour
DTAA/BJM0992,PC-4873,2010-01-07 01:42:00,1.0,login,,,,1,Suspicious login hour
DTAA/KAD0059,PC-4031,2010-01-07 02:18:00,2.0,login,,,,1,Suspicious login hour
DTAA/ELD1000,PC-2160,2010-01-07 02:21:00,2.0,login,,,,1,Suspicious login hour
DTAA/CGM0994,PC-1808,2010-01-07 02:21:00,2.0,login,,,,1,Suspicious login hour
DTAA/JCC0998,PC-4881,2010-01-07 02:21:00,2.0,login,,,,1,Suspicious login hour
DTAA/NDM0893,PC-0322,2010-01-07 02:23:00,2.0,login,,,,1,Suspicious login hour
DTAA/JCC0998,PC-0666,2010-01-07 02:25:00,2.0,login,,,,1,Suspicious login hour
DTAA/BJM0992,PC-4873,2010-01-07 02:25:00,2.0,login,,,,1,Suspicious login hour
DTAA/JCC0998,PC-4881,2010-01-07 02:34:00,2.0,login,,,,1,Suspicious login hour
DTAA/CGM0994,PC-2843,2010-01-07 02:37:00,2.0,login,,,,1,Suspicious login hour
DTAA/ELD1000,PC-2160,2010-01-07 02:43:00,2.0,login,,,,1,Suspicious login hour
DTAA/CGM0994,PC-1808,2010-01-07 02:56:00,2.0,login,,,,1,Suspicious login hour
DTAA/ELD1000,PC-2876,2010-01-07 03:04:00,3.0,login,,,,1,Suspicious login hour
DTAA/CGM0994,PC-2843,2010-01-07 03:07:00,3.0,login,,,,1,Suspicious login hour
DTAA/CLB0995,PC-0577,2010-01-07 03:20:00,3.0,login,,,,1,Suspicious login hour
DTAA/JTT0989,PC-3885,2010-01-07 03:26:00,3.0,login,,,,1,Suspicious login hour
DTAA/ELD1000,PC-1382,2010-01-07 03:31:00,3.0,login,,,,1,Suspicious login hour
DTAA/ELD1000,PC-1382,2010-01-07 03:37:00,3.0,login,,,,1,Suspicious login hour
DTAA/CLB0995,PC-0577,2010-01-07 03:37:00,3.0,login,,,,1,Suspicious login hour
DTAA/JTT0989,PC-3885,2010-01-07 03:41:00,3.0,login,,,,1,Suspicious login hour
DTAA/ELD1000,PC-2876,2010-01-07 03:43:00,3.0,login,,,,1,Suspicious login hour
DTAA/IRC0991,PC-2534,2010-01-07 03:47:00,3.0,login,,,,1,Suspicious login hour
DTAA/BJM0992,PC-1848,2010-01-07 03:59:00,3.0,login,,,,1,Suspicious login hour
DTAA/BJM0992,PC-1848,2010-01-07 04:01:00,4.0,login,,,,1,Suspicious login hour
DTAA/CGM0994,PC-3212,2010-01-07 04:02:00,4.0,login,,,,1,Suspicious login hour
DTAA/CRC0996,PC-2088,2010-01-07 04:03:00,4.0,login,,,,1,Suspicious login hour
DTAA/IRC0991,PC-2534,2010-01-07 04:11:00,4.0,login,,,,1,Suspicious login hour
DTAA/NHH0566,PC-1651,2010-01-07 04:13:00,4.0,login,,,,1,Suspicious login hour
DTAA/CGM0994,PC-3212,2010-01-07 04:14:00,4.0,login,,,,1,Suspicious login hour
DTAA/BTW0973,PC-4462,2010-01-07 04:43:00,4.0,login,,,,1,Suspicious login hour
DTAA/CRC0996,PC-2088,2010-01-07 04:46:00,4.0,login,,,,1,Suspicious login hour
DTAA/IRC0991,PC-2784,2010-01-07 04:51:00,4.0,login,,,,1,Suspicious login hour
DTAA/IRC0991,PC-2784,2010-01-07 05:01:00,5.0,login,,,,1,Suspicious login hour
DTAA/PCM0846,PC-1898,2010-01-07 05:17:00,5.0,login,,,,1,Suspicious login hour
DTAA/KEE0997,PC-2173,2010-01-07 05:29:00,5.0,login,,,,1,Suspicious login hour
DTAA/CRC0996,PC-3174,2010-01-07 05:49:00,5.0,login,,,,1,Suspicious login hour
DTAA/CGM0994,PC-0942,2010-01-07 21:00:00,21.0,login,,,,1,Suspicious login hour
DTAA/ODW0839,PC-1940,2010-01-07 21:01:00,21.0,login,,,,1,Suspicious login hour
DTAA/BJM0992,PC-0290,2010-01-07 21:02:00,21.0,login,,,,1,Suspicious login hour
DTAA/KEE0997,PC-1803,2010-01-07 21:04:00,21.0,login,,,,1,Suspicious login hour
DTAA/ARC0677,PC-0465,2010-01-07 21:06:00,21.0,login,,,,1,Suspicious login hour
DTAA/ARS0993,PC-1822,2010-01-07 21:09:00,21.0,login,,,,1,Suspicious login hour
DTAA/NAT0252,PC-1796,2010-01-07 21:15:00,21.0,login,,,,1,Suspicious login hour
DTAA/SKL0881,PC-1581,2010-01-07 21:23:00,21.0,login,,,,1,Suspicious login hour
DTAA/VAH0262,PC-1398,2010-01-07 21:24:00,21.0,login,,,,1,Suspicious login hour
DTAA/ELD1000,PC-1431,2010-01-07 21:25:00,21.0,login,,,,1,Suspicious login hour
DTAA/ARS0993,PC-1822,2010-01-07 21:29:00,21.0,login,,,,1,Suspicious login hour
DTAA/NDS0490,PC-2549,2010-01-07 21:39:00,21.0,login,,,,1,Suspicious login hour
DTAA/ELD1000,PC-1431,2010-01-07 21:45:00,21.0,login,,,,1,Suspicious login hour
DTAA/KEE0997,PC-1803,2010-01-07 21:47:00,21.0,login,,,,1,Suspicious login hour
DTAA/COS0121,PC-0462,2010-01-07 22:30:00,22.0,login,,,,1,Suspicious login hour
DTAA/CGM0994,PC-1229,2010-01-07 22:43:00,22.0,login,,,,1,Suspicious login hour
DTAA/STF0145,PC-0191,2010-01-07 22:51:00,22.0,login,,,,1,Suspicious login hour
DTAA/CGM0994,PC-1229,2010-01-07 22:52:00,22.0,login,,,,1,Suspicious login hour
DTAA/CLN0999,PC-0508,2010-01-07 22:58:00,22.0,login,,,,1,Suspicious login hour
DTAA/CLN0999,PC-0508,2010-01-07 23:25:00,23.0,login,,,,1,Suspicious login hour
DTAA/SJH0588,PC-2512,2010-01-07 23:35:00,23.0,login,,,,1,Suspicious login hour
DTAA/CRC0996,PC-0845,2010-01-07 23:39:00,23.0,login,,,,1,Suspicious login hour
DTAA/CGM0994,PC-3412,2010-01-07 23:47:00,23.0,login,,,,1,Suspicious login hour
DTAA/CGM0994,PC-3412,2010-01-07 23:49:00,23.0,login,,,,1,Suspicious login hour
DTAA/CRC0996,PC-0989,2010-01-08 00:16:00,0.0,login,,,,1,Suspicious login hour
DTAA/CRC0996,PC-0845,2010-01-08 00:23:00,0.0,login,,,,1,Suspicious login hour
DTAA/WOT0549,PC-0304,2010-01-08 00:26:00,0.0,login,,,,1,Suspicious login hour
DTAA/CRC0996,PC-0989,2010-01-08 00:51:00,0.0,login,,,,1,Suspicious login hour
DTAA/JTT0989,PC-3081,2010-01-08 00:59:00,0.0,login,,,,1,Suspicious login hour
DTAA/IRC0991,PC-3459,2010-01-08 01:25:00,1.0,login,,,,1,Suspicious login hour
DTAA/IRC0991,PC-3459,2010-01-08 01:27:00,1.0,login,,,,1,Suspicious login hour
DTAA/JTT0989,PC-3081,2010-01-08 01:39:00,1.0,login,,,,1,Suspicious login hour
DTAA/MCH0530,PC-4577,2010-01-08 01:50:00,1.0,login,,,,1,Suspicious login hour
DTAA/BJM0992,PC-4625,2010-01-08 01:51:00,1.0,login,,,,1,Suspicious login hour
DTAA/BJM0992,PC-4625,2010-01-08 01:53:00,1.0,login,,,,1,Suspicious login hour
DTAA/SJH0588,PC-2512,2010-01-08 01:58:00,1.0,login,,,,1,Suspicious login hour
DTAA/DIS0382,PC-2501,2010-01-08 02:09:00,2.0,login,,,,1,Suspicious login hour
DTAA/CLN0999,PC-4563,2010-01-08 02:13:00,2.0,login,,,,1,Suspicious login hour
DTAA/CLN0999,PC-4563,2010-01-08 02:14:00,2.0,login,,,,1,Suspicious login hour
DTAA/HCG0731,PC-4643,2010-01-08 02:35:00,2.0,login,,,,1,Suspicious login hour
DTAA/JCC0998,PC-3221,2010-01-08 03:00:00,3.0,login,,,,1,Suspicious login hour
DTAA/RLC0442,PC-1467,2010-01-08 03:25:00,3.0,login,,,,1,Suspicious login hour
DTAA/JCC0998,PC-3221,2010-01-08 03:39:00,3.0,login,,,,1,Suspicious login hour
DTAA/WOT0549,PC-0304,2010-01-08 03:54:00,3.0,login,,,,1,Suspicious login hour
DTAA/BJM0992,PC-0903,2010-01-08 03:55:00,3.0,login,,,,1,Suspicious login hour
DTAA/BJM0992,PC-0903,2010-01-08 04:15:00,4.0,login,,,,1,Suspicious login hour
DTAA/JCC0998,PC-0452,2010-01-08 04:55:00,4.0,login,,,,1,Suspicious login hour
DTAA/JCC0998,PC-0452,2010-01-08 05:04:00,5.0,login,,,,1,Suspicious login hour
DTAA/AFO0022,PC-2218,2010-01-08 05:15:00,5.0,login,,,,1,Suspicious login hour
DTAA/AFO0022,PC-2218,2010-01-08 05:22:00,5.0,login,,,,1,Suspicious login hour
DTAA/DIS0382,PC-2501,2010-01-08 05:25:00,5.0,login,,,,1,Suspicious login hour
DTAA/STF0145,PC-0191,2010-01-08 05:34:00,5.0,login,,,,1,Suspicious login hour
DTAA/ELD1000,PC-3993,2010-01-08 05:48:00,5.0,login,,,,1,Suspicious login hour
DTAA/ELD1000,PC-1189,2010-01-08 21:00:00,21.0,login,,,,1,Suspicious login hour
DTAA/ODW0839,PC-1940,2010-01-08 21:01:00,21.0,login,,,,1,Suspicious login hour
DTAA/ARC0677,PC-0465,2010-01-08 21:09:00,21.0,login,,,,1,Suspicious login hour
DTAA/NAT0252,PC-1796,2010-01-08 21:13:00,21.0,login,,,,1,Suspicious login hour
DTAA/VAH0262,PC-1398,2010-01-08 21:15:00,21.0,login,,,,1,Suspicious login hour
DTAA/SKL0881,PC-1581,2010-01-08 21:23:00,21.0,login,,,,1,Suspicious login hour
DTAA/JTT0989,PC-0434,2010-01-08 21:23:00,21.0,login,,,,1,Suspicious login hour
DTAA/ELD1000,PC-1189,2010-01-08 21:30:00,21.0,login,,,,1,Suspicious login hour
DTAA/NDS0490,PC-2549,2010-01-08 21:32:00,21.0,login,,,,1,Suspicious login hour
DTAA/ARS0993,PC-2665,2010-01-08 21:38:00,21.0,login,,,,1,Suspicious login hour
DTAA/ARS0993,PC-4962,2010-01-08 21:48:00,21.0,login,,,,1,Suspicious login hour
DTAA/ARS0993,PC-2665,2010-01-08 22:04:00,22.0,login,,,,1,Suspicious login hour
DTAA/JTT0989,PC-4423,2010-01-08 22:07:00,22.0,login,,,,1,Suspicious login hour
DTAA/CLB0995,PC-3754,2010-01-08 22:07:00,22.0,login,,,,1,Suspicious login hour
DTAA/RBC0879,PC-1261,2010-01-08 22:09:00,22.0,login,,,,1,Suspicious login hour
DTAA/JTT0989,PC-3391,2010-01-08 22:12:00,22.0,login,,,,1,Suspicious login hour
DTAA/CLB0995,PC-3754,2010-01-08 22:13:00,22.0,login,,,,1,Suspicious login hour
DTAA/ARS0993,PC-4962,2010-01-08 22:19:00,22.0,login,,,,1,Suspicious login hour
DTAA/JTT0989,PC-4423,2010-01-08 22:36:00,22.0,login,,,,1,Suspicious login hour
DTAA/CLB0995,PC-3910,2010-01-08 22:45:00,22.0,login,,,,1,Suspicious login hour
DTAA/CLB0995,PC-3910,2010-01-08 22:48:00,22.0,login,,,,1,Suspicious login hour
DTAA/JTT0989,PC-3391,2010-01-08 22:57:00,22.0,login,,,,1,Suspicious login hour
DTAA/CGM0994,PC-3747,2010-01-08 23:08:00,23.0,login,,,,1,Suspicious login hour
DTAA/BIR0534,PC-1834,2010-01-08 23:16:00,23.0,login,,,,1,Suspicious login hour
DTAA/AJC0399,PC-1746,2010-01-08 23:21:00,23.0,login,,,,1,Suspicious login hour
DTAA/CLB0995,PC-0201,2010-01-08 23:27:00,23.0,login,,,,1,Suspicious login hour
DTAA/CGM0994,PC-3747,2010-01-08 23:44:00,23.0,login,,,,1,Suspicious login hour
DTAA/CLB0995,PC-0201,2010-01-09 00:03:00,0.0,login,,,,1,Suspicious login hour
DTAA/JCS0873,PC-1560,2010-01-09 00:25:00,0.0,login,,,,1,Suspicious login hour
DTAA/EMR0242,PC-1306,2010-01-09 00:51:00,0.0,login,,,,1,Suspicious login hour
DTAA/MSV0506,PC-3240,2010-01-09 01:10:00,1.0,login,,,,1,Suspicious login hour
DTAA/TKH0211,PC-0719,2010-01-09 01:17:00,1.0,login,,,,1,Suspicious login hour
DTAA/AJA0220,PC-3872,2010-01-09 01:22:00,1.0,login,,,,1,Suspicious login hour
DTAA/JLL0301,PC-0807,2010-01-09 01:38:00,1.0,login,,,,1,Suspicious login hour
DTAA/AJA0220,PC-3872,2010-01-09 02:17:00,2.0,login,,,,1,Suspicious login hour
DTAA/AJC0399,PC-1746,2010-01-09 02:40:00,2.0,login,,,,1,Suspicious login hour
DTAA/NHL0253,PC-3339,2010-01-09 02:44:00,2.0,login,,,,1,Suspicious login hour
DTAA/PJL0320,PC-1233,2010-01-09 03:08:00,3.0,login,,,,1,Suspicious login hour
DTAA/JLL0301,PC-0807,2010-01-09 03:33:00,3.0,login,,,,1,Suspicious login hour
DTAA/RBC0879,PC-1261,2010-01-09 04:02:00,4.0,login,,,,1,Suspicious login hour
DTAA/MSV0506,PC-3240,2010-01-09 04:13:00,4.0,login,,,,1,Suspicious login hour
DTAA/DSH0627,PC-2474,2010-01-09 05:01:00,5.0,login,,,,1,Suspicious login hour
DTAA/PUH0847,PC-2550,2010-01-09 05:01:00,5.0,login,,,,1,Suspicious login hour
DTAA/BIR0534,PC-1834,2010-01-09 05:03:00,5.0,login,,,,1,Suspicious login hour
DTAA/PUH0847,PC-2550,2010-01-09 05:29:00,5.0,login,,,,1,Suspicious login hour
DTAA/TKH0211,PC-0719,2010-01-09 05:35:00,5.0,login,,,,1,Suspicious login hour
DTAA/DSH0627,PC-2474,2010-01-09 05:50:00,5.0,login,,,,1,Suspicious login hour
DTAA/CRC0996,PC-3780,2010-01-11 00:05:00,0.0,login,,,,1,Suspicious login hour
DTAA/ARS0993,PC-3109,2010-01-11 00:36:00,0.0,login,,,,1,Suspicious login hour
DTAA/CLB0995,PC-3457,2010-01-11 00:43:00,0.0,login,,,,1,Suspicious login hour
DTAA/JCC0998,PC-2771,2010-01-11 00:45:00,0.0,login,,,,1,Suspicious login hour
DTAA/ARS0993,PC-0655,2010-01-11 00:47:00,0.0,login,,,,1,Suspicious login hour
DTAA/CRC0996,PC-3780,2010-01-11 00:49:00,0.0,login,,,,1,Suspicious login hour
DTAA/ARS0993,PC-3109,2010-01-11 00:51:00,0.0,login,,,,1,Suspicious login hour
DTAA/KEE0997,PC-0719,2010-01-11 01:09:00,1.0,login,,,,1,Suspicious login hour
DTAA/CLB0995,PC-3457,2010-01-11 01:10:00,1.0,login,,,,1,Suspicious login hour
DTAA/IRC0991,PC-1183,2010-01-11 01:11:00,1.0,login,,,,1,Suspicious login hour
DTAA/JCC0998,PC-2771,2010-01-11 01:19:00,1.0,login,,,,1,Suspicious login hour
DTAA/ARS0993,PC-0530,2010-01-11 01:22:00,1.0,login,,,,1,Suspicious login hour
DTAA/ARS0993,PC-0655,2010-01-11 01:30:00,1.0,login,,,,1,Suspicious login hour
DTAA/IRC0991,PC-1183,2010-01-11 01:35:00,1.0,login,,,,1,Suspicious login hour
DTAA/KEE0997,PC-0719,2010-01-11 01:45:00,1.0,login,,,,1,Suspicious login hour
DTAA/ARS0993,PC-0530,2010-01-11 01:47:00,1.0,login,,,,1,Suspicious login hour
DTAA/ELD1000,PC-4853,2010-01-11 02:24:00,2.0,login,,,,1,Suspicious login hour
DTAA/ELD1000,PC-4853,2010-01-11 02:40:00,2.0,login,,,,1,Suspicious login hour
DTAA/DSM0990,PC-2134,2010-01-11 03:11:00,3.0,login,,,,1,Suspicious login hour
DTAA/IRC0991,PC-1569,2010-01-11 03:19:00,3.0,login,,,,1,Suspicious login hour
DTAA/DSM0990,PC-2134,2010-01-11 03:22:00,3.0,login,,,,1,Suspicious login hour
DTAA/ARS0993,PC-2809,2010-01-11 03:52:00,3.0,login,,,,1,Suspicious login hour
DTAA/IRC0991,PC-1569,2010-01-11 03:52:00,3.0,login,,,,1,Suspicious login hour
DTAA/ARS0993,PC-2809,2010-01-11 03:59:00,3.0,login,,,,1,Suspicious login hour
DTAA/IRC0991,PC-2678,2010-01-11 05:12:00,5.0,login,,,,1,Suspicious login hour
DTAA/JCC0998,PC-0354,2010-01-11 05:25:00,5.0,login,,,,1,Suspicious login hour
DTAA/ELD1000,PC-1734,2010-01-11 05:37:00,5.0,login,,,,1,Suspicious login hour
DTAA/ELD1000,PC-1734,2010-01-11 05:46:00,5.0,login,,,,1,Suspicious login hour
DTAA/JCC0998,PC-0354,2010-01-11 05:51:00,5.0,login,,,,1,Suspicious login hour
DTAA/IRC0991,PC-2678,2010-01-11 05:54:00,5.0,login,,,,1,Suspicious login hour
DTAA/ARC0677,PC-0465,2010-01-11 21:03:00,21.0,login,,,,1,Suspicious login hour
DTAA/ODW0839,PC-1940,2010-01-11 21:05:00,21.0,login,,,,1,Suspicious login hour
DTAA/VAH0262,PC-1398,2010-01-11 21:15:00,21.0,login,,,,1,Suspicious login hour
DTAA/NAT0252,PC-1796,2010-01-11 21:15:00,21.0,login,,,,1,Suspicious login hour
DTAA/CLN0999,PC-1045,2010-01-11 21:21:00,21.0,login,,,,1,Suspicious login hour
DTAA/SKL0881,PC-1581,2010-01-11 21:23:00,21.0,login,,,,1,Suspicious login hour
DTAA/NDS0490,PC-2549,2010-01-11 21:27:00,21.0,login,,,,1,Suspicious login hour
DTAA/CRC0996,PC-0565,2010-01-11 21:37:00,21.0,login,,,,1,Suspicious login hour
DTAA/CLN0999,PC-1045,2010-01-11 21:46:00,21.0,login,,,,1,Suspicious login hour
DTAA/ASO0023,PC-3990,2010-01-11 22:07:00,22.0,login,,,,1,Suspicious login hour
DTAA/CRC0996,PC-0565,2010-01-11 22:14:00,22.0,login,,,,1,Suspicious login hour
DTAA/CHS0324,PC-3251,2010-01-11 22:20:00,22.0,login,,,,1,Suspicious login hour
DTAA/FKR0550,PC-2469,2010-01-11 22:23:00,22.0,login,,,,1,Suspicious login hour
DTAA/CLB0995,PC-2615,2010-01-11 22:31:00,22.0,login,,,,1,Suspicious login hour
DTAA/CSR0189,PC-3494,2010-01-11 22:37:00,22.0,login,,,,1,Suspicious login hour
DTAA/BAF0379,PC-3645,2010-01-11 22:55:00,22.0,login,,,,1,Suspicious login hour
DTAA/CLB0995,PC-2615,2010-01-11 22:56:00,22.0,login,,,,1,Suspicious login hour
DTAA/CLB0995,PC-4499,2010-01-12 00:00:00,0.0,login,,,,1,Suspicious login hour
DTAA/CLB0995,PC-4093,2010-01-12 00:10:00,0.0,login,,,,1,Suspicious login hour
DTAA/CLB0995,PC-0281,2010-01-12 00:11:00,0.0,login,,,,1,Suspicious login hour
DTAA/CLB0995,PC-4499,2010-01-12 00:12:00,0.0,login,,,,1,Suspicious login hour
DTAA/SAH0192,PC-4079,2010-01-12 00:12:00,0.0,login,,,,1,Suspicious login hour
DTAA/ASO0023,PC-3990,2010-01-12 00:14:00,0.0,login,,,,1,Suspicious login hour
DTAA/JTT0989,PC-4673,2010-01-12 00:31:00,0.0,login,,,,1,Suspicious login hour
DTAA/ARS0993,PC-3494,2010-01-12 00:31:00,0.0,login,,,,1,Suspicious login hour
DTAA/IRC0991,PC-1217,2010-01-12 00:37:00,0.0,login,,,,1,Suspicious login hour
DTAA/CGM0994,PC-0376,2010-01-12 00:46:00,0.0,login,,,,1,Suspicious login hour
DTAA/JTT0989,PC-4673,2010-01-12 00:46:00,0.0,login,,,,1,Suspicious login hour
DTAA/CLB0995,PC-4093,2010-01-12 00:49:00,0.0,login,,,,1,Suspicious login hour
DTAA/CLB0995,PC-0281,2010-01-12 00:50:00,0.0,login,,,,1,Suspicious login hour
DTAA/BJM0992,PC-1751,2010-01-12 00:53:00,0.0,login,,,,1,Suspicious login hour
DTAA/CGM0994,PC-0376,2010-01-12 00:58:00,0.0,login,,,,1,Suspicious login hour
DTAA/CRC0996,PC-3973,2010-01-12 00:58:00,0.0,login,,,,1,Suspicious login hour
DTAA/ARS0993,PC-3494,2010-01-12 01:02:00,1.0,login,,,,1,Suspicious login hour
DTAA/CRC0996,PC-3973,2010-01-12 01:11:00,1.0,login,,,,1,Suspicious login hour
DTAA/KEE0997,PC-0310,2010-01-12 01:21:00,1.0,login,,,,1,Suspicious login hour
DTAA/IRC0991,PC-1217,2010-01-12 01:22:00,1.0,login,,,,1,Suspicious login hour
DTAA/CHS0324,PC-3251,2010-01-12 01:31:00,1.0,login,,,,1,Suspicious login hour
DTAA/BJM0992,PC-1751,2010-01-12 01:36:00,1.0,login,,,,1,Suspicious login hour
DTAA/KEE0997,PC-0310,2010-01-12 02:00:00,2.0,login,,,,1,Suspicious login hour
DTAA/ARS0993,PC-4492,2010-01-12 02:21:00,2.0,login,,,,1,Suspicious login hour
DTAA/CRC0996,PC-0726,2010-01-12 02:50:00,2.0,login,,,,1,Suspicious login hour
DTAA/KEE0997,PC-3393,2010-01-12 02:56:00,2.0,login,,,,1,Suspicious login hour
DTAA/ARS0993,PC-4492,2010-01-12 03:02:00,3.0,login,,,,1,Suspicious login hour
DTAA/KEE0997,PC-3393,2010-01-12 03:09:00,3.0,login,,,,1,Suspicious login hour
DTAA/CRC0996,PC-0726,2010-01-12 03:11:00,3.0,login,,,,1,Suspicious login hour
DTAA/BAF0379,PC-3645,2010-01-12 03:12:00,3.0,login,,,,1,Suspicious login hour
DTAA/AIB0797,PC-4147,2010-01-12 03:16:00,3.0,login,,,,1,Suspicious login hour
DTAA/BJM0992,PC-2460,2010-01-12 03:28:00,3.0,login,,,,1,Suspicious login hour
DTAA/JTT0989,PC-1940,2010-01-12 03:30:00,3.0,login,,,,1,Suspicious login hour
DTAA/CGM0994,PC-2855,2010-01-12 03:30:00,3.0,login,,,,1,Suspicious login hour
DTAA/CGM0994,PC-2855,2010-01-12 03:59:00,3.0,login,,,,1,Suspicious login hour
DTAA/BJM0992,PC-2460,2010-01-12 04:01:00,4.0,login,,,,1,Suspicious login hour
DTAA/CLB0995,PC-4171,2010-01-12 04:03:00,4.0,login,,,,1,Suspicious login hour
DTAA/ARS0993,PC-1380,2010-01-12 04:05:00,4.0,login,,,,1,Suspicious login hour
DTAA/CSR0189,PC-3494,2010-01-12 04:05:00,4.0,login,,,,1,Suspicious login hour
DTAA/CLB0995,PC-4171,2010-01-12 04:10:00,4.0,login,,,,1,Suspicious login hour
DTAA/JTT0989,PC-1940,2010-01-12 04:13:00,4.0,login,,,,1,Suspicious login hour
DTAA/DSM0990,PC-2943,2010-01-12 04:14:00,4.0,login,,,,1,Suspicious login hour
DTAA/BTW0973,PC-4462,2010-01-12 04:15:00,4.0,login,,,,1,Suspicious login hour
DTAA/DSM0990,PC-2943,2010-01-12 04:20:00,4.0,login,,,,1,Suspicious login hour
DTAA/ARS0993,PC-1380,2010-01-12 04:25:00,4.0,login,,,,1,Suspicious login hour
DTAA/CLN0999,PC-2344,2010-01-12 04:42:00,4.0,login,,,,1,Suspicious login hour
DTAA/JGC0775,PC-2680,2010-01-12 05:06:00,5.0,login,,,,1,Suspicious login hour
DTAA/HCG0731,PC-4643,2010-01-12 05:07:00,5.0,login,,,,1,Suspicious login hour
DTAA/CLN0999,PC-2344,2010-01-12 05:08:00,5.0,login,,,,1,Suspicious login hour
DTAA/HCG0731,PC-4643,2010-01-12 05:10:00,5.0,login,,,,1,Suspicious login hour
DTAA/BTW0973,PC-4462,2010-01-12 05:27:00,5.0,login,,,,1,Suspicious login hour
DTAA/JGC0775,PC-2680,2010-01-12 05:28:00,5.0,login,,,,1,Suspicious login hour
DTAA/KEE0997,PC-3882,2010-01-12 05:39:00,5.0,login,,,,1,Suspicious login hour
DTAA/KEE0997,PC-3882,2010-01-12 05:42:00,5.0,login,,,,1,Suspicious login hour
DTAA/CGM0994,PC-0991,2010-01-12 05:47:00,5.0,login,,,,1,Suspicious login hour
DTAA/ODW0839,PC-1940,2010-01-12 21:02:00,21.0,login,,,,1,Suspicious login hour
DTAA/JCC0998,PC-4720,2010-01-12 21:07:00,21.0,login,,,,1,Suspicious login hour
DTAA/CRC0996,PC-3209,2010-01-12 21:07:00,21.0,login,,,,1,Suspicious login hour
DTAA/CGM0994,PC-1500,2010-01-12 21:08:00,21.0,login,,,,1,Suspicious login hour
DTAA/SKL0881,PC-1581,2010-01-12 21:10:00,21.0,login,,,,1,Suspicious login hour
DTAA/VAH0262,PC-1398,2010-01-12 21:13:00,21.0,login,,,,1,Suspicious login hour
DTAA/NAT0252,PC-1796,2010-01-12 21:17:00,21.0,login,,,,1,Suspicious login hour
DTAA/CRC0996,PC-0080,2010-01-12 21:17:00,21.0,login,,,,1,Suspicious login hour
DTAA/JCC0998,PC-2064,2010-01-12 21:24:00,21.0,login,,,,1,Suspicious login hour
DTAA/JCC0998,PC-4720,2010-01-12 21:26:00,21.0,login,,,,1,Suspicious login hour
DTAA/KEE0997,PC-3643,2010-01-12 21:27:00,21.0,login,,,,1,Suspicious login hour
DTAA/CLN0999,PC-0316,2010-01-12 21:35:00,21.0,login,,,,1,Suspicious login hour
DTAA/NDS0490,PC-2549,2010-01-12 21:39:00,21.0,login,,,,1,Suspicious login hour
DTAA/CRC0996,PC-2316,2010-01-12 21:39:00,21.0,login,,,,1,Suspicious login hour
DTAA/CGM0994,PC-1500,2010-01-12 21:50:00,21.0,login,,,,1,Suspicious login hour
DTAA/CRC0996,PC-0080,2010-01-12 21:53:00,21.0,login,,,,1,Suspicious login hour
DTAA/CLN0999,PC-0316,2010-01-12 21:56:00,21.0,login,,,,1,Suspicious login hour
DTAA/KEE0997,PC-3643,2010-01-12 22:02:00,22.0,login,,,,1,Suspicious login hour
DTAA/JCC0998,PC-2064,2010-01-12 22:08:00,22.0,login,,,,1,Suspicious login hour
DTAA/JCC0998,PC-0146,2010-01-12 22:11:00,22.0,login,,,,1,Suspicious login hour
DTAA/ELD1000,PC-3879,2010-01-12 22:13:00,22.0,login,,,,1,Suspicious login hour
DTAA/CRC0996,PC-3647,2010-01-12 22:18:00,22.0,login,,,,1,Suspicious login hour
DTAA/CRC0996,PC-2316,2010-01-12 22:20:00,22.0,login,,,,1,Suspicious login hour
DTAA/JTT0989,PC-2436,2010-01-12 22:21:00,22.0,login,,,,1,Suspicious login hour
DTAA/JTT0989,PC-2436,2010-01-12 22:23:00,22.0,login,,,,1,Suspicious login hour
DTAA/ELD1000,PC-3879,2010-01-12 22:31:00,22.0,login,,,,1,Suspicious login hour
DTAA/JCC0998,PC-0146,2010-01-12 22:45:00,22.0,login,,,,1,Suspicious login hour
DTAA/CRC0996,PC-3647,2010-01-12 22:46:00,22.0,login,,,,1,Suspicious login hour
DTAA/LKY0181,PC-2856,2010-01-12 23:05:00,23.0,login,,,,1,Suspicious login hour
DTAA/MCF0427,PC-3754,2010-01-12 23:16:00,23.0,login,,,,1,Suspicious login hour
DTAA/DSM0990,PC-3714,2010-01-12 23:26:00,23.0,login,,,,1,Suspicious login hour
DTAA/BIR0534,PC-1834,2010-01-12 23:38:00,23.0,login,,,,1,Suspicious login hour
DTAA/DSM0990,PC-3714,2010-01-12 23:48:00,23.0,login,,,,1,Suspicious login hour
DTAA/BJM0992,PC-2858,2010-01-12 23:52:00,23.0,login,,,,1,Suspicious login hour
DTAA/BJM0992,PC-2858,2010-01-12 23:53:00,23.0,login,,,,1,Suspicious login hour
DTAA/BJM0992,PC-0877,2010-02-01 00:05:00,0.0,login,,,,1,Suspicious login hour
DTAA/CGM0994,PC-4499,2010-02-01 00:25:00,0.0,login,,,,1,Suspicious login hour
DTAA/JCC0998,PC-0726,2010-02-01 00:42:00,0.0,login,,,,1,Suspicious login hour
DTAA/BJM0992,PC-0877,2010-02-01 00:47:00,0.0,login,,,,1,Suspicious login hour
DTAA/ELD1000,PC-3769,2010-02-01 00:56:00,0.0,login,,,,1,Suspicious login hour
DTAA/CGM0994,PC-4499,2010-02-01 00:58:00,0.0,login,,,,1,Suspicious login hour
DTAA/ELD1000,PC-3769,2010-02-01 01:25:00,1.0,login,,,,1,Suspicious login hour
DTAA/JCC0998,PC-0726,2010-02-01 01:25:00,1.0,login,,,,1,Suspicious login hour
DTAA/CLN0999,PC-3239,2010-02-01 04:05:00,4.0,login,,,,1,Suspicious login hour
DTAA/CLN0999,PC-3239,2010-02-01 04:31:00,4.0,login,,,,1,Suspicious login hour
DTAA/ARS0993,PC-2436,2010-02-01 04:41:00,4.0,login,,,,1,Suspicious login hour
DTAA/ARS0993,PC-2436,2010-02-01 04:46:00,4.0,login,,,,1,Suspicious login hour
DTAA/ARS0993,PC-2493,2010-02-01 04:48:00,4.0,login,,,,1,Suspicious login hour
DTAA/CGM0994,PC-3850,2010-02-01 05:03:00,5.0,login,,,,1,Suspicious login hour
DTAA/CGM0994,PC-3850,2010-02-01 05:21:00,5.0,login,,,,1,Suspicious login hour
DTAA/JTT0989,PC-4643,2010-02-01 05:24:00,5.0,login,,,,1,Suspicious login hour
DTAA/CLN0999,PC-4661,2010-02-01 05:24:00,5.0,login,,,,1,Suspicious login hour
DTAA/ARS0993,PC-2493,2010-02-01 05:29:00,5.0,login,,,,1,Suspicious login hour
DTAA/CLB0995,PC-4720,2010-02-01 05:30:00,5.0,login,,,,1,Suspicious login hour
DTAA/CLN0999,PC-4661,2010-02-01 05:34:00,5.0,login,,,,1,Suspicious login hour
DTAA/JTT0989,PC-2678,2010-02-01 05:40:00,5.0,login,,,,1,Suspicious login hour
DTAA/BJM0992,PC-2469,2010-02-01 05:42:00,5.0,login,,,,1,Suspicious login hour
DTAA/JTT0989,PC-4643,2010-02-01 05:57:00,5.0,login,,,,1,Suspicious login hour
DTAA/ODW0839,PC-1940,2010-02-01 21:01:00,21.0,login,,,,1,Suspicious login hour
DTAA/BJM0992,PC-3780,2010-02-01 21:04:00,21.0,login,,,,1,Suspicious login hour
DTAA/ARC0677,PC-0465,2010-02-01 21:05:00,21.0,login,,,,1,Suspicious login hour
DTAA/JTT0989,PC-3866,2010-02-01 21:05:00,21.0,login,,,,1,Suspicious login hour
DTAA/SKL0881,PC-1581,2010-02-01 21:16:00,21.0,login,,,,1,Suspicious login hour
DTAA/VAH0262,PC-1398,2010-02-01 21:18:00,21.0,login,,,,1,Suspicious login hour
DTAA/NAT0252,PC-1796,2010-02-01 21:22:00,21.0,login,,,,1,Suspicious login hour
DTAA/BTW0973,PC-4462,2010-02-01 21:30:00,21.0,login,,,,1,Suspicious login hour
DTAA/NDS0490,PC-2549,2010-02-01 21:32:00,21.0,login,,,,1,Suspicious login hour
DTAA/IKH0904,PC-3664,2010-02-01 21:32:00,21.0,login,,,,1,Suspicious login hour
DTAA/CLB0995,PC-3668,2010-02-01 21:36:00,21.0,login,,,,1,Suspicious login hour
DTAA/ELD1000,PC-3524,2010-02-01 21:40:00,21.0,login,,,,1,Suspicious login hour
DTAA/CLN0999,PC-3983,2010-02-01 21:40:00,21.0,login,,,,1,Suspicious login hour
DTAA/CLN0999,PC-2771,2010-02-01 21:43:00,21.0,login,,,,1,Suspicious login hour
DTAA/ELD1000,PC-3524,2010-02-01 21:43:00,21.0,login,,,,1,Suspicious login hour
DTAA/CLN0999,PC-2771,2010-02-01 21:52:00,21.0,login,,,,1,Suspicious login hour
DTAA/CLN0999,PC-3983,2010-02-01 22:07:00,22.0,login,,,,1,Suspicious login hour
DTAA/CLN0999,PC-0991,2010-02-01 22:07:00,22.0,login,,,,1,Suspicious login hour
DTAA/KEE0997,PC-2674,2010-02-01 22:15:00,22.0,login,,,,1,Suspicious login hour
DTAA/AMA0191,PC-4736,2010-02-01 22:17:00,22.0,login,,,,1,Suspicious login hour
DTAA/KEE0997,PC-2674,2010-02-01 22:18:00,22.0,login,,,,1,Suspicious login hour
DTAA/BJM0992,PC-4853,2010-02-01 22:19:00,22.0,login,,,,1,Suspicious login hour
DTAA/JCC0998,PC-2395,2010-02-01 22:21:00,22.0,login,,,,1,Suspicious login hour
DTAA/AMA0191,PC-4736,2010-02-01 22:29:00,22.0,login,,,,1,Suspicious login hour
DTAA/IRC0991,PC-1479,2010-02-01 22:31:00,22.0,login,,,,1,Suspicious login hour
DTAA/CLN0999,PC-0991,2010-02-01 22:36:00,22.0,login,,,,1,Suspicious login hour
DTAA/MCF0427,PC-3754,2010-02-01 22:40:00,22.0,login,,,,1,Suspicious login hour
DTAA/COS0121,PC-0462,2010-02-01 22:42:00,22.0,login,,,,1,Suspicious login hour
DTAA/CGM0994,PC-2643,2010-02-01 22:43:00,22.0,login,,,,1,Suspicious login hour
DTAA/KEE0997,PC-1609,2010-02-01 22:56:00,22.0,login,,,,1,Suspicious login hour
DTAA/CLB0995,PC-0231,2010-02-01 22:58:00,22.0,login,,,,1,Suspicious login hour
DTAA/JCC0998,PC-2395,2010-02-01 22:59:00,22.0,login,,,,1,Suspicious login hour
DTAA/BJM0992,PC-4853,2010-02-01 23:00:00,23.0,login,,,,1,Suspicious login hour
DTAA/KEE0997,PC-0354,2010-02-01 23:04:00,23.0,login,,,,1,Suspicious login hour
DTAA/IRC0991,PC-1479,2010-02-01 23:06:00,23.0,login,,,,1,Suspicious login hour
DTAA/KEE0997,PC-1609,2010-02-01 23:07:00,23.0,login,,,,1,Suspicious login hour
DTAA/BJM0992,PC-4842,2010-02-01 23:09:00,23.0,login,,,,1,Suspicious login hour
DTAA/CLB0995,PC-0231,2010-02-01 23:11:00,23.0,login,,,,1,Suspicious login hour
DTAA/CLB0995,PC-2367,2010-02-01 23:11:00,23.0,login,,,,1,Suspicious login hour
DTAA/CLB0995,PC-2367,2010-02-01 23:13:00,23.0,login,,,,1,Suspicious login hour
DTAA/DJW0368,PC-2518,2010-02-01 23:13:00,23.0,login,,,,1,Suspicious login hour
DTAA/CGM0994,PC-2643,2010-02-01 23:27:00,23.0,login,,,,1,Suspicious login hour
DTAA/BJM0992,PC-4842,2010-02-01 23:38:00,23.0,login,,,,1,Suspicious login hour
DTAA/KEE0997,PC-0354,2010-02-01 23:40:00,23.0,login,,,,1,Suspicious login hour
DTAA/CLB0995,PC-2583,2010-02-01 23:46:00,23.0,login,,,,1,Suspicious login hour
DTAA/CLB0995,PC-2583,2010-02-01 23:50:00,23.0,login,,,,1,Suspicious login hour
DTAA/JHD0512,PC-2683,2010-02-01 23:55:00,23.0,login,,,,1,Suspicious login hour
DTAA/IKH0904,PC-3664,2010-02-02 00:08:00,0.0,login,,,,1,Suspicious login hour
DTAA/MCF0427,PC-3754,2010-02-02 00:37:00,0.0,login,,,,1,Suspicious login hour
DTAA/DSM0990,PC-0458,2010-02-02 00:45:00,0.0,login,,,,1,Suspicious login hour
DTAA/DSM0990,PC-0458,2010-02-02 00:50:00,0.0,login,,,,1,Suspicious login hour
DTAA/BAF0379,PC-3645,2010-02-02 00:54:00,0.0,login,,,,1,Suspicious login hour
DTAA/CLB0995,PC-3401,2010-02-02 00:59:00,0.0,login,,,,1,Suspicious login hour
DTAA/JCC0998,PC-0238,2010-02-02 01:04:00,1.0,login,,,,1,Suspicious login hour
DTAA/JCC0998,PC-0238,2010-02-02 01:05:00,1.0,login,,,,1,Suspicious login hour
DTAA/EMR0242,PC-1306,2010-02-02 01:09:00,1.0,login,,,,1,Suspicious login hour
DTAA/CLB0995,PC-3401,2010-02-02 01:28:00,1.0,login,,,,1,Suspicious login hour
DTAA/AIB0797,PC-4147,2010-02-02 01:52:00,1.0,login,,,,1,Suspicious login hour
DTAA/HCJ0171,PC-0149,2010-02-02 02:10:00,2.0,login,,,,1,Suspicious login hour
DTAA/CLN0999,PC-3087,2010-02-02 02:11:00,2.0,login,,,,1,Suspicious login hour
DTAA/LKY0181,PC-2856,2010-02-02 02:23:00,2.0,login,,,,1,Suspicious login hour
DTAA/DSM0990,PC-0023,2010-02-02 02:33:00,2.0,login,,,,1,Suspicious login hour
DTAA/DSM0990,PC-0023,2010-02-02 02:34:00,2.0,login,,,,1,Suspicious login hour
DTAA/CLN0999,PC-3087,2010-02-02 02:42:00,2.0,login,,,,1,Suspicious login hour
DTAA/JCC0998,PC-2222,2010-02-02 03:01:00,3.0,login,,,,1,Suspicious login hour
DTAA/CHS0324,PC-3251,2010-02-02 03:07:00,3.0,login,,,,1,Suspicious login hour
DTAA/CDZ0056,PC-4052,2010-02-02 03:16:00,3.0,login,,,,1,Suspicious login hour
DTAA/DSM0990,PC-1310,2010-02-02 03:25:00,3.0,login,,,,1,Suspicious login hour
DTAA/JCC0998,PC-2222,2010-02-02 03:35:00,3.0,login,,,,1,Suspicious login hour
DTAA/DSM0990,PC-1310,2010-02-02 03:44:00,3.0,login,,,,1,Suspicious login hour
DTAA/EMR0242,PC-1306,2010-02-02 03:57:00,3.0,login,,,,1,Suspicious login hour
DTAA/COS0121,PC-0462,2010-02-02 04:12:00,4.0,login,,,,1,Suspicious login hour
DTAA/JTT0989,PC-1532,2010-02-02 04:22:00,4.0,login,,,,1,Suspicious login hour
DTAA/BTW0973,PC-4462,2010-02-02 04:24:00,4.0,login,,,,1,Suspicious login hour
DTAA/CMF0339,PC-1939,2010-02-02 04:43:00,4.0,login,,,,1,Suspicious login hour
DTAA/CDZ0056,PC-4052,2010-02-02 04:45:00,4.0,login,,,,1,Suspicious login hour
DTAA/JCC0998,PC-3896,2010-02-02 04:48:00,4.0,login,,,,1,Suspicious login hour
DTAA/CGM0994,PC-3643,2010-02-02 04:50:00,4.0,login,,,,1,Suspicious login hour
DTAA/JTT0989,PC-1532,2010-02-02 04:54:00,4.0,login,,,,1,Suspicious login hour
DTAA/CMF0339,PC-1939,2010-02-02 04:57:00,4.0,login,,,,1,Suspicious login hour
DTAA/AIB0797,PC-4147,2010-02-02 05:20:00,5.0,login,,,,1,Suspicious login hour
DTAA/JCC0998,PC-3896,2010-02-02 05:21:00,5.0,login,,,,1,Suspicious login hour
DTAA/CGM0994,PC-3643,2010-02-02 05:25:00,5.0,login,,,,1,Suspicious login hour
DTAA/CLN0999,PC-1303,2010-02-02 05:29:00,5.0,login,,,,1,Suspicious login hour
DTAA/JCC0998,PC-2064,2010-02-02 05:31:00,5.0,login,,,,1,Suspicious login hour
DTAA/CHS0324,PC-3251,2010-02-02 05:32:00,5.0,login,,,,1,Suspicious login hour
DTAA/JCC0998,PC-2064,2010-02-02 05:41:00,5.0,login,,,,1,Suspicious login hour
DTAA/ELD1000,PC-4093,2010-02-02 05:48:00,5.0,login,,,,1,Suspicious login hour
DTAA/CLB0995,PC-4381,2010-02-02 21:03:00,21.0,login,,,,1,Suspicious login hour
DTAA/DSM0990,PC-2344,2010-02-02 21:05:00,21.0,login,,,,1,Suspicious login hour
DTAA/ODW0839,PC-1940,2010-02-02 21:06:00,21.0,login,,,,1,Suspicious login hour
DTAA/ARS0993,PC-1902,2010-02-02 21:07:00,21.0,login,,,,1,Suspicious login hour
DTAA/SKL0881,PC-1581,2010-02-02 21:10:00,21.0,login,,,,1,Suspicious login hour
DTAA/DFZ0063,PC-4442,2010-02-02 21:13:00,21.0,login,,,,1,Suspicious login hour
DTAA/NAT0252,PC-1796,2010-02-02 21:17:00,21.0,login,,,,1,Suspicious login hour
DTAA/VAH0262,PC-1398,2010-02-02 21:21:00,21.0,login,,,,1,Suspicious login hour
DTAA/KEE0997,PC-2858,2010-02-02 21:37:00,21.0,login,,,,1,Suspicious login hour
DTAA/NDS0490,PC-2549,2010-02-02 21:39:00,21.0,login,,,,1,Suspicious login hour
DTAA/KEE0997,PC-2858,2010-02-02 21:49:00,21.0,login,,,,1,Suspicious login hour
DTAA/KEE0997,PC-3302,2010-02-02 22:35:00,22.0,login,,,,1,Suspicious login hour
DTAA/CLB0995,PC-3879,2010-02-02 22:36:00,22.0,login,,,,1,Suspicious login hour
DTAA/BFO0974,PC-2099,2010-02-02 22:58:00,22.0,login,,,,1,Suspicious login hour
DTAA/CLB0995,PC-3879,2010-02-02 22:58:00,22.0,login,,,,1,Suspicious login hour
DTAA/ELD1000,PC-1469,2010-02-02 23:00:00,23.0,login,,,,1,Suspicious login hour
DTAA/WTA0867,PC-1522,2010-02-02 23:04:00,23.0,login,,,,1,Suspicious login hour
DTAA/KEE0997,PC-3302,2010-02-02 23:05:00,23.0,login,,,,1,Suspicious login hour
DTAA/ELD1000,PC-1469,2010-02-02 23:09:00,23.0,login,,,,1,Suspicious login hour
DTAA/BJM0992,PC-4474,2010-02-02 23:22:00,23.0,login,,,,1,Suspicious login hour
DTAA/IRC0991,PC-1751,2010-02-02 23:24:00,23.0,login,,,,1,Suspicious login hour
DTAA/BJM0992,PC-4474,2010-02-02 23:28:00,23.0,login,,,,1,Suspicious login hour
DTAA/IRC0991,PC-1751,2010-02-02 23:29:00,23.0,login,,,,1,Suspicious login hour
DTAA/CLN0999,PC-4337,2010-02-02 23:38:00,23.0,login,,,,1,Suspicious login hour
DTAA/DSM0990,PC-2316,2010-02-02 23:45:00,23.0,login,,,,1,Suspicious login hour
DTAA/JTT0989,PC-4492,2010-02-02 23:49:00,23.0,login,,,,1,Suspicious login hour
DTAA/CLN0999,PC-4337,2010-02-02 23:58:00,23.0,login,,,,1,Suspicious login hour
DTAA/JTT0989,PC-4492,2010-02-03 00:15:00,0.0,login,,,,1,Suspicious login hour
DTAA/CLN0999,PC-4057,2010-02-03 00:22:00,0.0,login,,,,1,Suspicious login hour
DTAA/DSM0990,PC-2316,2010-02-03 00:28:00,0.0,login,,,,1,Suspicious login hour
DTAA/CRC0996,PC-1703,2010-02-03 00:31:00,0.0,login,,,,1,Suspicious login hour
DTAA/CRC0996,PC-1703,2010-02-03 00:48:00,0.0,login,,,,1,Suspicious login hour
DTAA/CGM0994,PC-0111,2010-02-03 00:59:00,0.0,login,,,,1,Suspicious login hour
DTAA/CLN0999,PC-4057,2010-02-03 01:00:00,1.0,login,,,,1,Suspicious login hour
DTAA/DSM0990,PC-3289,2010-02-03 01:03:00,1.0,login,,,,1,Suspicious login hour
DTAA/CTF0687,PC-2959,2010-02-03 01:10:00,1.0,login,,,,1,Suspicious login hour
DTAA/CLN0999,PC-3739,2010-02-03 01:13:00,1.0,login,,,,1,Suspicious login hour
DTAA/CRC0996,PC-2377,2010-02-03 01:25:00,1.0,login,,,,1,Suspicious login hour
DTAA/CLN0999,PC-3739,2010-02-03 01:27:00,1.0,login,,,,1,Suspicious login hour
DTAA/CRC0996,PC-2377,2010-02-03 01:28:00,1.0,login,,,,1,Suspicious login hour
DTAA/CGM0994,PC-0111,2010-02-03 01:30:00,1.0,login,,,,1,Suspicious login hour
DTAA/DSM0990,PC-3289,2010-02-03 01:40:00,1.0,login,,,,1,Suspicious login hour
DTAA/JCC0998,PC-4334,2010-02-03 02:02:00,2.0,login,,,,1,Suspicious login hour
DTAA/TKH0211,PC-0719,2010-02-03 02:13:00,2.0,login,,,,1,Suspicious login hour
DTAA/JCC0998,PC-4334,2010-02-03 02:20:00,2.0,login,,,,1,Suspicious login hour
DTAA/SDC0032,PC-3081,2010-02-03 03:13:00,3.0,login,,,,1,Suspicious login hour
DTAA/CLB0995,PC-4690,2010-02-03 03:38:00,3.0,login,,,,1,Suspicious login hour
DTAA/DIS0382,PC-2501,2010-02-03 03:54:00,3.0,login,,,,1,Suspicious login hour
DTAA/BJM0992,PC-4473,2010-02-03 04:05:00,4.0,login,,,,1,Suspicious login hour
DTAA/SDC0032,PC-3081,2010-02-03 04:07:00,4.0,login,,,,1,Suspicious login hour
DTAA/CTF0687,PC-2959,2010-02-03 04:07:00,4.0,login,,,,1,Suspicious login hour
DTAA/TKH0211,PC-0719,2010-02-03 04:10:00,4.0,login,,,,1,Suspicious login hour
DTAA/CLB0995,PC-4690,2010-02-03 04:15:00,4.0,login,,,,1,Suspicious login hour
DTAA/BJM0992,PC-4473,2010-02-03 04:18:00,4.0,login,,,,1,Suspicious login hour
DTAA/BFO0974,PC-2099,2010-02-03 04:40:00,4.0,login,,,,1,Suspicious login hour
DTAA/DIS0382,PC-2501,2010-02-03 04:40:00,4.0,login,,,,1,Suspicious login hour
DTAA/CLN0999,PC-4317,2010-02-03 04:44:00,4.0,login,,,,1,Suspicious login hour
DTAA/CLN0999,PC-4317,2010-02-03 04:51:00,4.0,login,,,,1,Suspicious login hour
DTAA/MQL0135,PC-4656,2010-02-03 05:18:00,5.0,login,,,,1,Suspicious login hour
DTAA/ELD1000,PC-4639,2010-02-03 05:30:00,5.0,login,,,,1,Suspicious login hour
DTAA/DSM0990,PC-0926,2010-02-03 05:34:00,5.0,login,,,,1,Suspicious login hour
DTAA/ELD1000,PC-4639,2010-02-03 05:44:00,5.0,login,,,,1,Suspicious login hour
DTAA/MQL0135,PC-4656,2010-02-03 05:44:00,5.0,login,,,,1,Suspicious login hour
DTAA/KEE0997,PC-1560,2010-02-03 05:44:00,5.0,login,,,,1,Suspicious login hour
DTAA/DSM0990,PC-0926,2010-02-03 05:45:00,5.0,login,,,,1,Suspicious login hour
DTAA/ODW0839,PC-1940,2010-02-03 21:00:00,21.0,login,,,,1,Suspicious login hour
DTAA/IRC0991,PC-1466,2010-02-03 21:09:00,21.0,login,,,,1,Suspicious login hour
DTAA/IRC0991,PC-0335,2010-02-03 21:10:00,21.0,login,,,,1,Suspicious login hour
DTAA/VAH0262,PC-1398,2010-02-03 21:12:00,21.0,login,,,,1,Suspicious login hour
DTAA/ARS0993,PC-2210,2010-02-03 21:14:00,21.0,login,,,,1,Suspicious login hour
DTAA/NAT0252,PC-1796,2010-02-03 21:15:00,21.0,login,,,,1,Suspicious login hour
DTAA/ARS0993,PC-4367,2010-02-03 21:16:00,21.0,login,,,,1,Suspicious login hour
DTAA/ELD1000,PC-0120,2010-02-03 21:17:00,21.0,login,,,,1,Suspicious login hour
DTAA/SKL0881,PC-1581,2010-02-03 21:17:00,21.0,login,,,,1,Suspicious login hour
DTAA/ARS0993,PC-2210,2010-02-03 21:21:00,21.0,login,,,,1,Suspicious login hour
DTAA/CLN0999,PC-3039,2010-02-03 21:23:00,21.0,login,,,,1,Suspicious login hour
DTAA/ARS0993,PC-2960,2010-02-03 21:29:00,21.0,login,,,,1,Suspicious login hour
DTAA/NDS0490,PC-2549,2010-02-03 21:32:00,21.0,login,,,,1,Suspicious login hour
DTAA/CRC0996,PC-3107,2010-02-03 21:35:00,21.0,login,,,,1,Suspicious login hour
DTAA/CRC0996,PC-3107,2010-02-03 21:39:00,21.0,login,,,,1,Suspicious login hour
DTAA/ARS0993,PC-4367,2010-02-03 21:41:00,21.0,login,,,,1,Suspicious login hour
DTAA/JLL0301,PC-0807,2010-02-03 21:52:00,21.0,login,,,,1,Suspicious login hour
DTAA/AJC0399,PC-1746,2010-02-03 21:53:00,21.0,login,,,,1,Suspicious login hour
DTAA/ARS0993,PC-2960,2010-02-03 21:55:00,21.0,login,,,,1,Suspicious login hour
DTAA/CLN0999,PC-3039,2010-02-03 22:01:00,22.0,login,,,,1,Suspicious login hour
DTAA/ELD1000,PC-0120,2010-02-03 22:01:00,22.0,login,,,,1,Suspicious login hour
DTAA/PJL0320,PC-1233,2010-02-03 22:22:00,22.0,login,,,,1,Suspicious login hour
DTAA/DSM0990,PC-4467,2010-02-03 22:41:00,22.0,login,,,,1,Suspicious login hour
DTAA/CRC0996,PC-0465,2010-02-03 22:42:00,22.0,login,,,,1,Suspicious login hour
DTAA/DSM0990,PC-4467,2010-02-03 22:50:00,22.0,login,,,,1,Suspicious login hour
DTAA/CRC0996,PC-0465,2010-02-03 23:19:00,23.0,login,,,,1,Suspicious login hour
DTAA/OYR0801,PC-0088,2010-02-03 23:27:00,23.0,login,,,,1,Suspicious login hour
DTAA/JCS0873,PC-1560,2010-02-03 23:41:00,23.0,login,,,,1,Suspicious login hour
DTAA/IRC0991,PC-1649,2010-02-03 23:50:00,23.0,login,,,,1,Suspicious login hour
DTAA/IRC0991,PC-1649,2010-02-03 23:53:00,23.0,login,,,,1,Suspicious login hour
DTAA/RBC0879,PC-1261,2010-02-04 00:30:00,0.0,login,,,,1,Suspicious login hour
DTAA/AJC0399,PC-1746,2010-02-04 00:59:00,0.0,login,,,,1,Suspicious login hour
DTAA/CHA0174,PC-2751,2010-02-04 01:12:00,1.0,login,,,,1,Suspicious login hour
DTAA/BJM0992,PC-1382,2010-02-04 01:16:00,1.0,login,,,,1,Suspicious login hour
DTAA/BJM0992,PC-1382,2010-02-04 01:50:00,1.0,login,,,,1,Suspicious login hour
DTAA/DSM0990,PC-3052,2010-02-04 02:14:00,2.0,login,,,,1,Suspicious login hour
DTAA/CLK0383,PC-0419,2010-02-04 02:34:00,2.0,login,,,,1,Suspicious login hour
DTAA/IRC0991,PC-0939,2010-02-04 02:35:00,2.0,login,,,,1,Suspicious login hour
DTAA/WOT0549,PC-0304,2010-02-04 02:43:00,2.0,login,,,,1,Suspicious login hour
DTAA/IRC0991,PC-0939,2010-02-04 02:44:00,2.0,login,,,,1,Suspicious login hour
DTAA/DSM0990,PC-3052,2010-02-04 02:45:00,2.0,login,,,,1,Suspicious login hour
DTAA/RBC0879,PC-1261,2010-02-04 02:56:00,2.0,login,,,,1,Suspicious login hour
DTAA/JLL0301,PC-0807,2010-02-04 03:01:00,3.0,login,,,,1,Suspicious login hour
DTAA/CLN0999,PC-1859,2010-02-04 03:01:00,3.0,login,,,,1,Suspicious login hour
DTAA/CLN0999,PC-1859,2010-02-04 03:06:00,3.0,login,,,,1,Suspicious login hour
DTAA/CLB0995,PC-2342,2010-02-04 03:10:00,3.0,login,,,,1,Suspicious login hour
DTAA/ELD1000,PC-0445,2010-02-04 03:17:00,3.0,login,,,,1,Suspicious login hour
DTAA/AJP0553,PC-1270,2010-02-04 03:23:00,3.0,login,,,,1,Suspicious login hour
DTAA/CLB0995,PC-2342,2010-02-04 03:24:00,3.0,login,,,,1,Suspicious login hour
DTAA/ELD1000,PC-0445,2010-02-04 03:27:00,3.0,login,,,,1,Suspicious login hour
DTAA/ELD1000,PC-4642,2010-02-04 03:31:00,3.0,login,,,,1,Suspicious login hour
DTAA/ELD1000,PC-4642,2010-02-04 03:38:00,3.0,login,,,,1,Suspicious login hour
DTAA/CLN0999,PC-1950,2010-02-04 03:41:00,3.0,login,,,,1,Suspicious login hour
DTAA/LJR0772,PC-3780,2010-02-04 03:48:00,3.0,login,,,,1,Suspicious login hour
DTAA/CLN0999,PC-1950,2010-02-04 04:01:00,4.0,login,,,,1,Suspicious login hour
DTAA/JTT0989,PC-4052,2010-02-04 04:12:00,4.0,login,,,,1,Suspicious login hour
DTAA/JTT0989,PC-4052,2010-02-04 04:14:00,4.0,login,,,,1,Suspicious login hour
DTAA/PJL0320,PC-1233,2010-02-04 04:21:00,4.0,login,,,,1,Suspicious login hour
DTAA/CLB0995,PC-1581,2010-02-04 04:24:00,4.0,login,,,,1,Suspicious login hour
DTAA/OYR0801,PC-0088,2010-02-04 04:36:00,4.0,login,,,,1,Suspicious login hour
DTAA/CLB0995,PC-1581,2010-02-04 04:53:00,4.0,login,,,,1,Suspicious login hour
DTAA/CRC0996,PC-1343,2010-02-04 04:58:00,4.0,login,,,,1,Suspicious login hour
DTAA/CLK0383,PC-0419,2010-02-04 04:58:00,4.0,login,,,,1,Suspicious login hour
DTAA/LJR0772,PC-3780,2010-02-04 05:02:00,5.0,login,,,,1,Suspicious login hour
DTAA/JCS0873,PC-1560,2010-02-04 05:04:00,5.0,login,,,,1,Suspicious login hour
DTAA/CHA0174,PC-2751,2010-02-04 05:04:00,5.0,login,,,,1,Suspicious login hour
DTAA/ASO0023,PC-3990,2010-02-04 05:08:00,5.0,login,,,,1,Suspicious login hour
DTAA/AKW0582,PC-0891,2010-02-04 05:19:00,5.0,login,,,,1,Suspicious login hour
DTAA/AKW0582,PC-0891,2010-02-04 05:20:00,5.0,login,,,,1,Suspicious login hour
DTAA/CRC0996,PC-1343,2010-02-04 05:32:00,5.0,login,,,,1,Suspicious login hour
DTAA/CLB0995,PC-4332,2010-02-04 21:06:00,21.0,login,,,,1,Suspicious login hour
DTAA/ELD1000,PC-1782,2010-02-04 21:07:00,21.0,login,,,,1,Suspicious login hour
DTAA/ARC0677,PC-0465,2010-02-04 21:08:00,21.0,login,,,,1,Suspicious login hour
DTAA/SKL0881,PC-1581,2010-02-04 21:18:00,21.0,login,,,,1,Suspicious login hour
DTAA/NAT0252,PC-1796,2010-02-04 21:21:00,21.0,login,,,,1,Suspicious login hour
DTAA/VAH0262,PC-1398,2010-02-04 21:24:00,21.0,login,,,,1,Suspicious login hour
DTAA/BJM0992,PC-3471,2010-02-04 21:28:00,21.0,login,,,,1,Suspicious login hour
DTAA/HCG0731,PC-4643,2010-02-04 21:31:00,21.0,login,,,,1,Suspicious login hour
DTAA/BJM0992,PC-4573,2010-02-04 21:33:00,21.0,login,,,,1,Suspicious login hour
DTAA/NDS0490,PC-2549,2010-02-04 21:34:00,21.0,login,,,,1,Suspicious login hour
DTAA/ELD1000,PC-1782,2010-02-04 21:38:00,21.0,login,,,,1,Suspicious login hour
DTAA/JAH0544,PC-4081,2010-02-04 21:38:00,21.0,login,,,,1,Suspicious login hour
DTAA/BJM0992,PC-4573,2010-02-04 21:51:00,21.0,login,,,,1,Suspicious login hour
DTAA/JCC0998,PC-3548,2010-02-04 21:59:00,21.0,login,,,,1,Suspicious login hour
DTAA/JCC0998,PC-3885,2010-02-04 22:00:00,22.0,login,,,,1,Suspicious login hour
DTAA/JCC0998,PC-3885,2010-02-04 22:08:00,22.0,login,,,,1,Suspicious login hour
DTAA/ELD1000,PC-2929,2010-02-04 22:16:00,22.0,login,,,,1,Suspicious login hour
DTAA/KEE0997,PC-2799,2010-02-04 22:20:00,22.0,login,,,,1,Suspicious login hour
DTAA/IRC0991,PC-2468,2010-02-04 22:21:00,22.0,login,,,,1,Suspicious login hour
DTAA/CTH0082,PC-4582,2010-02-04 22:24:00,22.0,login,,,,1,Suspicious login hour
DTAA/JCC0998,PC-3548,2010-02-04 22:29:00,22.0,login,,,,1,Suspicious login hour
DTAA/IRC0991,PC-2468,2010-02-04 22:33:00,22.0,login,,,,1,Suspicious login hour
DTAA/IRC0991,PC-0028,2010-02-04 22:41:00,22.0,login,,,,1,Suspicious login hour
DTAA/KEE0997,PC-2799,2010-02-04 22:41:00,22.0,login,,,,1,Suspicious login hour
DTAA/CLN0999,PC-1434,2010-02-04 22:46:00,22.0,login,,,,1,Suspicious login hour
DTAA/ELD1000,PC-2929,2010-02-04 22:58:00,22.0,login,,,,1,Suspicious login hour
DTAA/IRC0991,PC-0028,2010-02-04 23:01:00,23.0,login,,,,1,Suspicious login hour
DTAA/IRC0991,PC-2843,2010-02-04 23:02:00,23.0,login,,,,1,Suspicious login hour
DTAA/CLN0999,PC-1434,2010-02-04 23:23:00,23.0,login,,,,1,Suspicious login hour
DTAA/IRC0991,PC-2843,2010-02-04 23:24:00,23.0,login,,,,1,Suspicious login hour
DTAA/HCG0731,PC-4643,2010-02-04 23:40:00,23.0,login,,,,1,Suspicious login hour
DTAA/IRC0991,PC-0053,2010-02-05 00:04:00,0.0,login,,,,1,Suspicious login hour
DTAA/DJW0368,PC-2518,2010-02-05 00:13:00,0.0,login,,,,1,Suspicious login hour
DTAA/CLB0995,PC-0262,2010-02-05 00:15:00,0.0,login,,,,1,Suspicious login hour
DTAA/CLB0995,PC-0262,2010-02-05 00:25:00,0.0,login,,,,1,Suspicious login hour
DTAA/IRC0991,PC-0053,2010-02-05 00:27:00,0.0,login,,,,1,Suspicious login hour
DTAA/CRC0996,PC-1892,2010-02-05 00:46:00,0.0,login,,,,1,Suspicious login hour
DTAA/JTT0989,PC-4677,2010-02-05 00:48:00,0.0,login,,,,1,Suspicious login hour
DTAA/ARS0993,PC-3160,2010-02-05 00:56:00,0.0,login,,,,1,Suspicious login hour
DTAA/ARS0993,PC-3160,2010-02-05 01:12:00,1.0,login,,,,1,Suspicious login hour
DTAA/JTT0989,PC-4677,2010-02-05 01:21:00,1.0,login,,,,1,Suspicious login hour
DTAA/CRC0996,PC-1892,2010-02-05 01:22:00,1.0,login,,,,1,Suspicious login hour
DTAA/ARS0993,PC-4117,2010-02-05 02:01:00,2.0,login,,,,1,Suspicious login hour
DTAA/SAP0304,PC-1331,2010-02-05 02:07:00,2.0,login,,,,1,Suspicious login hour
DTAA/ARS0993,PC-4117,2010-02-05 02:09:00,2.0,login,,,,1,Suspicious login hour
DTAA/DSM0990,PC-4867,2010-02-05 02:11:00,2.0,login,,,,1,Suspicious login hour
DTAA/CTH0856,PC-4677,2010-02-05 02:20:00,2.0,login,,,,1,Suspicious login hour
DTAA/ELD1000,PC-0029,2010-02-05 02:20:00,2.0,login,,,,1,Suspicious login hour
DTAA/ELD1000,PC-0029,2010-02-05 02:36:00,2.0,login,,,,1,Suspicious login hour
DTAA/JCC0998,PC-1243,2010-02-05 02:43:00,2.0,login,,,,1,Suspicious login hour
DTAA/DSM0990,PC-4867,2010-02-05 02:48:00,2.0,login,,,,1,Suspicious login hour
DTAA/JCC0998,PC-1243,2010-02-05 03:17:00,3.0,login,,,,1,Suspicious login hour
DTAA/AFF0760,PC-2804,2010-02-05 03:17:00,3.0,login,,,,1,Suspicious login hour
DTAA/BJM0992,PC-3192,2010-02-05 03:17:00,3.0,login,,,,1,Suspicious login hour
DTAA/ZAB0889,PC-2844,2010-02-05 03:31:00,3.0,login,,,,1,Suspicious login hour
DTAA/BJM0992,PC-3192,2010-02-05 03:40:00,3.0,login,,,,1,Suspicious login hour
DTAA/CGM0994,PC-3141,2010-02-05 03:52:00,3.0,login,,,,1,Suspicious login hour
DTAA/BJM0992,PC-1074,2010-02-05 04:05:00,4.0,login,,,,1,Suspicious login hour
DTAA/CTH0856,PC-4677,2010-02-05 04:05:00,4.0,login,,,,1,Suspicious login hour
DTAA/KEE0997,PC-2793,2010-02-05 04:06:00,4.0,login,,,,1,Suspicious login hour
DTAA/BJM0992,PC-1074,2010-02-05 04:08:00,4.0,login,,,,1,Suspicious login hour
DTAA/KEE0997,PC-2793,2010-02-05 04:11:00,4.0,login,,,,1,Suspicious login hour
DTAA/IRC0991,PC-1093,2010-02-05 04:17:00,4.0,login,,,,1,Suspicious login hour
DTAA/SAP0304,PC-1331,2010-02-05 04:24:00,4.0,login,,,,1,Suspicious login hour
DTAA/ARS0993,PC-1213,2010-02-05 04:29:00,4.0,login,,,,1,Suspicious login hour
DTAA/CGM0994,PC-3141,2010-02-05 04:34:00,4.0,login,,,,1,Suspicious login hour
DTAA/CLB0995,PC-2659,2010-02-05 04:43:00,4.0,login,,,,1,Suspicious login hour
DTAA/CWG0305,PC-1107,2010-02-05 04:43:00,4.0,login,,,,1,Suspicious login hour
DTAA/BJM0992,PC-2580,2010-02-05 04:44:00,4.0,login,,,,1,Suspicious login hour
DTAA/IRC0991,PC-1093,2010-02-05 04:49:00,4.0,login,,,,1,Suspicious login hour
DTAA/CWG0305,PC-1107,2010-02-05 04:51:00,4.0,login,,,,1,Suspicious login hour
DTAA/SRN0275,PC-3531,2010-02-05 04:57:00,4.0,login,,,,1,Suspicious login hour
DTAA/ARS0993,PC-1213,2010-02-05 05:06:00,5.0,login,,,,1,Suspicious login hour
DTAA/CLB0995,PC-2659,2010-02-05 05:13:00,5.0,login,,,,1,Suspicious login hour
DTAA/BJM0992,PC-2580,2010-02-05 05:16:00,5.0,login,,,,1,Suspicious login hour
DTAA/ARS0993,PC-1673,2010-02-05 05:17:00,5.0,login,,,,1,Suspicious login hour
DTAA/ARS0993,PC-1673,2010-02-05 05:48:00,5.0,login,,,,1,Suspicious login hour
DTAA/AFF0760,PC-2804,2010-02-05 05:48:00,5.0,login,,,,1,Suspicious login hour
DTAA/ODW0839,PC-1940,2010-02-05 21:02:00,21.0,login,,,,1,Suspicious login hour
DTAA/VAH0262,PC-1398,2010-02-05 21:13:00,21.0,login,,,,1,Suspicious login hour
DTAA/CLB0995,PC-2343,2010-02-05 21:13:00,21.0,login,,,,1,Suspicious login hour
DTAA/SKL0881,PC-1581,2010-02-05 21:14:00,21.0,login,,,,1,Suspicious login hour
DTAA/NAT0252,PC-1796,2010-02-05 21:16:00,21.0,login,,,,1,Suspicious login hour
DTAA/CLB0995,PC-2343,2010-02-05 21:24:00,21.0,login,,,,1,Suspicious login hour
DTAA/NDS0490,PC-2549,2010-02-05 21:29:00,21.0,login,,,,1,Suspicious login hour
DTAA/CLN0999,PC-3545,2010-02-05 21:37:00,21.0,login,,,,1,Suspicious login hour
DTAA/CLN0999,PC-3545,2010-02-05 21:45:00,21.0,login,,,,1,Suspicious login hour
DTAA/CGM0994,PC-4423,2010-02-05 22:01:00,22.0,login,,,,1,Suspicious login hour
DTAA/ELD1000,PC-0232,2010-02-05 22:03:00,22.0,login,,,,1,Suspicious login hour
DTAA/DSM0990,PC-2703,2010-02-05 22:14:00,22.0,login,,,,1,Suspicious login hour
DTAA/ELD1000,PC-0232,2010-02-05 22:19:00,22.0,login,,,,1,Suspicious login hour
DTAA/CGM0994,PC-4423,2010-02-05 22:28:00,22.0,login,,,,1,Suspicious login hour
DTAA/DSM0990,PC-2703,2010-02-05 22:55:00,22.0,login,,,,1,Suspicious login hour
DTAA/PUH0847,PC-2550,2010-02-05 22:55:00,22.0,login,,,,1,Suspicious login hour
DTAA/BJM0992,PC-0323,2010-02-05 23:05:00,23.0,login,,,,1,Suspicious login hour
DTAA/BJM0992,PC-0323,2010-02-05 23:35:00,23.0,login,,,,1,Suspicious login hour
DTAA/NDS0490,PC-2549,2010-02-05 23:38:00,23.0,login,,,,1,Suspicious login hour
DTAA/EOS0972,PC-4981,2010-02-06 00:23:00,0.0,login,,,,1,Suspicious login hour
DTAA/EMR0242,PC-1306,2010-02-06 00:34:00,0.0,login,,,,1,Suspicious login hour
DTAA/PUH0847,PC-2550,2010-02-06 01:41:00,1.0,login,,,,1,Suspicious login hour
DTAA/BAF0379,PC-3645,2010-02-06 01:46:00,1.0,login,,,,1,Suspicious login hour
DTAA/EMR0242,PC-1306,2010-02-06 02:07:00,2.0,login,,,,1,Suspicious login hour
DTAA/NDS0490,PC-2549,2010-02-06 03:18:00,3.0,login,,,,1,Suspicious login hour
DTAA/BAF0379,PC-3645,2010-02-06 05:11:00,5.0,login,,,,1,Suspicious login hour
DTAA/HTS0265,PC-1744,2010-02-06 05:28:00,5.0,login,,,,1,Suspicious login hour
DTAA/JTT0989,PC-3569,2010-02-08 00:28:00,0.0,login,,,,1,Suspicious login hour
DTAA/JTT0989,PC-3569,2010-02-08 00:59:00,0.0,login,,,,1,Suspicious login hour
DTAA/ARS0993,PC-1493,2010-02-08 01:03:00,1.0,login,,,,1,Suspicious login hour
DTAA/CGM0994,PC-2368,2010-02-08 01:09:00,1.0,login,,,,1,Suspicious login hour
DTAA/CGM0994,PC-2368,2010-02-08 01:19:00,1.0,login,,,,1,Suspicious login hour
DTAA/ARS0993,PC-1493,2010-02-08 01:32:00,1.0,login,,,,1,Suspicious login hour
DTAA/BJM0992,PC-2847,2010-02-08 01:44:00,1.0,login,,,,1,Suspicious login hour
DTAA/CRC0996,PC-0431,2010-02-08 01:55:00,1.0,login,,,,1,Suspicious login hour
DTAA/CRC0996,PC-0431,2010-02-08 02:11:00,2.0,login,,,,1,Suspicious login hour
DTAA/BJM0992,PC-2847,2010-02-08 02:21:00,2.0,login,,,,1,Suspicious login hour
DTAA/DSM0990,PC-0544,2010-02-08 02:47:00,2.0,login,,,,1,Suspicious login hour
DTAA/DSM0990,PC-0544,2010-02-08 02:59:00,2.0,login,,,,1,Suspicious login hour
DTAA/CGM0994,PC-0827,2010-02-08 03:28:00,3.0,login,,,,1,Suspicious login hour
DTAA/CGM0994,PC-0827,2010-02-08 03:45:00,3.0,login,,,,1,Suspicious login hour
DTAA/ARS0993,PC-2583,2010-02-08 03:56:00,3.0,login,,,,1,Suspicious login hour
DTAA/ARS0993,PC-2583,2010-02-08 04:17:00,4.0,login,,,,1,Suspicious login hour
DTAA/ELD1000,PC-1380,2010-02-08 04:48:00,4.0,login,,,,1,Suspicious login hour
DTAA/CLB0995,PC-3769,2010-02-08 04:51:00,4.0,login,,,,1,Suspicious login hour
DTAA/ELD1000,PC-1380,2010-02-08 04:51:00,4.0,login,,,,1,Suspicious login hour
DTAA/KEE0997,PC-3249,2010-02-08 05:09:00,5.0,login,,,,1,Suspicious login hour
DTAA/CLB0995,PC-3769,2010-02-08 05:17:00,5.0,login,,,,1,Suspicious login hour
DTAA/CRC0996,PC-0001,2010-02-08 05:17:00,5.0,login,,,,1,Suspicious login hour
DTAA/KEE0997,PC-3249,2010-02-08 05:42:00,5.0,login,,,,1,Suspicious login hour
DTAA/CRC0996,PC-0001,2010-02-08 05:48:00,5.0,login,,,,1,Suspicious login hour
DTAA/JCC0998,PC-3200,2010-02-08 21:02:00,21.0,login,,,,1,Suspicious login hour
DTAA/ODW0839,PC-1940,2010-02-08 21:04:00,21.0,login,,,,1,Suspicious login hour
DTAA/SKL0881,PC-1581,2010-02-08 21:14:00,21.0,login,,,,1,Suspicious login hour
DTAA/VAH0262,PC-1398,2010-02-08 21:16:00,21.0,login,,,,1,Suspicious login hour
DTAA/CLB0995,PC-3366,2010-02-08 21:18:00,21.0,login,,,,1,Suspicious login hour
DTAA/JCC0998,PC-3200,2010-02-08 21:19:00,21.0,login,,,,1,Suspicious login hour
DTAA/JTT0989,PC-2034,2010-02-08 21:21:00,21.0,login,,,,1,Suspicious login hour
DTAA/NAT0252,PC-1796,2010-02-08 21:22:00,21.0,login,,,,1,Suspicious login hour
DTAA/PCM0846,PC-1898,2010-02-08 21:22:00,21.0,login,,,,1,Suspicious login hour
DTAA/AJC0399,PC-1746,2010-02-08 21:25:00,21.0,login,,,,1,Suspicious login hour
DTAA/CLB0995,PC-1582,2010-02-08 21:26:00,21.0,login,,,,1,Suspicious login hour
DTAA/NDS0490,PC-2549,2010-02-08 21:29:00,21.0,login,,,,1,Suspicious login hour
DTAA/RAH0968,PC-3119,2010-02-08 21:45:00,21.0,login,,,,1,Suspicious login hour
DTAA/CLB0995,PC-1582,2010-02-08 21:58:00,21.0,login,,,,1,Suspicious login hour
DTAA/DSM0990,PC-1870,2010-02-08 21:58:00,21.0,login,,,,1,Suspicious login hour
DTAA/CLN0999,PC-2804,2010-02-08 22:04:00,22.0,login,,,,1,Suspicious login hour
DTAA/OYR0801,PC-0088,2010-02-08 22:14:00,22.0,login,,,,1,Suspicious login hour
DTAA/CLN0999,PC-2804,2010-02-08 22:16:00,22.0,login,,,,1,Suspicious login hour
DTAA/DSM0990,PC-1870,2010-02-08 22:19:00,22.0,login,,,,1,Suspicious login hour
DTAA/ARS0993,PC-3866,2010-02-08 22:29:00,22.0,login,,,,1,Suspicious login hour
DTAA/IKH0904,PC-3664,2010-02-08 22:31:00,22.0,login,,,,1,Suspicious login hour
DTAA/CLB0995,PC-0500,2010-02-08 22:33:00,22.0,login,,,,1,Suspicious login hour
DTAA/ARS0993,PC-3866,2010-02-08 22:51:00,22.0,login,,,,1,Suspicious login hour
DTAA/CRC0996,PC-4448,2010-02-08 22:53:00,22.0,login,,,,1,Suspicious login hour
DTAA/ELD1000,PC-2680,2010-02-08 23:02:00,23.0,login,,,,1,Suspicious login hour
DTAA/IKH0904,PC-3664,2010-02-08 23:07:00,23.0,login,,,,1,Suspicious login hour
DTAA/CLB0995,PC-0500,2010-02-08 23:08:00,23.0,login,,,,1,Suspicious login hour
DTAA/CRC0996,PC-2052,2010-02-08 23:10:00,23.0,login,,,,1,Suspicious login hour
DTAA/COS0121,PC-0462,2010-02-08 23:13:00,23.0,login,,,,1,Suspicious login hour
DTAA/CRC0996,PC-2052,2010-02-08 23:18:00,23.0,login,,,,1,Suspicious login hour
DTAA/ELD1000,PC-2680,2010-02-08 23:22:00,23.0,login,,,,1,Suspicious login hour
DTAA/CLB0995,PC-2396,2010-02-08 23:25:00,23.0,login,,,,1,Suspicious login hour
DTAA/KEE0997,PC-0691,2010-02-08 23:25:00,23.0,login,,,,1,Suspicious login hour
DTAA/CGM0994,PC-4296,2010-02-08 23:27:00,23.0,login,,,,1,Suspicious login hour
DTAA/KEE0997,PC-0691,2010-02-08 23:28:00,23.0,login,,,,1,Suspicious login hour
DTAA/IRC0991,PC-4791,2010-02-08 23:29:00,23.0,login,,,,1,Suspicious login hour
DTAA/CRC0996,PC-4448,2010-02-08 23:30:00,23.0,login,,,,1,Suspicious login hour
DTAA/CLB0995,PC-2396,2010-02-08 23:36:00,23.0,login,,,,1,Suspicious login hour
DTAA/ELD1000,PC-3815,2010-02-08 23:39:00,23.0,login,,,,1,Suspicious login hour
DTAA/IRC0991,PC-4791,2010-02-08 23:43:00,23.0,login,,,,1,Suspicious login hour
DTAA/FKR0550,PC-2469,2010-02-08 23:56:00,23.0,login,,,,1,Suspicious login hour
DTAA/JCC0998,PC-1803,2010-02-09 00:01:00,0.0,login,,,,1,Suspicious login hour
DTAA/DSM0990,PC-4442,2010-02-09 00:03:00,0.0,login,,,,1,Suspicious login hour
DTAA/KEE0997,PC-4361,2010-02-09 00:07:00,0.0,login,,,,1,Suspicious login hour
DTAA/KEE0997,PC-4361,2010-02-09 00:09:00,0.0,login,,,,1,Suspicious login hour
DTAA/CGM0994,PC-4296,2010-02-09 00:11:00,0.0,login,,,,1,Suspicious login hour
DTAA/CLB0995,PC-2844,2010-02-09 00:19:00,0.0,login,,,,1,Suspicious login hour
DTAA/ELD1000,PC-3815,2010-02-09 00:20:00,0.0,login,,,,1,Suspicious login hour
DTAA/JTT0989,PC-4482,2010-02-09 00:24:00,0.0,login,,,,1,Suspicious login hour
DTAA/DSM0990,PC-4442,2010-02-09 00:29:00,0.0,login,,,,1,Suspicious login hour
DTAA/CLB0995,PC-2844,2010-02-09 00:30:00,0.0,login,,,,1,Suspicious login hour
DTAA/JCC0998,PC-1803,2010-02-09 00:32:00,0.0,login,,,,1,Suspicious login hour
DTAA/JTT0989,PC-4482,2010-02-09 00:34:00,0.0,login,,,,1,Suspicious login hour
DTAA/FKR0550,PC-2469,2010-02-09 00:34:00,0.0,login,,,,1,Suspicious login hour
DTAA/CRC0996,PC-1389,2010-02-09 01:00:00,1.0,login,,,,1,Suspicious login hour
DTAA/CRC0996,PC-1389,2010-02-09 01:07:00,1.0,login,,,,1,Suspicious login hour
DTAA/DSM0990,PC-3114,2010-02-09 01:09:00,1.0,login,,,,1,Suspicious login hour
DTAA/ARS0993,PC-2099,2010-02-09 01:22:00,1.0,login,,,,1,Suspicious login hour
DTAA/ARS0993,PC-2099,2010-02-09 01:24:00,1.0,login,,,,1,Suspicious login hour
DTAA/DSM0990,PC-3114,2010-02-09 01:35:00,1.0,login,,,,1,Suspicious login hour
DTAA/ARS0993,PC-3235,2010-02-09 01:47:00,1.0,login,,,,1,Suspicious login hour
DTAA/ARS0993,PC-3235,2010-02-09 01:48:00,1.0,login,,,,1,Suspicious login hour
DTAA/AKW0582,PC-0891,2010-02-09 01:50:00,1.0,login,,,,1,Suspicious login hour
DTAA/JTT0989,PC-0425,2010-02-09 01:53:00,1.0,login,,,,1,Suspicious login hour
DTAA/CTH0082,PC-4582,2010-02-09 01:58:00,1.0,login,,,,1,Suspicious login hour
DTAA/CGM0994,PC-3879,2010-02-09 02:01:00,2.0,login,,,,1,Suspicious login hour
DTAA/CGM0994,PC-3879,2010-02-09 02:05:00,2.0,login,,,,1,Suspicious login hour
DTAA/RAH0968,PC-3119,2010-02-09 02:06:00,2.0,login,,,,1,Suspicious login hour
DTAA/ELD1000,PC-2511,2010-02-09 02:09:00,2.0,login,,,,1,Suspicious login hour
DTAA/SJH0588,PC-2512,2010-02-09 02:18:00,2.0,login,,,,1,Suspicious login hour
DTAA/HCG0731,PC-4643,2010-02-09 02:22:00,2.0,login,,,,1,Suspicious login hour
DTAA/JTT0989,PC-0425,2010-02-09 02:37:00,2.0,login,,,,1,Suspicious login hour
DTAA/CLN0999,PC-3067,2010-02-09 02:38:00,2.0,login,,,,1,Suspicious login hour
DTAA/PUH0847,PC-2550,2010-02-09 02:39:00,2.0,login,,,,1,Suspicious login hour
DTAA/ELD1000,PC-2511,2010-02-09 02:39:00,2.0,login,,,,1,Suspicious login hour
DTAA/ELD1000,PC-0478,2010-02-09 02:52:00,2.0,login,,,,1,Suspicious login hour
DTAA/KEE0997,PC-1089,2010-02-09 02:52:00,2.0,login,,,,1,Suspicious login hour
DTAA/CTH0082,PC-4582,2010-02-09 02:58:00,2.0,login,,,,1,Suspicious login hour
DTAA/KEE0997,PC-1089,2010-02-09 02:59:00,2.0,login,,,,1,Suspicious login hour
DTAA/SJH0588,PC-2512,2010-02-09 03:07:00,3.0,login,,,,1,Suspicious login hour
DTAA/AKW0582,PC-0891,2010-02-09 03:08:00,3.0,login,,,,1,Suspicious login hour
DTAA/CLN0999,PC-3067,2010-02-09 03:09:00,3.0,login,,,,1,Suspicious login hour
DTAA/CGM0994,PC-2784,2010-02-09 03:18:00,3.0,login,,,,1,Suspicious login hour
DTAA/CLB0995,PC-3245,2010-02-09 03:29:00,3.0,login,,,,1,Suspicious login hour
DTAA/JCC0998,PC-3209,2010-02-09 03:31:00,3.0,login,,,,1,Suspicious login hour
DTAA/ELD1000,PC-0478,2010-02-09 03:35:00,3.0,login,,,,1,Suspicious login hour
DTAA/CGM0994,PC-2784,2010-02-09 03:36:00,3.0,login,,,,1,Suspicious login hour
DTAA/JCC0998,PC-3209,2010-02-09 03:42:00,3.0,login,,,,1,Suspicious login hour
DTAA/ELD1000,PC-1401,2010-02-09 03:48:00,3.0,login,,,,1,Suspicious login hour
DTAA/ARS0993,PC-2567,2010-02-09 04:04:00,4.0,login,,,,1,Suspicious login hour
DTAA/CLB0995,PC-3245,2010-02-09 04:05:00,4.0,login,,,,1,Suspicious login hour
DTAA/ELD1000,PC-1401,2010-02-09 04:21:00,4.0,login,,,,1,Suspicious login hour
DTAA/GML0105,PC-0268,2010-02-09 04:24:00,4.0,login,,,,1,Suspicious login hour
DTAA/COS0121,PC-0462,2010-02-09 04:32:00,4.0,login,,,,1,Suspicious login hour
DTAA/ARS0993,PC-2567,2010-02-09 04:36:00,4.0,login,,,,1,Suspicious login hour
DTAA/PUH0847,PC-2550,2010-02-09 04:42:00,4.0,login,,,,1,Suspicious login hour
DTAA/CLB0995,PC-4427,2010-02-09 04:47:00,4.0,login,,,,1,Suspicious login hour
DTAA/GML0105,PC-0268,2010-02-09 04:54:00,4.0,login,,,,1,Suspicious login hour
DTAA/KAD0059,PC-4031,2010-02-09 04:58:00,4.0,login,,,,1,Suspicious login hour
DTAA/PCM0846,PC-1898,2010-02-09 04:59:00,4.0,login,,,,1,Suspicious login hour
DTAA/CLB0995,PC-4225,2010-02-09 05:02:00,5.0,login,,,,1,Suspicious login hour
DTAA/KAD0059,PC-4031,2010-02-09 05:10:00,5.0,login,,,,1,Suspicious login hour
DTAA/CTH0856,PC-4677,2010-02-09 05:11:00,5.0,login,,,,1,Suspicious login hour
DTAA/CLB0995,PC-4427,2010-02-09 05:20:00,5.0,login,,,,1,Suspicious login hour
DTAA/CLB0995,PC-4225,2010-02-09 05:34:00,5.0,login,,,,1,Suspicious login hour
DTAA/DIS0382,PC-2501,2010-02-09 05:38:00,5.0,login,,,,1,Suspicious login hour
DTAA/DIS0382,PC-2501,2010-02-09 05:45:00,5.0,login,,,,1,Suspicious login hour
DTAA/ARC0677,PC-0465,2010-02-09 21:04:00,21.0,login,,,,1,Suspicious login hour
DTAA/CLB0995,PC-3415,2010-02-09 21:15:00,21.0,login,,,,1,Suspicious login hour
DTAA/VAH0262,PC-1398,2010-02-09 21:19:00,21.0,login,,,,1,Suspicious login hour
DTAA/IRC0991,PC-3494,2010-02-09 21:20:00,21.0,login,,,,1,Suspicious login hour
DTAA/NAT0252,PC-1796,2010-02-09 21:20:00,21.0,login,,,,1,Suspicious login hour
DTAA/SKL0881,PC-1581,2010-02-09 21:23:00,21.0,login,,,,1,Suspicious login hour
DTAA/CLB0995,PC-3415,2010-02-09 21:25:00,21.0,login,,,,1,Suspicious login hour
DTAA/NDS0490,PC-2549,2010-02-09 21:29:00,21.0,login,,,,1,Suspicious login hour
DTAA/SHR0025,PC-0288,2010-02-09 21:32:00,21.0,login,,,,1,Suspicious login hour
DTAA/ABS0726,PC-3698,2010-02-09 21:44:00,21.0,login,,,,1,Suspicious login hour
DTAA/DSM0990,PC-1459,2010-02-09 22:44:00,22.0,login,,,,1,Suspicious login hour
DTAA/SHR0025,PC-0288,2010-02-09 22:45:00,22.0,login,,,,1,Suspicious login hour
DTAA/JGC0775,PC-2680,2010-02-09 22:52:00,22.0,login,,,,1,Suspicious login hour
DTAA/ARS0993,PC-3542,2010-02-09 22:52:00,22.0,login,,,,1,Suspicious login hour
DTAA/ARS0993,PC-3542,2010-02-09 23:13:00,23.0,login,,,,1,Suspicious login hour
DTAA/DSM0990,PC-1459,2010-02-09 23:26:00,23.0,login,,,,1,Suspicious login hour
DTAA/KEE0997,PC-3359,2010-02-09 23:34:00,23.0,login,,,,1,Suspicious login hour
DTAA/JCC0998,PC-1302,2010-02-09 23:39:00,23.0,login,,,,1,Suspicious login hour
DTAA/JCC0998,PC-0406,2010-02-09 23:40:00,23.0,login,,,,1,Suspicious login hour
DTAA/JCC0998,PC-1902,2010-02-09 23:43:00,23.0,login,,,,1,Suspicious login hour
DTAA/JCC0998,PC-1302,2010-02-09 23:50:00,23.0,login,,,,1,Suspicious login hour
DTAA/MSV0506,PC-3240,2010-02-09 23:53:00,23.0,login,,,,1,Suspicious login hour
DTAA/JCC0998,PC-1902,2010-02-10 00:02:00,0.0,login,,,,1,Suspicious login hour
DTAA/CLN0999,PC-3946,2010-02-10 00:03:00,0.0,login,,,,1,Suspicious login hour
DTAA/KEE0997,PC-3359,2010-02-10 00:05:00,0.0,login,,,,1,Suspicious login hour
DTAA/JCC0998,PC-0406,2010-02-10 00:24:00,0.0,login,,,,1,Suspicious login hour
DTAA/CLN0999,PC-3946,2010-02-10 00:32:00,0.0,login,,,,1,Suspicious login hour
DTAA/CHS0324,PC-3251,2010-02-10 00:38:00,0.0,login,,,,1,Suspicious login hour
DTAA/CSR0189,PC-3494,2010-02-10 00:40:00,0.0,login,,,,1,Suspicious login hour
DTAA/BJM0992,PC-0303,2010-02-10 00:47:00,0.0,login,,,,1,Suspicious login hour
DTAA/BJM0992,PC-0303,2010-02-10 01:09:00,1.0,login,,,,1,Suspicious login hour
DTAA/IRC0991,PC-2875,2010-02-10 01:20:00,1.0,login,,,,1,Suspicious login hour
DTAA/IRC0991,PC-2875,2010-02-10 01:31:00,1.0,login,,,,1,Suspicious login hour
DTAA/DSM0990,PC-0440,2010-02-10 02:08:00,2.0,login,,,,1,Suspicious login hour
DTAA/CWG0305,PC-1107,2010-02-10 02:12:00,2.0,login,,,,1,Suspicious login hour
DTAA/DSM0990,PC-0440,2010-02-10 02:30:00,2.0,login,,,,1,Suspicious login hour
DTAA/BJM0992,PC-0831,2010-02-10 02:36:00,2.0,login,,,,1,Suspicious login hour
DTAA/JCC0998,PC-4820,2010-02-10 02:44:00,2.0,login,,,,1,Suspicious login hour
DTAA/MVW0630,PC-2005,2010-02-10 02:44:00,2.0,login,,,,1,Suspicious login hour
DTAA/CRC0996,PC-0290,2010-02-10 02:48:00,2.0,login,,,,1,Suspicious login hour
DTAA/CRC0996,PC-0290,2010-02-10 03:03:00,3.0,login,,,,1,Suspicious login hour
DTAA/BJM0992,PC-0831,2010-02-10 03:08:00,3.0,login,,,,1,Suspicious login hour
DTAA/JCC0998,PC-4820,2010-02-10 03:15:00,3.0,login,,,,1,Suspicious login hour
DTAA/MSV0506,PC-3240,2010-02-10 03:27:00,3.0,login,,,,1,Suspicious login hour
DTAA/JMM0759,PC-3490,2010-02-10 03:52:00,3.0,login,,,,1,Suspicious login hour
DTAA/BJM0992,PC-2048,2010-02-10 04:03:00,4.0,login,,,,1,Suspicious login hour
DTAA/BJM0992,PC-2048,2010-02-10 04:12:00,4.0,login,,,,1,Suspicious login hour
DTAA/SAP0304,PC-1331,2010-02-10 04:12:00,4.0,login,,,,1,Suspicious login hour
DTAA/KEE0997,PC-1270,2010-02-10 04:16:00,4.0,login,,,,1,Suspicious login hour
DTAA/KEE0997,PC-1270,2010-02-10 04:22:00,4.0,login,,,,1,Suspicious login hour
DTAA/MVW0630,PC-2005,2010-02-10 04:25:00,4.0,login,,,,1,Suspicious login hour
DTAA/IRC0991,PC-3501,2010-02-10 04:37:00,4.0,login,,,,1,Suspicious login hour
DTAA/IRC0991,PC-3501,2010-02-10 04:49:00,4.0,login,,,,1,Suspicious login hour
DTAA/ELD1000,PC-0513,2010-02-10 04:51:00,4.0,login,,,,1,Suspicious login hour
DTAA/CSR0189,PC-3494,2010-02-10 05:00:00,5.0,login,,,,1,Suspicious login hour
DTAA/ELD1000,PC-0513,2010-02-10 05:12:00,5.0,login,,,,1,Suspicious login hour
DTAA/JHD0512,PC-2683,2010-02-10 05:12:00,5.0,login,,,,1,Suspicious login hour
DTAA/JHD0512,PC-2683,2010-02-10 05:19:00,5.0,login,,,,1,Suspicious login hour
DTAA/CWG0305,PC-1107,2010-02-10 05:32:00,5.0,login,,,,1,Suspicious login hour
DTAA/CGM0994,PC-2027,2010-02-10 05:35:00,5.0,login,,,,1,Suspicious login hour
DTAA/SAP0304,PC-1331,2010-02-10 05:37:00,5.0,login,,,,1,Suspicious login hour
DTAA/CGM0994,PC-2027,2010-02-10 05:38:00,5.0,login,,,,1,Suspicious login hour
DTAA/CHS0324,PC-3251,2010-02-10 05:42:00,5.0,login,,,,1,Suspicious login hour
DTAA/IRC0991,PC-2791,2010-02-10 05:52:00,5.0,login,,,,1,Suspicious login hour
DTAA/CGM0994,PC-1513,2010-02-10 05:53:00,5.0,login,,,,1,Suspicious login hour
DTAA/ABS0726,PC-3698,2010-02-10 05:56:00,5.0,login,,,,1,Suspicious login hour
DTAA/ARC0677,PC-0465,2010-02-10 21:02:00,21.0,login,,,,1,Suspicious login hour
DTAA/CRC0996,PC-4306,2010-02-10 21:08:00,21.0,login,,,,1,Suspicious login hour
DTAA/ODW0839,PC-1940,2010-02-10 21:08:00,21.0,login,,,,1,Suspicious login hour
DTAA/SKL0881,PC-1581,2010-02-10 21:20:00,21.0,login,,,,1,Suspicious login hour
DTAA/VAH0262,PC-1398,2010-02-10 21:22:00,21.0,login,,,,1,Suspicious login hour
DTAA/NAT0252,PC-1796,2010-02-10 21:23:00,21.0,login,,,,1,Suspicious login hour
DTAA/NDS0490,PC-2549,2010-02-10 21:30:00,21.0,login,,,,1,Suspicious login hour
DTAA/BAF0379,PC-3645,2010-02-10 21:38:00,21.0,login,,,,1,Suspicious login hour
DTAA/CGM0994,PC-0823,2010-02-10 22:02:00,22.0,login,,,,1,Suspicious login hour
DTAA/CGM0994,PC-0823,2010-02-10 22:29:00,22.0,login,,,,1,Suspicious login hour
DTAA/CRC0996,PC-0763,2010-02-10 22:39:00,22.0,login,,,,1,Suspicious login hour
DTAA/TKH0211,PC-0719,2010-02-10 22:51:00,22.0,login,,,,1,Suspicious login hour
DTAA/CGM0994,PC-3391,2010-02-10 23:02:00,23.0,login,,,,1,Suspicious login hour
DTAA/CRC0996,PC-0763,2010-02-10 23:16:00,23.0,login,,,,1,Suspicious login hour
DTAA/EOS0972,PC-4981,2010-02-10 23:21:00,23.0,login,,,,1,Suspicious login hour
DTAA/JTT0989,PC-3310,2010-02-10 23:28:00,23.0,login,,,,1,Suspicious login hour
DTAA/JTT0989,PC-3310,2010-02-10 23:35:00,23.0,login,,,,1,Suspicious login hour
DTAA/CGM0994,PC-3391,2010-02-10 23:43:00,23.0,login,,,,1,Suspicious login hour
DTAA/BJM0992,PC-0322,2010-02-11 00:16:00,0.0,login,,,,1,Suspicious login hour
DTAA/BJM0992,PC-0322,2010-02-11 00:23:00,0.0,login,,,,1,Suspicious login hour
DTAA/CGM0994,PC-1898,2010-02-11 00:33:00,0.0,login,,,,1,Suspicious login hour
DTAA/NDS0490,PC-2549,2010-02-11 00:34:00,0.0,login,,,,1,Suspicious login hour
DTAA/KEE0997,PC-4147,2010-02-11 00:40:00,0.0,login,,,,1,Suspicious login hour
DTAA/KEE0997,PC-4147,2010-02-11 00:40:00,0.0,login,,,,1,Suspicious login hour
DTAA/ELD1000,PC-2160,2010-02-11 00:52:00,0.0,login,,,,1,Suspicious login hour
DTAA/CGM0994,PC-1898,2010-02-11 01:01:00,1.0,login,,,,1,Suspicious login hour
DTAA/JCC0998,PC-4393,2010-02-11 01:07:00,1.0,login,,,,1,Suspicious login hour
DTAA/KEE0997,PC-2173,2010-02-11 01:10:00,1.0,login,,,,1,Suspicious login hour
DTAA/ELD1000,PC-2160,2010-02-11 01:28:00,1.0,login,,,,1,Suspicious login hour
DTAA/JCC0998,PC-4393,2010-02-11 01:39:00,1.0,login,,,,1,Suspicious login hour
DTAA/CDZ0056,PC-4052,2010-02-11 01:42:00,1.0,login,,,,1,Suspicious login hour
DTAA/KEE0997,PC-2173,2010-02-11 01:42:00,1.0,login,,,,1,Suspicious login hour
DTAA/CLN0999,PC-4573,2010-02-11 01:45:00,1.0,login,,,,1,Suspicious login hour
DTAA/JCC0998,PC-4092,2010-02-11 01:47:00,1.0,login,,,,1,Suspicious login hour
DTAA/CLN0999,PC-4573,2010-02-11 01:49:00,1.0,login,,,,1,Suspicious login hour
DTAA/JCC0998,PC-4092,2010-02-11 01:49:00,1.0,login,,,,1,Suspicious login hour
DTAA/JAH0544,PC-4081,2010-02-11 02:05:00,2.0,login,,,,1,Suspicious login hour
DTAA/CLN0999,PC-2474,2010-02-11 02:12:00,2.0,login,,,,1,Suspicious login hour
DTAA/IRC0991,PC-2529,2010-02-11 02:22:00,2.0,login,,,,1,Suspicious login hour
DTAA/CLN0999,PC-2474,2010-02-11 02:26:00,2.0,login,,,,1,Suspicious login hour
DTAA/ELD1000,PC-0735,2010-02-11 02:27:00,2.0,login,,,,1,Suspicious login hour
DTAA/IRC0991,PC-2529,2010-02-11 02:37:00,2.0,login,,,,1,Suspicious login hour
DTAA/GRG0693,PC-3411,2010-02-11 02:41:00,2.0,login,,,,1,Suspicious login hour
DTAA/JAH0544,PC-4081,2010-02-11 02:43:00,2.0,login,,,,1,Suspicious login hour
DTAA/CLB0995,PC-4369,2010-02-11 02:46:00,2.0,login,,,,1,Suspicious login hour
DTAA/BAF0379,PC-3645,2010-02-11 03:01:00,3.0,login,,,,1,Suspicious login hour
DTAA/TKH0211,PC-0719,2010-02-11 03:09:00,3.0,login,,,,1,Suspicious login hour
DTAA/ELD1000,PC-0735,2010-02-11 03:12:00,3.0,login,,,,1,Suspicious login hour
DTAA/WCN0570,PC-3651,2010-02-11 03:18:00,3.0,login,,,,1,Suspicious login hour
DTAA/CLB0995,PC-4369,2010-02-11 03:21:00,3.0,login,,,,1,Suspicious login hour
DTAA/CRC0996,PC-0700,2010-02-11 03:22:00,3.0,login,,,,1,Suspicious login hour
DTAA/AJA0220,PC-3872,2010-02-11 03:31:00,3.0,login,,,,1,Suspicious login hour
DTAA/BFO0974,PC-2099,2010-02-11 03:32:00,3.0,login,,,,1,Suspicious login hour
DTAA/CRC0996,PC-0700,2010-02-11 03:35:00,3.0,login,,,,1,Suspicious login hour
DTAA/IRC0991,PC-2079,2010-02-11 03:45:00,3.0,login,,,,1,Suspicious login hour
DTAA/IRC0991,PC-2079,2010-02-11 03:48:00,3.0,login,,,,1,Suspicious login hour
DTAA/BFO0974,PC-2099,2010-02-11 03:56:00,3.0,login,,,,1,Suspicious login hour
DTAA/AIB0797,PC-4147,2010-02-11 04:04:00,4.0,login,,,,1,Suspicious login hour
DTAA/WCN0570,PC-3651,2010-02-11 04:07:00,4.0,login,,,,1,Suspicious login hour
DTAA/ARS0993,PC-1782,2010-02-11 04:24:00,4.0,login,,,,1,Suspicious login hour
DTAA/DFZ0063,PC-4442,2010-02-11 04:28:00,4.0,login,,,,1,Suspicious login hour
DTAA/KEE0997,PC-4079,2010-02-11 04:31:00,4.0,login,,,,1,Suspicious login hour
DTAA/EMR0242,PC-1306,2010-02-11 04:33:00,4.0,login,,,,1,Suspicious login hour
DTAA/CRC0996,PC-4895,2010-02-11 04:41:00,4.0,login,,,,1,Suspicious login hour
DTAA/KEE0997,PC-4079,2010-02-11 04:41:00,4.0,login,,,,1,Suspicious login hour
DTAA/CRC0996,PC-4895,2010-02-11 04:45:00,4.0,login,,,,1,Suspicious login hour
DTAA/ARS0993,PC-1782,2010-02-11 04:56:00,4.0,login,,,,1,Suspicious login hour
DTAA/SAH0192,PC-4079,2010-02-11 05:00:00,5.0,login,,,,1,Suspicious login hour
DTAA/JTT0989,PC-2015,2010-02-11 05:15:00,5.0,login,,,,1,Suspicious login hour
DTAA/GRG0693,PC-3411,2010-02-11 05:15:00,5.0,login,,,,1,Suspicious login hour
DTAA/CLB0995,PC-3077,2010-02-11 05:16:00,5.0,login,,,,1,Suspicious login hour
DTAA/CDZ0056,PC-4052,2010-02-11 05:23:00,5.0,login,,,,1,Suspicious login hour
DTAA/CRC0996,PC-4696,2010-02-11 05:23:00,5.0,login,,,,1,Suspicious login hour
DTAA/ARS0993,PC-4069,2010-02-11 05:29:00,5.0,login,,,,1,Suspicious login hour
DTAA/JTT0989,PC-2015,2010-02-11 05:32:00,5.0,login,,,,1,Suspicious login hour
DTAA/CRC0996,PC-4696,2010-02-11 05:39:00,5.0,login,,,,1,Suspicious login hour
DTAA/ARS0993,PC-4069,2010-02-11 05:53:00,5.0,login,,,,1,Suspicious login hour
DTAA/CLB0995,PC-3077,2010-02-11 05:57:00,5.0,login,,,,1,Suspicious login hour
DTAA/LJR0772,PC-3780,2010-02-11 21:01:00,21.0,login,,,,1,Suspicious login hour
DTAA/CLN0999,PC-0939,2010-02-11 21:06:00,21.0,login,,,,1,Suspicious login hour
DTAA/ODW0839,PC-1940,2010-02-11 21:08:00,21.0,login,,,,1,Suspicious login hour
DTAA/JTT0989,PC-4694,2010-02-11 21:10:00,21.0,login,,,,1,Suspicious login hour
DTAA/NAT0252,PC-1796,2010-02-11 21:13:00,21.0,login,,,,1,Suspicious login hour
DTAA/SKL0881,PC-1581,2010-02-11 21:20:00,21.0,login,,,,1,Suspicious login hour
DTAA/JCC0998,PC-2662,2010-02-11 21:21:00,21.0,login,,,,1,Suspicious login hour
DTAA/VAH0262,PC-1398,2010-02-11 21:24:00,21.0,login,,,,1,Suspicious login hour
DTAA/CLN0999,PC-1535,2010-02-11 21:24:00,21.0,login,,,,1,Suspicious login hour
DTAA/MCF0427,PC-3754,2010-02-11 21:32:00,21.0,login,,,,1,Suspicious login hour
DTAA/NDS0490,PC-2549,2010-02-11 21:34:00,21.0,login,,,,1,Suspicious login hour
DTAA/JCC0998,PC-2662,2010-02-11 21:39:00,21.0,login,,,,1,Suspicious login hour
DTAA/CLN0999,PC-0939,2010-02-11 21:43:00,21.0,login,,,,1,Suspicious login hour
DTAA/CLN0999,PC-1535,2010-02-11 21:58:00,21.0,login,,,,1,Suspicious login hour
DTAA/JTT0989,PC-1950,2010-02-11 22:04:00,22.0,login,,,,1,Suspicious login hour
DTAA/BJM0992,PC-3471,2010-02-11 22:07:00,22.0,login,,,,1,Suspicious login hour
DTAA/CRC0996,PC-4532,2010-02-11 22:08:00,22.0,login,,,,1,Suspicious login hour
DTAA/HCG0731,PC-4643,2010-02-11 22:15:00,22.0,login,,,,1,Suspicious login hour
DTAA/JTT0989,PC-1950,2010-02-11 22:18:00,22.0,login,,,,1,Suspicious login hour
DTAA/CTF0687,PC-2959,2010-02-11 22:29:00,22.0,login,,,,1,Suspicious login hour
DTAA/JCC0998,PC-4905,2010-02-11 22:34:00,22.0,login,,,,1,Suspicious login hour
DTAA/CRC0996,PC-4532,2010-02-11 22:43:00,22.0,login,,,,1,Suspicious login hour
DTAA/BJM0992,PC-3471,2010-02-11 22:51:00,22.0,login,,,,1,Suspicious login hour
DTAA/CLN0999,PC-2219,2010-02-11 23:01:00,23.0,login,,,,1,Suspicious login hour
DTAA/DSM0990,PC-3174,2010-02-11 23:05:00,23.0,login,,,,1,Suspicious login hour
DTAA/CHA0174,PC-2751,2010-02-11 23:13:00,23.0,login,,,,1,Suspicious login hour
DTAA/JCC0998,PC-4905,2010-02-11 23:13:00,23.0,login,,,,1,Suspicious login hour
DTAA/LJR0772,PC-3780,2010-02-11 23:23:00,23.0,login,,,,1,Suspicious login hour
DTAA/ASO0023,PC-3990,2010-02-11 23:29:00,23.0,login,,,,1,Suspicious login hour
DTAA/CLN0999,PC-2219,2010-02-11 23:40:00,23.0,login,,,,1,Suspicious login hour
DTAA/DSM0990,PC-3174,2010-02-11 23:47:00,23.0,login,,,,1,Suspicious login hour
DTAA/CGM0994,PC-1320,2010-02-11 23:47:00,23.0,login,,,,1,Suspicious login hour
DTAA/DIS0382,PC-2501,2010-02-12 00:02:00,0.0,login,,,,1,Suspicious login hour
DTAA/CGM0994,PC-1320,2010-02-12 00:09:00,0.0,login,,,,1,Suspicious login hour
DTAA/ARS0993,PC-2393,2010-02-12 00:17:00,0.0,login,,,,1,Suspicious login hour
DTAA/CTF0687,PC-2959,2010-02-12 00:24:00,0.0,login,,,,1,Suspicious login hour
DTAA/CRC0996,PC-3426,2010-02-12 00:36:00,0.0,login,,,,1,Suspicious login hour
DTAA/CRC0996,PC-3426,2010-02-12 00:38:00,0.0,login,,,,1,Suspicious login hour
DTAA/ARS0993,PC-1792,2010-02-12 00:43:00,0.0,login,,,,1,Suspicious login hour
DTAA/AMA0191,PC-4736,2010-02-12 00:59:00,0.0,login,,,,1,Suspicious login hour
DTAA/ARS0993,PC-2393,2010-02-12 01:00:00,1.0,login,,,,1,Suspicious login hour
DTAA/BJM0992,PC-3465,2010-02-12 01:10:00,1.0,login,,,,1,Suspicious login hour
DTAA/BJM0992,PC-3465,2010-02-12 01:13:00,1.0,login,,,,1,Suspicious login hour
DTAA/BJM0992,PC-3607,2010-02-12 01:14:00,1.0,login,,,,1,Suspicious login hour
DTAA/ARS0993,PC-1792,2010-02-12 01:21:00,1.0,login,,,,1,Suspicious login hour
DTAA/TJP0714,PC-2079,2010-02-12 01:40:00,1.0,login,,,,1,Suspicious login hour
DTAA/HCG0731,PC-4643,2010-02-12 01:51:00,1.0,login,,,,1,Suspicious login hour
DTAA/BJM0992,PC-3607,2010-02-12 01:51:00,1.0,login,,,,1,Suspicious login hour
DTAA/CGM0994,PC-0381,2010-02-12 01:54:00,1.0,login,,,,1,Suspicious login hour
DTAA/CGM0994,PC-0381,2010-02-12 02:16:00,2.0,login,,,,1,Suspicious login hour
DTAA/MCF0427,PC-3754,2010-02-12 02:17:00,2.0,login,,,,1,Suspicious login hour
DTAA/JTT0989,PC-4162,2010-02-12 02:27:00,2.0,login,,,,1,Suspicious login hour
DTAA/JTT0989,PC-4162,2010-02-12 02:38:00,2.0,login,,,,1,Suspicious login hour
DTAA/JCC0998,PC-4252,2010-02-12 02:52:00,2.0,login,,,,1,Suspicious login hour
DTAA/JCC0998,PC-4252,2010-02-12 03:09:00,3.0,login,,,,1,Suspicious login hour
DTAA/JTT0989,PC-1800,2010-02-12 03:11:00,3.0,login,,,,1,Suspicious login hour
DTAA/ELD1000,PC-1796,2010-02-12 03:13:00,3.0,login,,,,1,Suspicious login hour
DTAA/JTT0989,PC-3872,2010-02-12 03:21:00,3.0,login,,,,1,Suspicious login hour
DTAA/ELD1000,PC-1771,2010-02-12 03:23:00,3.0,login,,,,1,Suspicious login hour
DTAA/KEE0997,PC-2959,2010-02-12 03:24:00,3.0,login,,,,1,Suspicious login hour
DTAA/JTT0989,PC-1800,2010-02-12 03:26:00,3.0,login,,,,1,Suspicious login hour
DTAA/ELD1000,PC-1771,2010-02-12 03:31:00,3.0,login,,,,1,Suspicious login hour
DTAA/HNS0858,PC-3790,2010-02-12 03:38:00,3.0,login,,,,1,Suspicious login hour
DTAA/JTT0989,PC-3872,2010-02-12 03:39:00,3.0,login,,,,1,Suspicious login hour
DTAA/IRC0991,PC-0026,2010-02-12 03:41:00,3.0,login,,,,1,Suspicious login hour
DTAA/AJP0553,PC-1270,2010-02-12 03:42:00,3.0,login,,,,1,Suspicious login hour
DTAA/ELD1000,PC-1796,2010-02-12 03:44:00,3.0,login,,,,1,Suspicious login hour
DTAA/HNS0858,PC-3790,2010-02-12 03:58:00,3.0,login,,,,1,Suspicious login hour
DTAA/IRC0991,PC-0026,2010-02-12 04:00:00,4.0,login,,,,1,Suspicious login hour
DTAA/KEE0997,PC-2959,2010-02-12 04:02:00,4.0,login,,,,1,Suspicious login hour
DTAA/KEE0997,PC-4525,2010-02-12 04:09:00,4.0,login,,,,1,Suspicious login hour
DTAA/JCC0998,PC-3295,2010-02-12 04:20:00,4.0,login,,,,1,Suspicious login hour
DTAA/KEE0997,PC-4525,2010-02-12 04:23:00,4.0,login,,,,1,Suspicious login hour
DTAA/CGM0994,PC-0149,2010-02-12 04:25:00,4.0,login,,,,1,Suspicious login hour
DTAA/CGM0994,PC-0149,2010-02-12 04:26:00,4.0,login,,,,1,Suspicious login hour
DTAA/ASO0023,PC-3990,2010-02-12 04:27:00,4.0,login,,,,1,Suspicious login hour
DTAA/CLN0999,PC-1189,2010-02-12 05:01:00,5.0,login,,,,1,Suspicious login hour
DTAA/AJP0553,PC-1270,2010-02-12 05:02:00,5.0,login,,,,1,Suspicious login hour
DTAA/JCC0998,PC-3295,2010-02-12 05:03:00,5.0,login,,,,1,Suspicious login hour
DTAA/CLB0995,PC-0262,2010-02-12 05:04:00,5.0,login,,,,1,Suspicious login hour
DTAA/ELD1000,PC-4293,2010-02-12 05:07:00,5.0,login,,,,1,Suspicious login hour
DTAA/ARS0993,PC-1074,2010-02-12 05:16:00,5.0,login,,,,1,Suspicious login hour
DTAA/CHA0174,PC-2751,2010-02-12 05:21:00,5.0,login,,,,1,Suspicious login hour
DTAA/JTT0989,PC-1093,2010-02-12 05:23:00,5.0,login,,,,1,Suspicious login hour
DTAA/CLB0995,PC-0262,2010-02-12 05:24:00,5.0,login,,,,1,Suspicious login hour
DTAA/ARS0993,PC-1074,2010-02-12 05:32:00,5.0,login,,,,1,Suspicious login hour
DTAA/CLN0999,PC-1189,2010-02-12 05:42:00,5.0,login,,,,1,Suspicious login hour
DTAA/ELD1000,PC-4293,2010-02-12 05:46:00,5.0,login,,,,1,Suspicious login hour
DTAA/BJM0992,PC-1144,2010-02-12 05:47:00,5.0,login,,,,1,Suspicious login hour
DTAA/KEE0997,PC-4184,2010-02-12 05:54:00,5.0,login,,,,1,Suspicious login hour
DTAA/KEE0997,PC-4184,2010-02-12 05:57:00,5.0,login,,,,1,Suspicious login hour
DTAA/ODW0839,PC-1940,2010-02-12 21:02:00,21.0,login,,,,1,Suspicious login hour
DTAA/CLN0999,PC-2350,2010-02-12 21:03:00,21.0,login,,,,1,Suspicious login hour
DTAA/BJM0992,PC-2332,2010-02-12 21:05:00,21.0,login,,,,1,Suspicious login hour
DTAA/ARC0677,PC-0465,2010-02-12 21:08:00,21.0,login,,,,1,Suspicious login hour
DTAA/CLN0999,PC-0825,2010-02-12 21:12:00,21.0,login,,,,1,Suspicious login hour
DTAA/SKL0881,PC-1581,2010-02-12 21:12:00,21.0,login,,,,1,Suspicious login hour
DTAA/VAH0262,PC-1398,2010-02-12 21:12:00,21.0,login,,,,1,Suspicious login hour
DTAA/CLB0995,PC-4845,2010-02-12 21:14:00,21.0,login,,,,1,Suspicious login hour
DTAA/NAT0252,PC-1796,2010-02-12 21:18:00,21.0,login,,,,1,Suspicious login hour
DTAA/CLN0999,PC-2848,2010-02-12 21:18:00,21.0,login,,,,1,Suspicious login hour
DTAA/BJM0992,PC-2332,2010-02-12 21:21:00,21.0,login,,,,1,Suspicious login hour
DTAA/CLN0999,PC-2848,2010-02-12 21:24:00,21.0,login,,,,1,Suspicious login hour
DTAA/ZAB0889,PC-2844,2010-02-12 21:35:00,21.0,login,,,,1,Suspicious login hour
DTAA/NDS0490,PC-2549,2010-02-12 21:39:00,21.0,login,,,,1,Suspicious login hour
DTAA/CLB0995,PC-4845,2010-02-12 21:43:00,21.0,login,,,,1,Suspicious login hour
DTAA/JCC0998,PC-0214,2010-02-12 22:00:00,22.0,login,,,,1,Suspicious login hour
DTAA/RBC0583,PC-1380,2010-02-12 22:02:00,22.0,login,,,,1,Suspicious login hour
DTAA/ARS0993,PC-4867,2010-02-12 22:03:00,22.0,login,,,,1,Suspicious login hour
DTAA/CRC0996,PC-2020,2010-02-12 22:04:00,22.0,login,,,,1,Suspicious login hour
DTAA/CRC0996,PC-2020,2010-02-12 22:09:00,22.0,login,,,,1,Suspicious login hour
DTAA/ARS0993,PC-4867,2010-02-12 22:28:00,22.0,login,,,,1,Suspicious login hour
DTAA/BJM0992,PC-4580,2010-02-12 22:33:00,22.0,login,,,,1,Suspicious login hour
DTAA/JCC0998,PC-0214,2010-02-12 22:45:00,22.0,login,,,,1,Suspicious login hour
DTAA/JCS0873,PC-1560,2010-02-12 22:55:00,22.0,login,,,,1,Suspicious login hour
DTAA/ARS0993,PC-3221,2010-02-12 22:58:00,22.0,login,,,,1,Suspicious login hour
DTAA/ARS0993,PC-3221,2010-02-12 23:02:00,23.0,login,,,,1,Suspicious login hour
DTAA/BJM0992,PC-4580,2010-02-12 23:10:00,23.0,login,,,,1,Suspicious login hour
DTAA/DSM0990,PC-2707,2010-02-12 23:23:00,23.0,login,,,,1,Suspicious login hour
DTAA/CGM0994,PC-4962,2010-02-12 23:29:00,23.0,login,,,,1,Suspicious login hour
DTAA/KEE0997,PC-1740,2010-02-12 23:44:00,23.0,login,,,,1,Suspicious login hour
DTAA/FKR0550,PC-2469,2010-02-12 23:55:00,23.0,login,,,,1,Suspicious login hour
DTAA/ELD1000,PC-0500,2010-03-01 00:06:00,0.0,login,,,,1,Suspicious login hour
DTAA/BJM0992,PC-3235,2010-03-01 00:06:00,0.0,login,,,,1,Suspicious login hour
DTAA/BJM0992,PC-3235,2010-03-01 00:17:00,0.0,login,,,,1,Suspicious login hour
DTAA/ARS0993,PC-3293,2010-03-01 00:17:00,0.0,login,,,,1,Suspicious login hour
DTAA/ARS0993,PC-3293,2010-03-01 00:23:00,0.0,login,,,,1,Suspicious login hour
DTAA/IRC0991,PC-0827,2010-03-01 00:23:00,0.0,login,,,,1,Suspicious login hour
DTAA/KEE0997,PC-3114,2010-03-01 00:28:00,0.0,login,,,,1,Suspicious login hour
DTAA/JCC0998,PC-2701,2010-03-01 00:30:00,0.0,login,,,,1,Suspicious login hour
DTAA/KEE0997,PC-3114,2010-03-01 00:31:00,0.0,login,,,,1,Suspicious login hour
DTAA/IRC0991,PC-0827,2010-03-01 00:37:00,0.0,login,,,,1,Suspicious login hour
DTAA/ELD1000,PC-0500,2010-03-01 00:42:00,0.0,login,,,,1,Suspicious login hour
DTAA/CLB0995,PC-1609,2010-03-01 00:44:00,0.0,login,,,,1,Suspicious login hour
DTAA/CLB0995,PC-1609,2010-03-01 00:54:00,0.0,login,,,,1,Suspicious login hour
DTAA/JCC0998,PC-2701,2010-03-01 00:57:00,0.0,login,,,,1,Suspicious login hour
DTAA/CLN0999,PC-4075,2010-03-01 01:10:00,1.0,login,,,,1,Suspicious login hour
DTAA/ARS0993,PC-4739,2010-03-01 01:13:00,1.0,login,,,,1,Suspicious login hour
DTAA/CLB0995,PC-0316,2010-03-01 01:20:00,1.0,login,,,,1,Suspicious login hour
DTAA/CLN0999,PC-4075,2010-03-01 01:24:00,1.0,login,,,,1,Suspicious login hour
DTAA/BJM0992,PC-0542,2010-03-01 01:24:00,1.0,login,,,,1,Suspicious login hour
DTAA/CLB0995,PC-0316,2010-03-01 01:25:00,1.0,login,,,,1,Suspicious login hour
DTAA/CLN0999,PC-0585,2010-03-01 01:26:00,1.0,login,,,,1,Suspicious login hour
DTAA/ARS0993,PC-4739,2010-03-01 01:42:00,1.0,login,,,,1,Suspicious login hour
DTAA/CLN0999,PC-0585,2010-03-01 01:43:00,1.0,login,,,,1,Suspicious login hour
DTAA/JTT0989,PC-1302,2010-03-01 01:51:00,1.0,login,,,,1,Suspicious login hour
DTAA/BJM0992,PC-0542,2010-03-01 01:57:00,1.0,login,,,,1,Suspicious login hour
DTAA/ARS0993,PC-2395,2010-03-01 02:01:00,2.0,login,,,,1,Suspicious login hour
DTAA/CRC0996,PC-4772,2010-03-01 02:05:00,2.0,login,,,,1,Suspicious login hour
DTAA/CRC0996,PC-0544,2010-03-01 02:06:00,2.0,login,,,,1,Suspicious login hour
DTAA/JCC0998,PC-0209,2010-03-01 02:06:00,2.0,login,,,,1,Suspicious login hour
DTAA/DSM0990,PC-2844,2010-03-01 02:12:00,2.0,login,,,,1,Suspicious login hour
DTAA/CLB0995,PC-1803,2010-03-01 02:15:00,2.0,login,,,,1,Suspicious login hour
DTAA/DSM0990,PC-2844,2010-03-01 02:18:00,2.0,login,,,,1,Suspicious login hour
DTAA/CGM0994,PC-3415,2010-03-01 02:22:00,2.0,login,,,,1,Suspicious login hour
DTAA/JCC0998,PC-0209,2010-03-01 02:28:00,2.0,login,,,,1,Suspicious login hour
DTAA/JTT0989,PC-1302,2010-03-01 02:31:00,2.0,login,,,,1,Suspicious login hour
DTAA/ARS0993,PC-2395,2010-03-01 02:32:00,2.0,login,,,,1,Suspicious login hour
DTAA/CRC0996,PC-0544,2010-03-01 02:41:00,2.0,login,,,,1,Suspicious login hour
DTAA/CRC0996,PC-4772,2010-03-01 02:49:00,2.0,login,,,,1,Suspicious login hour
DTAA/CLB0995,PC-1803,2010-03-01 02:57:00,2.0,login,,,,1,Suspicious login hour
DTAA/CGM0994,PC-3415,2010-03-01 03:03:00,3.0,login,,,,1,Suspicious login hour
DTAA/DSM0990,PC-3815,2010-03-01 03:03:00,3.0,login,,,,1,Suspicious login hour
DTAA/JTT0989,PC-2979,2010-03-01 03:07:00,3.0,login,,,,1,Suspicious login hour
DTAA/DSM0990,PC-3815,2010-03-01 03:07:00,3.0,login,,,,1,Suspicious login hour
DTAA/IRC0991,PC-3547,2010-03-01 03:15:00,3.0,login,,,,1,Suspicious login hour
DTAA/IRC0991,PC-1582,2010-03-01 03:34:00,3.0,login,,,,1,Suspicious login hour
DTAA/IRC0991,PC-1582,2010-03-01 03:39:00,3.0,login,,,,1,Suspicious login hour
DTAA/IRC0991,PC-3547,2010-03-01 03:48:00,3.0,login,,,,1,Suspicious login hour
DTAA/JTT0989,PC-2979,2010-03-01 03:48:00,3.0,login,,,,1,Suspicious login hour
DTAA/ELD1000,PC-2674,2010-03-01 04:10:00,4.0,login,,,,1,Suspicious login hour
DTAA/KEE0997,PC-2889,2010-03-01 04:21:00,4.0,login,,,,1,Suspicious login hour
DTAA/ELD1000,PC-2674,2010-03-01 04:26:00,4.0,login,,,,1,Suspicious login hour
DTAA/KEE0997,PC-2889,2010-03-01 04:40:00,4.0,login,,,,1,Suspicious login hour
DTAA/DSM0990,PC-3896,2010-03-01 04:52:00,4.0,login,,,,1,Suspicious login hour
DTAA/DSM0990,PC-3896,2010-03-01 05:26:00,5.0,login,,,,1,Suspicious login hour
DTAA/CLB0995,PC-4327,2010-03-01 05:46:00,5.0,login,,,,1,Suspicious login hour
DTAA/CGM0994,PC-2127,2010-03-01 05:52:00,5.0,login,,,,1,Suspicious login hour
DTAA/ARC0677,PC-0465,2010-03-01 21:03:00,21.0,login,,,,1,Suspicious login hour
DTAA/ODW0839,PC-1940,2010-03-01 21:08:00,21.0,login,,,,1,Suspicious login hour
DTAA/CRC0996,PC-4661,2010-03-01 21:13:00,21.0,login,,,,1,Suspicious login hour
DTAA/SKL0881,PC-1581,2010-03-01 21:14:00,21.0,login,,,,1,Suspicious login hour
DTAA/NAT0252,PC-1796,2010-03-01 21:16:00,21.0,login,,,,1,Suspicious login hour
DTAA/CRC0996,PC-0282,2010-03-01 21:19:00,21.0,login,,,,1,Suspicious login hour
DTAA/VAH0262,PC-1398,2010-03-01 21:20:00,21.0,login,,,,1,Suspicious login hour
DTAA/ELD1000,PC-1870,2010-03-01 21:22:00,21.0,login,,,,1,Suspicious login hour
DTAA/CRC0996,PC-0196,2010-03-01 21:22:00,21.0,login,,,,1,Suspicious login hour
DTAA/ELD1000,PC-3988,2010-03-01 21:22:00,21.0,login,,,,1,Suspicious login hour
DTAA/BJM0992,PC-2680,2010-03-01 21:27:00,21.0,login,,,,1,Suspicious login hour
DTAA/NDS0490,PC-2549,2010-03-01 21:34:00,21.0,login,,,,1,Suspicious login hour
DTAA/ELD1000,PC-1870,2010-03-01 21:37:00,21.0,login,,,,1,Suspicious login hour
DTAA/CRC0996,PC-4661,2010-03-01 21:38:00,21.0,login,,,,1,Suspicious login hour
DTAA/ELD1000,PC-3988,2010-03-01 21:47:00,21.0,login,,,,1,Suspicious login hour
DTAA/FKR0550,PC-2469,2010-03-01 21:47:00,21.0,login,,,,1,Suspicious login hour
DTAA/KEE0997,PC-1337,2010-03-01 21:49:00,21.0,login,,,,1,Suspicious login hour
DTAA/BJM0992,PC-2680,2010-03-01 21:49:00,21.0,login,,,,1,Suspicious login hour
DTAA/BJM0992,PC-3366,2010-03-01 21:53:00,21.0,login,,,,1,Suspicious login hour
DTAA/ARS0993,PC-0256,2010-03-01 22:00:00,22.0,login,,,,1,Suspicious login hour
DTAA/DSM0990,PC-3233,2010-03-01 22:03:00,22.0,login,,,,1,Suspicious login hour
DTAA/CLB0995,PC-0313,2010-03-01 22:18:00,22.0,login,,,,1,Suspicious login hour
DTAA/BJM0992,PC-3366,2010-03-01 22:22:00,22.0,login,,,,1,Suspicious login hour
DTAA/DSM0990,PC-3233,2010-03-01 22:27:00,22.0,login,,,,1,Suspicious login hour
DTAA/KEE0997,PC-1337,2010-03-01 22:28:00,22.0,login,,,,1,Suspicious login hour
DTAA/CLB0995,PC-0313,2010-03-01 22:29:00,22.0,login,,,,1,Suspicious login hour
DTAA/CGM0994,PC-0238,2010-03-01 22:30:00,22.0,login,,,,1,Suspicious login hour
DTAA/CGM0994,PC-0238,2010-03-01 22:36:00,22.0,login,,,,1,Suspicious login hour
DTAA/ARS0993,PC-0256,2010-03-01 22:39:00,22.0,login,,,,1,Suspicious login hour
DTAA/CLN0999,PC-3137,2010-03-01 22:44:00,22.0,login,,,,1,Suspicious login hour
DTAA/BJM0992,PC-2493,2010-03-01 23:04:00,23.0,login,,,,1,Suspicious login hour
DTAA/HCG0731,PC-4643,2010-03-01 23:11:00,23.0,login,,,,1,Suspicious login hour
DTAA/CLN0999,PC-3137,2010-03-01 23:25:00,23.0,login,,,,1,Suspicious login hour
DTAA/IRC0991,PC-2396,2010-03-01 23:26:00,23.0,login,,,,1,Suspicious login hour
DTAA/BJM0992,PC-2493,2010-03-01 23:45:00,23.0,login,,,,1,Suspicious login hour
DTAA/DSM0990,PC-1380,2010-03-01 23:55:00,23.0,login,,,,1,Suspicious login hour
DTAA/CLN0999,PC-0497,2010-03-01 23:57:00,23.0,login,,,,1,Suspicious login hour
DTAA/JTT0989,PC-0763,2010-03-02 00:03:00,0.0,login,,,,1,Suspicious login hour
DTAA/IRC0991,PC-2396,2010-03-02 00:09:00,0.0,login,,,,1,Suspicious login hour
DTAA/ARS0993,PC-3229,2010-03-02 00:13:00,0.0,login,,,,1,Suspicious login hour
DTAA/DSM0990,PC-1380,2010-03-02 00:14:00,0.0,login,,,,1,Suspicious login hour
DTAA/ARS0993,PC-3229,2010-03-02 00:14:00,0.0,login,,,,1,Suspicious login hour
DTAA/KEE0997,PC-0220,2010-03-02 00:25:00,0.0,login,,,,1,Suspicious login hour
DTAA/CLN0999,PC-0497,2010-03-02 00:27:00,0.0,login,,,,1,Suspicious login hour
DTAA/JTT0989,PC-0763,2010-03-02 00:27:00,0.0,login,,,,1,Suspicious login hour
DTAA/IRC0991,PC-2835,2010-03-02 00:28:00,0.0,login,,,,1,Suspicious login hour
DTAA/KAD0059,PC-4031,2010-03-02 00:32:00,0.0,login,,,,1,Suspicious login hour
DTAA/CLN0999,PC-0776,2010-03-02 00:35:00,0.0,login,,,,1,Suspicious login hour
DTAA/KEE0997,PC-0220,2010-03-02 00:40:00,0.0,login,,,,1,Suspicious login hour
DTAA/CLN0999,PC-0776,2010-03-02 00:49:00,0.0,login,,,,1,Suspicious login hour
DTAA/COS0121,PC-0462,2010-03-02 00:52:00,0.0,login,,,,1,Suspicious login hour
DTAA/FKR0550,PC-2469,2010-03-02 00:54:00,0.0,login,,,,1,Suspicious login hour
DTAA/IRC0991,PC-2835,2010-03-02 00:55:00,0.0,login,,,,1,Suspicious login hour
DTAA/RQH0770,PC-4225,2010-03-02 01:04:00,1.0,login,,,,1,Suspicious login hour
DTAA/CTH0082,PC-4582,2010-03-02 01:06:00,1.0,login,,,,1,Suspicious login hour
DTAA/ARS0993,PC-0425,2010-03-02 01:25:00,1.0,login,,,,1,Suspicious login hour
DTAA/DSM0990,PC-3644,2010-03-02 01:35:00,1.0,login,,,,1,Suspicious login hour
DTAA/RQH0770,PC-4225,2010-03-02 01:39:00,1.0,login,,,,1,Suspicious login hour
DTAA/DSM0990,PC-3644,2010-03-02 01:47:00,1.0,login,,,,1,Suspicious login hour
DTAA/CRC0996,PC-3136,2010-03-02 01:53:00,1.0,login,,,,1,Suspicious login hour
DTAA/ELD1000,PC-2260,2010-03-02 02:04:00,2.0,login,,,,1,Suspicious login hour
DTAA/ARS0993,PC-0425,2010-03-02 02:08:00,2.0,login,,,,1,Suspicious login hour
DTAA/KEE0997,PC-3245,2010-03-02 02:21:00,2.0,login,,,,1,Suspicious login hour
DTAA/CRC0996,PC-3136,2010-03-02 02:29:00,2.0,login,,,,1,Suspicious login hour
DTAA/ELD1000,PC-2260,2010-03-02 02:31:00,2.0,login,,,,1,Suspicious login hour
DTAA/CTH0856,PC-4677,2010-03-02 02:32:00,2.0,login,,,,1,Suspicious login hour
DTAA/KEE0997,PC-3245,2010-03-02 02:34:00,2.0,login,,,,1,Suspicious login hour
DTAA/IRC0991,PC-2876,2010-03-02 02:43:00,2.0,login,,,,1,Suspicious login hour
DTAA/IRC0991,PC-2876,2010-03-02 02:54:00,2.0,login,,,,1,Suspicious login hour
DTAA/CTH0856,PC-4677,2010-03-02 03:13:00,3.0,login,,,,1,Suspicious login hour
DTAA/OYR0801,PC-0088,2010-03-02 03:19:00,3.0,login,,,,1,Suspicious login hour
DTAA/AKW0582,PC-0891,2010-03-02 03:34:00,3.0,login,,,,1,Suspicious login hour
DTAA/JTT0989,PC-2784,2010-03-02 03:34:00,3.0,login,,,,1,Suspicious login hour
DTAA/HCG0731,PC-4643,2010-03-02 03:58:00,3.0,login,,,,1,Suspicious login hour
DTAA/JTT0989,PC-2784,2010-03-02 04:01:00,4.0,login,,,,1,Suspicious login hour
DTAA/CGM0994,PC-4482,2010-03-02 04:03:00,4.0,login,,,,1,Suspicious login hour
DTAA/DSM0990,PC-0502,2010-03-02 04:05:00,4.0,login,,,,1,Suspicious login hour
DTAA/MVW0630,PC-2005,2010-03-02 04:07:00,4.0,login,,,,1,Suspicious login hour
DTAA/JGC0775,PC-2680,2010-03-02 04:08:00,4.0,login,,,,1,Suspicious login hour
DTAA/PUH0847,PC-2550,2010-03-02 04:14:00,4.0,login,,,,1,Suspicious login hour
DTAA/JGC0775,PC-2680,2010-03-02 04:14:00,4.0,login,,,,1,Suspicious login hour
DTAA/JTT0989,PC-2791,2010-03-02 04:15:00,4.0,login,,,,1,Suspicious login hour
DTAA/CGM0994,PC-4482,2010-03-02 04:25:00,4.0,login,,,,1,Suspicious login hour
DTAA/DJW0368,PC-2518,2010-03-02 04:26:00,4.0,login,,,,1,Suspicious login hour
DTAA/DSM0990,PC-0502,2010-03-02 04:27:00,4.0,login,,,,1,Suspicious login hour
DTAA/PUH0847,PC-2550,2010-03-02 04:45:00,4.0,login,,,,1,Suspicious login hour
DTAA/JTT0989,PC-2791,2010-03-02 04:47:00,4.0,login,,,,1,Suspicious login hour
DTAA/PMB0702,PC-1792,2010-03-02 04:59:00,4.0,login,,,,1,Suspicious login hour
DTAA/IRC0991,PC-0936,2010-03-02 05:10:00,5.0,login,,,,1,Suspicious login hour
DTAA/MVW0630,PC-2005,2010-03-02 05:14:00,5.0,login,,,,1,Suspicious login hour
DTAA/ARS0993,PC-2095,2010-03-02 05:19:00,5.0,login,,,,1,Suspicious login hour
DTAA/IRC0991,PC-0936,2010-03-02 05:27:00,5.0,login,,,,1,Suspicious login hour
DTAA/OYR0801,PC-0088,2010-03-02 05:29:00,5.0,login,,,,1,Suspicious login hour
DTAA/ARS0993,PC-2095,2010-03-02 05:35:00,5.0,login,,,,1,Suspicious login hour
DTAA/NHL0521,PC-2511,2010-03-02 05:49:00,5.0,login,,,,1,Suspicious login hour
DTAA/JCC0998,PC-1389,2010-03-02 05:51:00,5.0,login,,,,1,Suspicious login hour
DTAA/PMB0702,PC-1792,2010-03-02 05:53:00,5.0,login,,,,1,Suspicious login hour
DTAA/IRC0991,PC-1046,2010-03-02 05:55:00,5.0,login,,,,1,Suspicious login hour
DTAA/ELD1000,PC-2749,2010-03-02 21:02:00,21.0,login,,,,1,Suspicious login hour
DTAA/ARC0677,PC-0465,2010-03-02 21:02:00,21.0,login,,,,1,Suspicious login hour
DTAA/ODW0839,PC-1940,2010-03-02 21:07:00,21.0,login,,,,1,Suspicious login hour
DTAA/SKL0881,PC-1581,2010-03-02 21:11:00,21.0,login,,,,1,Suspicious login hour
DTAA/VAH0262,PC-1398,2010-03-02 21:11:00,21.0,login,,,,1,Suspicious login hour
DTAA/NAT0252,PC-1796,2010-03-02 21:16:00,21.0,login,,,,1,Suspicious login hour
DTAA/CLN0999,PC-4225,2010-03-02 21:21:00,21.0,login,,,,1,Suspicious login hour
DTAA/ELD1000,PC-0406,2010-03-02 21:24:00,21.0,login,,,,1,Suspicious login hour
DTAA/ELD1000,PC-4773,2010-03-02 21:31:00,21.0,login,,,,1,Suspicious login hour
DTAA/NDS0490,PC-2549,2010-03-02 21:34:00,21.0,login,,,,1,Suspicious login hour
DTAA/HCJ0171,PC-0149,2010-03-02 21:41:00,21.0,login,,,,1,Suspicious login hour
DTAA/IRC0991,PC-3591,2010-03-02 21:46:00,21.0,login,,,,1,Suspicious login hour
DTAA/IRC0991,PC-3591,2010-03-02 21:48:00,21.0,login,,,,1,Suspicious login hour
DTAA/JTT0989,PC-1089,2010-03-02 21:51:00,21.0,login,,,,1,Suspicious login hour
DTAA/CLN0999,PC-4225,2010-03-02 22:05:00,22.0,login,,,,1,Suspicious login hour
DTAA/IMB0473,PC-4682,2010-03-02 22:09:00,22.0,login,,,,1,Suspicious login hour
DTAA/KEE0997,PC-3501,2010-03-02 22:14:00,22.0,login,,,,1,Suspicious login hour
DTAA/JTT0989,PC-1089,2010-03-02 22:34:00,22.0,login,,,,1,Suspicious login hour
DTAA/KEE0997,PC-3501,2010-03-02 22:35:00,22.0,login,,,,1,Suspicious login hour
DTAA/CLN0999,PC-4582,2010-03-02 22:40:00,22.0,login,,,,1,Suspicious login hour
DTAA/CLN0999,PC-4582,2010-03-02 23:16:00,23.0,login,,,,1,Suspicious login hour
DTAA/DSM0990,PC-1310,2010-03-02 23:19:00,23.0,login,,,,1,Suspicious login hour
DTAA/JCC0998,PC-1513,2010-03-02 23:22:00,23.0,login,,,,1,Suspicious login hour
DTAA/DSM0990,PC-1310,2010-03-02 23:24:00,23.0,login,,,,1,Suspicious login hour
DTAA/CTR0537,PC-1160,2010-03-02 23:35:00,23.0,login,,,,1,Suspicious login hour
DTAA/CSR0189,PC-3494,2010-03-02 23:36:00,23.0,login,,,,1,Suspicious login hour
DTAA/CRC0996,PC-1529,2010-03-02 23:46:00,23.0,login,,,,1,Suspicious login hour
DTAA/CSR0189,PC-3494,2010-03-02 23:48:00,23.0,login,,,,1,Suspicious login hour
DTAA/JCC0998,PC-1513,2010-03-02 23:54:00,23.0,login,,,,1,Suspicious login hour
DTAA/SHR0025,PC-0288,2010-03-02 23:54:00,23.0,login,,,,1,Suspicious login hour
DTAA/CRC0996,PC-1529,2010-03-03 00:04:00,0.0,login,,,,1,Suspicious login hour
DTAA/SHR0025,PC-0288,2010-03-03 00:08:00,0.0,login,,,,1,Suspicious login hour
DTAA/JCC0998,PC-1021,2010-03-03 00:20:00,0.0,login,,,,1,Suspicious login hour
DTAA/CRC0996,PC-0411,2010-03-03 00:24:00,0.0,login,,,,1,Suspicious login hour
DTAA/JTT0989,PC-0290,2010-03-03 00:32:00,0.0,login,,,,1,Suspicious login hour
DTAA/JCC0998,PC-3039,2010-03-03 00:40:00,0.0,login,,,,1,Suspicious login hour
DTAA/JCC0998,PC-3039,2010-03-03 00:42:00,0.0,login,,,,1,Suspicious login hour
DTAA/JTT0989,PC-0290,2010-03-03 00:53:00,0.0,login,,,,1,Suspicious login hour
DTAA/JCC0998,PC-1021,2010-03-03 00:54:00,0.0,login,,,,1,Suspicious login hour
DTAA/CRC0996,PC-0411,2010-03-03 00:57:00,0.0,login,,,,1,Suspicious login hour
DTAA/IRC0991,PC-0003,2010-03-03 01:10:00,1.0,login,,,,1,Suspicious login hour
DTAA/IRC0991,PC-2560,2010-03-03 01:49:00,1.0,login,,,,1,Suspicious login hour
DTAA/IRC0991,PC-0003,2010-03-03 01:51:00,1.0,login,,,,1,Suspicious login hour
DTAA/ABS0726,PC-3698,2010-03-03 01:58:00,1.0,login,,,,1,Suspicious login hour
DTAA/NHH0566,PC-1651,2010-03-03 02:03:00,2.0,login,,,,1,Suspicious login hour
DTAA/CGM0994,PC-3330,2010-03-03 02:04:00,2.0,login,,,,1,Suspicious login hour
DTAA/MSV0506,PC-3240,2010-03-03 02:09:00,2.0,login,,,,1,Suspicious login hour
DTAA/NHH0566,PC-1651,2010-03-03 02:09:00,2.0,login,,,,1,Suspicious login hour
DTAA/MSV0506,PC-3240,2010-03-03 02:22:00,2.0,login,,,,1,Suspicious login hour
DTAA/IRC0991,PC-2560,2010-03-03 02:27:00,2.0,login,,,,1,Suspicious login hour
DTAA/CGM0994,PC-3330,2010-03-03 02:38:00,2.0,login,,,,1,Suspicious login hour
DTAA/CMF0339,PC-1939,2010-03-03 02:56:00,2.0,login,,,,1,Suspicious login hour
DTAA/AIB0797,PC-4147,2010-03-03 03:00:00,3.0,login,,,,1,Suspicious login hour
DTAA/CSC0297,PC-2848,2010-03-03 03:01:00,3.0,login,,,,1,Suspicious login hour
DTAA/CMF0339,PC-1939,2010-03-03 03:03:00,3.0,login,,,,1,Suspicious login hour
DTAA/JTT0989,PC-4563,2010-03-03 03:21:00,3.0,login,,,,1,Suspicious login hour
DTAA/CSC0297,PC-2848,2010-03-03 03:22:00,3.0,login,,,,1,Suspicious login hour
DTAA/JTT0989,PC-4563,2010-03-03 03:25:00,3.0,login,,,,1,Suspicious login hour
DTAA/CRC0996,PC-1441,2010-03-03 03:28:00,3.0,login,,,,1,Suspicious login hour
DTAA/BJM0992,PC-0807,2010-03-03 03:29:00,3.0,login,,,,1,Suspicious login hour
DTAA/DSM0990,PC-0891,2010-03-03 03:35:00,3.0,login,,,,1,Suspicious login hour
DTAA/HTS0265,PC-1744,2010-03-03 03:37:00,3.0,login,,,,1,Suspicious login hour
DTAA/AIB0797,PC-4147,2010-03-03 03:59:00,3.0,login,,,,1,Suspicious login hour
DTAA/IMB0473,PC-4682,2010-03-03 04:04:00,4.0,login,,,,1,Suspicious login hour
DTAA/CRC0996,PC-1441,2010-03-03 04:05:00,4.0,login,,,,1,Suspicious login hour
DTAA/CWG0305,PC-1107,2010-03-03 04:05:00,4.0,login,,,,1,Suspicious login hour
DTAA/BJM0992,PC-0807,2010-03-03 04:08:00,4.0,login,,,,1,Suspicious login hour
DTAA/DSM0990,PC-0891,2010-03-03 04:19:00,4.0,login,,,,1,Suspicious login hour
DTAA/KEE0997,PC-0735,2010-03-03 04:20:00,4.0,login,,,,1,Suspicious login hour
DTAA/KEE0997,PC-0735,2010-03-03 04:21:00,4.0,login,,,,1,Suspicious login hour
DTAA/AFF0760,PC-2804,2010-03-03 04:35:00,4.0,login,,,,1,Suspicious login hour
DTAA/CWG0305,PC-1107,2010-03-03 04:42:00,4.0,login,,,,1,Suspicious login hour
DTAA/BFO0974,PC-2099,2010-03-03 04:43:00,4.0,login,,,,1,Suspicious login hour
DTAA/AFF0760,PC-2804,2010-03-03 04:47:00,4.0,login,,,,1,Suspicious login hour
DTAA/BFO0974,PC-2099,2010-03-03 05:09:00,5.0,login,,,,1,Suspicious login hour
DTAA/HTS0265,PC-1744,2010-03-03 05:13:00,5.0,login,,,,1,Suspicious login hour
DTAA/DFZ0063,PC-4442,2010-03-03 05:13:00,5.0,login,,,,1,Suspicious login hour
DTAA/ABS0726,PC-3698,2010-03-03 05:16:00,5.0,login,,,,1,Suspicious login hour
DTAA/CTR0537,PC-1160,2010-03-03 05:26:00,5.0,login,,,,1,Suspicious login hour
DTAA/CHS0324,PC-3251,2010-03-03 05:47:00,5.0,login,,,,1,Suspicious login hour
DTAA/CLB0995,PC-2027,2010-03-03 05:49:00,5.0,login,,,,1,Suspicious login hour
DTAA/CHS0324,PC-3251,2010-03-03 05:50:00,5.0,login,,,,1,Suspicious login hour
DTAA/CLB0995,PC-3261,2010-03-03 21:04:00,21.0,login,,,,1,Suspicious login hour
DTAA/ODW0839,PC-1940,2010-03-03 21:08:00,21.0,login,,,,1,Suspicious login hour
DTAA/ARC0677,PC-0465,2010-03-03 21:09:00,21.0,login,,,,1,Suspicious login hour
DTAA/SKL0881,PC-1581,2010-03-03 21:19:00,21.0,login,,,,1,Suspicious login hour
DTAA/ARS0993,PC-0666,2010-03-03 21:19:00,21.0,login,,,,1,Suspicious login hour
DTAA/ELD1000,PC-4002,2010-03-03 21:21:00,21.0,login,,,,1,Suspicious login hour
DTAA/NAT0252,PC-1796,2010-03-03 21:21:00,21.0,login,,,,1,Suspicious login hour
DTAA/VAH0262,PC-1398,2010-03-03 21:24:00,21.0,login,,,,1,Suspicious login hour
DTAA/BAF0379,PC-3645,2010-03-03 21:24:00,21.0,login,,,,1,Suspicious login hour
DTAA/CLB0995,PC-3261,2010-03-03 21:29:00,21.0,login,,,,1,Suspicious login hour
DTAA/BJM0992,PC-3070,2010-03-03 21:31:00,21.0,login,,,,1,Suspicious login hour
DTAA/NDS0490,PC-2549,2010-03-03 21:31:00,21.0,login,,,,1,Suspicious login hour
DTAA/ELD1000,PC-3348,2010-03-03 21:35:00,21.0,login,,,,1,Suspicious login hour
DTAA/JTT0989,PC-3946,2010-03-03 21:42:00,21.0,login,,,,1,Suspicious login hour
DTAA/ELD1000,PC-4002,2010-03-03 22:04:00,22.0,login,,,,1,Suspicious login hour
DTAA/JTT0989,PC-3946,2010-03-03 22:06:00,22.0,login,,,,1,Suspicious login hour
DTAA/JTT0989,PC-0346,2010-03-03 22:10:00,22.0,login,,,,1,Suspicious login hour
DTAA/ELD1000,PC-3348,2010-03-03 22:15:00,22.0,login,,,,1,Suspicious login hour
DTAA/JTT0989,PC-0346,2010-03-03 22:38:00,22.0,login,,,,1,Suspicious login hour
DTAA/IRC0991,PC-2437,2010-03-03 22:52:00,22.0,login,,,,1,Suspicious login hour
DTAA/IRC0991,PC-2437,2010-03-03 22:55:00,22.0,login,,,,1,Suspicious login hour
DTAA/IKH0904,PC-3664,2010-03-03 23:10:00,23.0,login,,,,1,Suspicious login hour
DTAA/EOS0972,PC-4981,2010-03-03 23:25:00,23.0,login,,,,1,Suspicious login hour
DTAA/DSM0990,PC-4072,2010-03-03 23:30:00,23.0,login,,,,1,Suspicious login hour
DTAA/EOS0972,PC-4981,2010-03-03 23:34:00,23.0,login,,,,1,Suspicious login hour
DTAA/DSM0990,PC-4072,2010-03-03 23:37:00,23.0,login,,,,1,Suspicious login hour
DTAA/NDS0490,PC-2549,2010-03-03 23:50:00,23.0,login,,,,1,Suspicious login hour
DTAA/IKH0904,PC-3664,2010-03-04 00:02:00,0.0,login,,,,1,Suspicious login hour
DTAA/CLB0995,PC-3174,2010-03-04 00:13:00,0.0,login,,,,1,Suspicious login hour
DTAA/JTT0989,PC-3872,2010-03-04 00:14:00,0.0,login,,,,1,Suspicious login hour
DTAA/CGM0994,PC-1355,2010-03-04 00:15:00,0.0,login,,,,1,Suspicious login hour
DTAA/CGM0994,PC-1355,2010-03-04 00:19:00,0.0,login,,,,1,Suspicious login hour
DTAA/JCC0998,PC-1155,2010-03-04 00:26:00,0.0,login,,,,1,Suspicious login hour
DTAA/BJM0992,PC-2015,2010-03-04 00:30:00,0.0,login,,,,1,Suspicious login hour
DTAA/JTT0989,PC-3872,2010-03-04 00:32:00,0.0,login,,,,1,Suspicious login hour
DTAA/CLB0995,PC-3174,2010-03-04 00:32:00,0.0,login,,,,1,Suspicious login hour
DTAA/JCC0998,PC-1155,2010-03-04 00:46:00,0.0,login,,,,1,Suspicious login hour
DTAA/BJM0992,PC-2015,2010-03-04 00:47:00,0.0,login,,,,1,Suspicious login hour
DTAA/CRC0996,PC-0797,2010-03-04 01:00:00,1.0,login,,,,1,Suspicious login hour
DTAA/IRC0991,PC-0214,2010-03-04 01:01:00,1.0,login,,,,1,Suspicious login hour
DTAA/CRC0996,PC-0797,2010-03-04 01:05:00,1.0,login,,,,1,Suspicious login hour
DTAA/IRC0991,PC-0214,2010-03-04 01:07:00,1.0,login,,,,1,Suspicious login hour
DTAA/ELD1000,PC-4863,2010-03-04 01:35:00,1.0,login,,,,1,Suspicious login hour
DTAA/ELD1000,PC-4863,2010-03-04 01:38:00,1.0,login,,,,1,Suspicious login hour
DTAA/BJM0992,PC-4705,2010-03-04 01:42:00,1.0,login,,,,1,Suspicious login hour
DTAA/EMR0242,PC-1306,2010-03-04 01:59:00,1.0,login,,,,1,Suspicious login hour
DTAA/BJM0992,PC-4705,2010-03-04 02:00:00,2.0,login,,,,1,Suspicious login hour
DTAA/BJM0992,PC-2707,2010-03-04 02:14:00,2.0,login,,,,1,Suspicious login hour
DTAA/CLB0995,PC-3669,2010-03-04 02:25:00,2.0,login,,,,1,Suspicious login hour
DTAA/BJM0992,PC-2707,2010-03-04 02:31:00,2.0,login,,,,1,Suspicious login hour
DTAA/BAF0379,PC-3645,2010-03-04 02:43:00,2.0,login,,,,1,Suspicious login hour
DTAA/CLB0995,PC-3669,2010-03-04 02:44:00,2.0,login,,,,1,Suspicious login hour
DTAA/HTC0607,PC-1033,2010-03-04 02:50:00,2.0,login,,,,1,Suspicious login hour
DTAA/HNS0858,PC-3790,2010-03-04 03:00:00,3.0,login,,,,1,Suspicious login hour
DTAA/ARS0993,PC-3976,2010-03-04 03:34:00,3.0,login,,,,1,Suspicious login hour
DTAA/DSM0990,PC-4658,2010-03-04 03:38:00,3.0,login,,,,1,Suspicious login hour
DTAA/JTT0989,PC-4788,2010-03-04 03:40:00,3.0,login,,,,1,Suspicious login hour
DTAA/EMR0242,PC-1306,2010-03-04 03:52:00,3.0,login,,,,1,Suspicious login hour
DTAA/KEE0997,PC-3080,2010-03-04 03:54:00,3.0,login,,,,1,Suspicious login hour
DTAA/KEE0997,PC-3080,2010-03-04 03:56:00,3.0,login,,,,1,Suspicious login hour
DTAA/BJM0992,PC-0262,2010-03-04 04:02:00,4.0,login,,,,1,Suspicious login hour
DTAA/DSM0990,PC-4658,2010-03-04 04:06:00,4.0,login,,,,1,Suspicious login hour
DTAA/ARS0993,PC-3976,2010-03-04 04:06:00,4.0,login,,,,1,Suspicious login hour
DTAA/JTT0989,PC-0434,2010-03-04 04:09:00,4.0,login,,,,1,Suspicious login hour
DTAA/JTT0989,PC-4788,2010-03-04 04:10:00,4.0,login,,,,1,Suspicious login hour
DTAA/AJA0220,PC-3872,2010-03-04 04:15:00,4.0,login,,,,1,Suspicious login hour
DTAA/BJM0992,PC-0026,2010-03-04 04:20:00,4.0,login,,,,1,Suspicious login hour
DTAA/BJM0992,PC-0262,2010-03-04 04:28:00,4.0,login,,,,1,Suspicious login hour
DTAA/ARS0993,PC-3426,2010-03-04 04:28:00,4.0,login,,,,1,Suspicious login hour
DTAA/JTT0989,PC-0434,2010-03-04 04:34:00,4.0,login,,,,1,Suspicious login hour
DTAA/CRC0996,PC-2950,2010-03-04 04:37:00,4.0,login,,,,1,Suspicious login hour
DTAA/IRC0991,PC-0002,2010-03-04 04:39:00,4.0,login,,,,1,Suspicious login hour
DTAA/IRC0991,PC-0002,2010-03-04 04:40:00,4.0,login,,,,1,Suspicious login hour
DTAA/CRC0996,PC-2950,2010-03-04 04:50:00,4.0,login,,,,1,Suspicious login hour
DTAA/ARS0993,PC-3426,2010-03-04 04:52:00,4.0,login,,,,1,Suspicious login hour
DTAA/CLN0999,PC-1822,2010-03-04 04:56:00,4.0,login,,,,1,Suspicious login hour
DTAA/BJM0992,PC-0026,2010-03-04 05:03:00,5.0,login,,,,1,Suspicious login hour
DTAA/NDS0490,PC-2549,2010-03-04 05:20:00,5.0,login,,,,1,Suspicious login hour
DTAA/CLN0999,PC-1822,2010-03-04 05:38:00,5.0,login,,,,1,Suspicious login hour
DTAA/ARS0993,PC-4079,2010-03-04 05:41:00,5.0,login,,,,1,Suspicious login hour
DTAA/HTC0607,PC-1033,2010-03-04 05:56:00,5.0,login,,,,1,Suspicious login hour
DTAA/JTT0989,PC-4694,2010-03-04 21:02:00,21.0,login,,,,1,Suspicious login hour
DTAA/ODW0839,PC-1940,2010-03-04 21:03:00,21.0,login,,,,1,Suspicious login hour
DTAA/ELD1000,PC-1537,2010-03-04 21:04:00,21.0,login,,,,1,Suspicious login hour
DTAA/KEE0997,PC-0381,2010-03-04 21:05:00,21.0,login,,,,1,Suspicious login hour
DTAA/CLN0999,PC-0149,2010-03-04 21:06:00,21.0,login,,,,1,Suspicious login hour
DTAA/NAT0252,PC-1796,2010-03-04 21:13:00,21.0,login,,,,1,Suspicious login hour
DTAA/SKL0881,PC-1581,2010-03-04 21:14:00,21.0,login,,,,1,Suspicious login hour
DTAA/IRC0991,PC-2662,2010-03-04 21:17:00,21.0,login,,,,1,Suspicious login hour
DTAA/DSM0990,PC-4184,2010-03-04 21:18:00,21.0,login,,,,1,Suspicious login hour
DTAA/KEE0997,PC-0381,2010-03-04 21:21:00,21.0,login,,,,1,Suspicious login hour
DTAA/JCS0873,PC-1560,2010-03-04 21:21:00,21.0,login,,,,1,Suspicious login hour
DTAA/VAH0262,PC-1398,2010-03-04 21:21:00,21.0,login,,,,1,Suspicious login hour
DTAA/ELD1000,PC-1537,2010-03-04 21:21:00,21.0,login,,,,1,Suspicious login hour
DTAA/CLN0999,PC-2722,2010-03-04 21:24:00,21.0,login,,,,1,Suspicious login hour
DTAA/KEE0997,PC-1261,2010-03-04 21:29:00,21.0,login,,,,1,Suspicious login hour
DTAA/NDS0490,PC-2549,2010-03-04 21:36:00,21.0,login,,,,1,Suspicious login hour
DTAA/IRC0991,PC-2662,2010-03-04 21:40:00,21.0,login,,,,1,Suspicious login hour
DTAA/CLN0999,PC-2722,2010-03-04 21:47:00,21.0,login,,,,1,Suspicious login hour
DTAA/DSM0990,PC-4184,2010-03-04 21:55:00,21.0,login,,,,1,Suspicious login hour
DTAA/KEE0997,PC-1261,2010-03-04 21:57:00,21.0,login,,,,1,Suspicious login hour
DTAA/SDC0032,PC-3081,2010-03-04 22:16:00,22.0,login,,,,1,Suspicious login hour
DTAA/LJR0772,PC-3780,2010-03-04 22:25:00,22.0,login,,,,1,Suspicious login hour
DTAA/AGW0182,PC-4531,2010-03-04 23:18:00,23.0,login,,,,1,Suspicious login hour
DTAA/CRC0996,PC-2359,2010-03-04 23:37:00,23.0,login,,,,1,Suspicious login hour
DTAA/LJR0772,PC-3780,2010-03-05 00:00:00,0.0,login,,,,1,Suspicious login hour
DTAA/CRC0996,PC-2359,2010-03-05 00:13:00,0.0,login,,,,1,Suspicious login hour
DTAA/CLB0995,PC-1586,2010-03-05 00:22:00,0.0,login,,,,1,Suspicious login hour
DTAA/CHA0174,PC-2751,2010-03-05 00:26:00,0.0,login,,,,1,Suspicious login hour
DTAA/ARS0993,PC-3459,2010-03-05 00:43:00,0.0,login,,,,1,Suspicious login hour
DTAA/SAH0192,PC-4079,2010-03-05 00:44:00,0.0,login,,,,1,Suspicious login hour
DTAA/COS0121,PC-0462,2010-03-05 00:44:00,0.0,login,,,,1,Suspicious login hour
DTAA/CLB0995,PC-1586,2010-03-05 00:46:00,0.0,login,,,,1,Suspicious login hour
DTAA/NDM0893,PC-0322,2010-03-05 00:51:00,0.0,login,,,,1,Suspicious login hour
DTAA/ARS0993,PC-1313,2010-03-05 00:56:00,0.0,login,,,,1,Suspicious login hour
DTAA/MCF0427,PC-3754,2010-03-05 01:04:00,1.0,login,,,,1,Suspicious login hour
DTAA/ARS0993,PC-1313,2010-03-05 01:05:00,1.0,login,,,,1,Suspicious login hour
DTAA/ARS0993,PC-3459,2010-03-05 01:14:00,1.0,login,,,,1,Suspicious login hour
DTAA/IRC0991,PC-4738,2010-03-05 01:17:00,1.0,login,,,,1,Suspicious login hour
DTAA/ASO0023,PC-3990,2010-03-05 01:20:00,1.0,login,,,,1,Suspicious login hour
DTAA/CHA0174,PC-2751,2010-03-05 01:30:00,1.0,login,,,,1,Suspicious login hour
DTAA/CLB0995,PC-1796,2010-03-05 01:35:00,1.0,login,,,,1,Suspicious login hour
DTAA/IRC0991,PC-4738,2010-03-05 01:40:00,1.0,login,,,,1,Suspicious login hour
DTAA/COS0121,PC-0462,2010-03-05 01:44:00,1.0,login,,,,1,Suspicious login hour
DTAA/ARS0993,PC-3148,2010-03-05 01:47:00,1.0,login,,,,1,Suspicious login hour
DTAA/JCC0998,PC-0288,2010-03-05 01:59:00,1.0,login,,,,1,Suspicious login hour
DTAA/CLB0995,PC-1796,2010-03-05 02:04:00,2.0,login,,,,1,Suspicious login hour
DTAA/KEE0997,PC-3607,2010-03-05 02:07:00,2.0,login,,,,1,Suspicious login hour
DTAA/CRC0996,PC-1028,2010-03-05 02:25:00,2.0,login,,,,1,Suspicious login hour
DTAA/KEE0997,PC-3607,2010-03-05 02:26:00,2.0,login,,,,1,Suspicious login hour
DTAA/ARS0993,PC-3148,2010-03-05 02:31:00,2.0,login,,,,1,Suspicious login hour
DTAA/SDC0032,PC-3081,2010-03-05 02:35:00,2.0,login,,,,1,Suspicious login hour
DTAA/CRC0996,PC-1028,2010-03-05 02:36:00,2.0,login,,,,1,Suspicious login hour
DTAA/JCC0998,PC-0288,2010-03-05 02:39:00,2.0,login,,,,1,Suspicious login hour
DTAA/CLB0995,PC-2902,2010-03-05 02:42:00,2.0,login,,,,1,Suspicious login hour
DTAA/CLB0995,PC-2902,2010-03-05 02:42:00,2.0,login,,,,1,Suspicious login hour
DTAA/CGM0994,PC-3284,2010-03-05 02:47:00,2.0,login,,,,1,Suspicious login hour
DTAA/KEE0997,PC-0184,2010-03-05 02:51:00,2.0,login,,,,1,Suspicious login hour
DTAA/CGM0994,PC-3284,2010-03-05 03:00:00,3.0,login,,,,1,Suspicious login hour
DTAA/AJP0553,PC-1270,2010-03-05 03:18:00,3.0,login,,,,1,Suspicious login hour
DTAA/KEE0997,PC-0184,2010-03-05 03:21:00,3.0,login,,,,1,Suspicious login hour
DTAA/AJP0553,PC-1270,2010-03-05 03:24:00,3.0,login,,,,1,Suspicious login hour
DTAA/ARS0993,PC-0768,2010-03-05 03:30:00,3.0,login,,,,1,Suspicious login hour
DTAA/ELD1000,PC-2350,2010-03-05 03:33:00,3.0,login,,,,1,Suspicious login hour
DTAA/BJM0992,PC-3465,2010-03-05 03:36:00,3.0,login,,,,1,Suspicious login hour
DTAA/ASO0023,PC-3990,2010-03-05 03:37:00,3.0,login,,,,1,Suspicious login hour
DTAA/ARS0993,PC-0768,2010-03-05 03:51:00,3.0,login,,,,1,Suspicious login hour
DTAA/ZAB0889,PC-2844,2010-03-05 03:52:00,3.0,login,,,,1,Suspicious login hour
DTAA/BJM0992,PC-3465,2010-03-05 04:04:00,4.0,login,,,,1,Suspicious login hour
DTAA/KEE0997,PC-2110,2010-03-05 04:09:00,4.0,login,,,,1,Suspicious login hour
DTAA/NDM0893,PC-0322,2010-03-05 04:13:00,4.0,login,,,,1,Suspicious login hour
DTAA/CLK0383,PC-0419,2010-03-05 04:17:00,4.0,login,,,,1,Suspicious login hour
DTAA/ELD1000,PC-2350,2010-03-05 04:17:00,4.0,login,,,,1,Suspicious login hour
DTAA/ARS0993,PC-3721,2010-03-05 04:20:00,4.0,login,,,,1,Suspicious login hour
DTAA/JCS0873,PC-1560,2010-03-05 04:20:00,4.0,login,,,,1,Suspicious login hour
DTAA/CLN0999,PC-2601,2010-03-05 04:26:00,4.0,login,,,,1,Suspicious login hour
DTAA/CLN0999,PC-3698,2010-03-05 04:36:00,4.0,login,,,,1,Suspicious login hour
DTAA/KEE0997,PC-2110,2010-03-05 04:39:00,4.0,login,,,,1,Suspicious login hour
DTAA/ARS0993,PC-3721,2010-03-05 04:39:00,4.0,login,,,,1,Suspicious login hour
DTAA/DIS0382,PC-2501,2010-03-05 04:44:00,4.0,login,,,,1,Suspicious login hour
DTAA/GYT0279,PC-2791,2010-03-05 04:48:00,4.0,login,,,,1,Suspicious login hour
DTAA/CLK0383,PC-0419,2010-03-05 04:54:00,4.0,login,,,,1,Suspicious login hour
DTAA/CLB0995,PC-0813,2010-03-05 04:54:00,4.0,login,,,,1,Suspicious login hour
DTAA/CLN0999,PC-3698,2010-03-05 05:00:00,5.0,login,,,,1,Suspicious login hour
DTAA/CLN0999,PC-2601,2010-03-05 05:02:00,5.0,login,,,,1,Suspicious login hour
DTAA/CLB0995,PC-0813,2010-03-05 05:21:00,5.0,login,,,,1,Suspicious login hour
DTAA/AMA0191,PC-4736,2010-03-05 05:35:00,5.0,login,,,,1,Suspicious login hour
DTAA/ZAB0889,PC-2844,2010-03-05 05:52:00,5.0,login,,,,1,Suspicious login hour
DTAA/DIS0382,PC-2501,2010-03-05 05:59:00,5.0,login,,,,1,Suspicious login hour
DTAA/ARC0677,PC-0465,2010-03-05 21:00:00,21.0,login,,,,1,Suspicious login hour
DTAA/CTH0856,PC-4677,2010-03-05 21:08:00,21.0,login,,,,1,Suspicious login hour
DTAA/KEE0997,PC-2848,2010-03-05 21:10:00,21.0,login,,,,1,Suspicious login hour
DTAA/SKL0881,PC-1581,2010-03-05 21:11:00,21.0,login,,,,1,Suspicious login hour
DTAA/VAH0262,PC-1398,2010-03-05 21:11:00,21.0,login,,,,1,Suspicious login hour
DTAA/KEE0997,PC-2848,2010-03-05 21:12:00,21.0,login,,,,1,Suspicious login hour
DTAA/CLN0999,PC-2333,2010-03-05 21:16:00,21.0,login,,,,1,Suspicious login hour
DTAA/NAT0252,PC-1796,2010-03-05 21:20:00,21.0,login,,,,1,Suspicious login hour
DTAA/CLN0999,PC-2333,2010-03-05 21:23:00,21.0,login,,,,1,Suspicious login hour
DTAA/DSM0990,PC-0825,2010-03-05 21:25:00,21.0,login,,,,1,Suspicious login hour
DTAA/NDS0490,PC-2549,2010-03-05 21:27:00,21.0,login,,,,1,Suspicious login hour
DTAA/BJM0992,PC-3192,2010-03-05 21:47:00,21.0,login,,,,1,Suspicious login hour
DTAA/JAH0544,PC-4081,2010-03-05 22:03:00,22.0,login,,,,1,Suspicious login hour
DTAA/CRC0996,PC-3128,2010-03-05 22:12:00,22.0,login,,,,1,Suspicious login hour
DTAA/BJM0992,PC-3192,2010-03-05 22:21:00,22.0,login,,,,1,Suspicious login hour
DTAA/BIR0534,PC-1834,2010-03-05 22:33:00,22.0,login,,,,1,Suspicious login hour
DTAA/CRC0996,PC-3128,2010-03-05 22:35:00,22.0,login,,,,1,Suspicious login hour
DTAA/ELD1000,PC-0416,2010-03-05 23:58:00,23.0,login,,,,1,Suspicious login hour
DTAA/ELD1000,PC-0416,2010-03-06 00:18:00,0.0,login,,,,1,Suspicious login hour
DTAA/MQL0135,PC-4656,2010-03-06 00:33:00,0.0,login,,,,1,Suspicious login hour
DTAA/FKR0550,PC-2469,2010-03-06 02:10:00,2.0,login,,,,1,Suspicious login hour
DTAA/CTH0856,PC-4677,2010-03-06 02:18:00,2.0,login,,,,1,Suspicious login hour
DTAA/CMF0339,PC-1939,2010-03-06 02:20:00,2.0,login,,,,1,Suspicious login hour
DTAA/JAH0544,PC-4081,2010-03-06 03:01:00,3.0,login,,,,1,Suspicious login hour
DTAA/BTW0973,PC-4462,2010-03-06 03:20:00,3.0,login,,,,1,Suspicious login hour
DTAA/MQL0135,PC-4656,2010-03-06 03:30:00,3.0,login,,,,1,Suspicious login hour
DTAA/DJW0368,PC-2518,2010-03-06 04:04:00,4.0,login,,,,1,Suspicious login hour
DTAA/CMF0339,PC-1939,2010-03-06 04:27:00,4.0,login,,,,1,Suspicious login hour
DTAA/FKR0550,PC-2469,2010-03-06 05:01:00,5.0,login,,,,1,Suspicious login hour
DTAA/DJW0368,PC-2518,2010-03-06 05:01:00,5.0,login,,,,1,Suspicious login hour
DTAA/WTA0867,PC-1522,2010-03-06 05:22:00,5.0,login,,,,1,Suspicious login hour
DTAA/WTA0867,PC-1522,2010-03-06 05:52:00,5.0,login,,,,1,Suspicious login hour
DTAA/JTT0989,PC-3185,2010-03-08 00:14:00,0.0,login,,,,1,Suspicious login hour
DTAA/CGM0994,PC-0292,2010-03-08 00:19:00,0.0,login,,,,1,Suspicious login hour
DTAA/CGM0994,PC-0292,2010-03-08 00:32:00,0.0,login,,,,1,Suspicious login hour
DTAA/JTT0989,PC-3185,2010-03-08 00:33:00,0.0,login,,,,1,Suspicious login hour
DTAA/ARS0993,PC-2979,2010-03-08 00:35:00,0.0,login,,,,1,Suspicious login hour
DTAA/KEE0997,PC-1917,2010-03-08 00:39:00,0.0,login,,,,1,Suspicious login hour
DTAA/CLB0995,PC-1744,2010-03-08 00:42:00,0.0,login,,,,1,Suspicious login hour
DTAA/ARS0993,PC-2979,2010-03-08 00:49:00,0.0,login,,,,1,Suspicious login hour
DTAA/DSM0990,PC-0530,2010-03-08 00:50:00,0.0,login,,,,1,Suspicious login hour
DTAA/DSM0990,PC-0530,2010-03-08 00:52:00,0.0,login,,,,1,Suspicious login hour
DTAA/KEE0997,PC-1917,2010-03-08 00:57:00,0.0,login,,,,1,Suspicious login hour
DTAA/CGM0994,PC-1345,2010-03-08 01:13:00,1.0,login,,,,1,Suspicious login hour
DTAA/CGM0994,PC-3965,2010-03-08 01:14:00,1.0,login,,,,1,Suspicious login hour
DTAA/CLB0995,PC-1744,2010-03-08 01:18:00,1.0,login,,,,1,Suspicious login hour
DTAA/CGM0994,PC-3965,2010-03-08 01:30:00,1.0,login,,,,1,Suspicious login hour
DTAA/BJM0992,PC-4772,2010-03-08 01:39:00,1.0,login,,,,1,Suspicious login hour
DTAA/CGM0994,PC-1345,2010-03-08 01:47:00,1.0,login,,,,1,Suspicious login hour
DTAA/DSM0990,PC-2567,2010-03-08 01:50:00,1.0,login,,,,1,Suspicious login hour
DTAA/KEE0997,PC-4467,2010-03-08 01:54:00,1.0,login,,,,1,Suspicious login hour
DTAA/BJM0992,PC-4772,2010-03-08 02:05:00,2.0,login,,,,1,Suspicious login hour
DTAA/DSM0990,PC-2567,2010-03-08 02:07:00,2.0,login,,,,1,Suspicious login hour
DTAA/KEE0997,PC-4467,2010-03-08 02:15:00,2.0,login,,,,1,Suspicious login hour
DTAA/BJM0992,PC-3668,2010-03-08 02:34:00,2.0,login,,,,1,Suspicious login hour
DTAA/BJM0992,PC-2202,2010-03-08 02:45:00,2.0,login,,,,1,Suspicious login hour
DTAA/BJM0992,PC-2202,2010-03-08 02:49:00,2.0,login,,,,1,Suspicious login hour
DTAA/BJM0992,PC-3668,2010-03-08 03:14:00,3.0,login,,,,1,Suspicious login hour
DTAA/CLB0995,PC-2382,2010-03-08 03:50:00,3.0,login,,,,1,Suspicious login hour
DTAA/CGM0994,PC-1703,2010-03-08 03:51:00,3.0,login,,,,1,Suspicious login hour
DTAA/CLB0995,PC-2382,2010-03-08 04:12:00,4.0,login,,,,1,Suspicious login hour
DTAA/CGM0994,PC-1703,2010-03-08 04:24:00,4.0,login,,,,1,Suspicious login hour
DTAA/KEE0997,PC-2753,2010-03-08 04:30:00,4.0,login,,,,1,Suspicious login hour
DTAA/KEE0997,PC-2753,2010-03-08 04:36:00,4.0,login,,,,1,Suspicious login hour
DTAA/CLN0999,PC-2469,2010-03-08 04:40:00,4.0,login,,,,1,Suspicious login hour
DTAA/ELD1000,PC-4650,2010-03-08 04:59:00,4.0,login,,,,1,Suspicious login hour
DTAA/CLN0999,PC-2469,2010-03-08 05:04:00,5.0,login,,,,1,Suspicious login hour
DTAA/ELD1000,PC-1228,2010-03-08 05:11:00,5.0,login,,,,1,Suspicious login hour
DTAA/CGM0994,PC-1469,2010-03-08 05:14:00,5.0,login,,,,1,Suspicious login hour
DTAA/CGM0994,PC-1469,2010-03-08 05:17:00,5.0,login,,,,1,Suspicious login hour
DTAA/CGM0994,PC-4381,2010-03-08 05:22:00,5.0,login,,,,1,Suspicious login hour
DTAA/ELD1000,PC-4650,2010-03-08 05:22:00,5.0,login,,,,1,Suspicious login hour
DTAA/CGM0994,PC-4381,2010-03-08 05:37:00,5.0,login,,,,1,Suspicious login hour
DTAA/ELD1000,PC-1228,2010-03-08 05:41:00,5.0,login,,,,1,Suspicious login hour
DTAA/CLB0995,PC-4598,2010-03-08 05:59:00,5.0,login,,,,1,Suspicious login hour
DTAA/ODW0839,PC-1940,2010-03-08 21:00:00,21.0,login,,,,1,Suspicious login hour
DTAA/BJM0992,PC-1587,2010-03-08 21:03:00,21.0,login,,,,1,Suspicious login hour
DTAA/ARC0677,PC-0465,2010-03-08 21:04:00,21.0,login,,,,1,Suspicious login hour
DTAA/NAT0252,PC-1796,2010-03-08 21:15:00,21.0,login,,,,1,Suspicious login hour
DTAA/VAH0262,PC-1398,2010-03-08 21:15:00,21.0,login,,,,1,Suspicious login hour
DTAA/KEE0997,PC-4327,2010-03-08 21:19:00,21.0,login,,,,1,Suspicious login hour
DTAA/SKL0881,PC-1581,2010-03-08 21:23:00,21.0,login,,,,1,Suspicious login hour
DTAA/RBC0879,PC-1261,2010-03-08 21:27:00,21.0,login,,,,1,Suspicious login hour
DTAA/CLB0995,PC-2377,2010-03-08 21:30:00,21.0,login,,,,1,Suspicious login hour
DTAA/NDS0490,PC-2549,2010-03-08 21:34:00,21.0,login,,,,1,Suspicious login hour
DTAA/JTT0989,PC-0465,2010-03-08 21:35:00,21.0,login,,,,1,Suspicious login hour
DTAA/DSM0990,PC-2652,2010-03-08 21:53:00,21.0,login,,,,1,Suspicious login hour
DTAA/ELD1000,PC-3109,2010-03-08 21:56:00,21.0,login,,,,1,Suspicious login hour
DTAA/ELD1000,PC-3109,2010-03-08 22:00:00,22.0,login,,,,1,Suspicious login hour
DTAA/JTT0989,PC-3490,2010-03-08 22:11:00,22.0,login,,,,1,Suspicious login hour
DTAA/CRC0996,PC-2680,2010-03-08 22:11:00,22.0,login,,,,1,Suspicious login hour
DTAA/CGM0994,PC-2615,2010-03-08 22:13:00,22.0,login,,,,1,Suspicious login hour
DTAA/CGM0994,PC-2615,2010-03-08 22:23:00,22.0,login,,,,1,Suspicious login hour
DTAA/DSM0990,PC-2652,2010-03-08 22:24:00,22.0,login,,,,1,Suspicious login hour
DTAA/CRC0996,PC-2680,2010-03-08 22:30:00,22.0,login,,,,1,Suspicious login hour
DTAA/ARS0993,PC-2052,2010-03-08 22:35:00,22.0,login,,,,1,Suspicious login hour
DTAA/JTT0989,PC-3490,2010-03-08 22:36:00,22.0,login,,,,1,Suspicious login hour
DTAA/JCC0998,PC-2396,2010-03-08 22:43:00,22.0,login,,,,1,Suspicious login hour
DTAA/IRC0991,PC-0313,2010-03-08 22:44:00,22.0,login,,,,1,Suspicious login hour
DTAA/DSM0990,PC-0124,2010-03-08 23:03:00,23.0,login,,,,1,Suspicious login hour
DTAA/IRC0991,PC-0313,2010-03-08 23:04:00,23.0,login,,,,1,Suspicious login hour
DTAA/AFO0022,PC-2218,2010-03-08 23:05:00,23.0,login,,,,1,Suspicious login hour
DTAA/BJM0992,PC-4983,2010-03-08 23:08:00,23.0,login,,,,1,Suspicious login hour
DTAA/ARS0993,PC-2052,2010-03-08 23:09:00,23.0,login,,,,1,Suspicious login hour
DTAA/JCC0998,PC-2396,2010-03-08 23:09:00,23.0,login,,,,1,Suspicious login hour
DTAA/BJM0992,PC-3632,2010-03-08 23:28:00,23.0,login,,,,1,Suspicious login hour
DTAA/ELD1000,PC-2889,2010-03-08 23:29:00,23.0,login,,,,1,Suspicious login hour
DTAA/AFO0022,PC-2218,2010-03-08 23:33:00,23.0,login,,,,1,Suspicious login hour
DTAA/BJM0992,PC-4983,2010-03-08 23:36:00,23.0,login,,,,1,Suspicious login hour
DTAA/DSM0990,PC-0124,2010-03-08 23:38:00,23.0,login,,,,1,Suspicious login hour
DTAA/BJM0992,PC-3632,2010-03-08 23:42:00,23.0,login,,,,1,Suspicious login hour
DTAA/ELD1000,PC-2889,2010-03-08 23:52:00,23.0,login,,,,1,Suspicious login hour
DTAA/CGM0994,PC-4398,2010-03-09 00:14:00,0.0,login,,,,1,Suspicious login hour
DTAA/DSM0990,PC-1431,2010-03-09 00:21:00,0.0,login,,,,1,Suspicious login hour
DTAA/IRC0991,PC-1946,2010-03-09 00:23:00,0.0,login,,,,1,Suspicious login hour
DTAA/IRC0991,PC-1946,2010-03-09 00:27:00,0.0,login,,,,1,Suspicious login hour
DTAA/DSM0990,PC-1431,2010-03-09 00:45:00,0.0,login,,,,1,Suspicious login hour
DTAA/CGM0994,PC-4398,2010-03-09 00:51:00,0.0,login,,,,1,Suspicious login hour
DTAA/PJL0320,PC-1233,2010-03-09 00:54:00,0.0,login,,,,1,Suspicious login hour
DTAA/CGM0994,PC-1751,2010-03-09 01:17:00,1.0,login,,,,1,Suspicious login hour
DTAA/JCC0998,PC-2710,2010-03-09 01:19:00,1.0,login,,,,1,Suspicious login hour
DTAA/DSM0990,PC-3996,2010-03-09 01:19:00,1.0,login,,,,1,Suspicious login hour
DTAA/CGM0994,PC-1751,2010-03-09 01:24:00,1.0,login,,,,1,Suspicious login hour
DTAA/IRC0991,PC-1150,2010-03-09 01:24:00,1.0,login,,,,1,Suspicious login hour
DTAA/DSM0990,PC-3996,2010-03-09 01:30:00,1.0,login,,,,1,Suspicious login hour
DTAA/JCC0998,PC-2710,2010-03-09 01:37:00,1.0,login,,,,1,Suspicious login hour
DTAA/JCC0998,PC-1560,2010-03-09 01:49:00,1.0,login,,,,1,Suspicious login hour
DTAA/IRC0991,PC-1150,2010-03-09 01:52:00,1.0,login,,,,1,Suspicious login hour
DTAA/CGM0994,PC-2645,2010-03-09 01:57:00,1.0,login,,,,1,Suspicious login hour
DTAA/CGM0994,PC-2645,2010-03-09 02:01:00,2.0,login,,,,1,Suspicious login hour
DTAA/MIC0914,PC-3326,2010-03-09 02:06:00,2.0,login,,,,1,Suspicious login hour
DTAA/JCC0998,PC-1560,2010-03-09 02:06:00,2.0,login,,,,1,Suspicious login hour
DTAA/BJM0992,PC-1940,2010-03-09 02:21:00,2.0,login,,,,1,Suspicious login hour
DTAA/BJM0992,PC-1940,2010-03-09 02:23:00,2.0,login,,,,1,Suspicious login hour
DTAA/KEE0997,PC-1529,2010-03-09 02:24:00,2.0,login,,,,1,Suspicious login hour
DTAA/ELD1000,PC-2629,2010-03-09 02:37:00,2.0,login,,,,1,Suspicious login hour
DTAA/DSM0990,PC-1116,2010-03-09 02:37:00,2.0,login,,,,1,Suspicious login hour
DTAA/KEE0997,PC-1529,2010-03-09 02:39:00,2.0,login,,,,1,Suspicious login hour
DTAA/DSM0990,PC-2735,2010-03-09 02:41:00,2.0,login,,,,1,Suspicious login hour
DTAA/ELD1000,PC-2629,2010-03-09 02:43:00,2.0,login,,,,1,Suspicious login hour
DTAA/ELD1000,PC-2467,2010-03-09 02:46:00,2.0,login,,,,1,Suspicious login hour
DTAA/MIC0914,PC-3326,2010-03-09 02:57:00,2.0,login,,,,1,Suspicious login hour
DTAA/DSM0990,PC-2735,2010-03-09 03:01:00,3.0,login,,,,1,Suspicious login hour
DTAA/DSM0990,PC-1116,2010-03-09 03:04:00,3.0,login,,,,1,Suspicious login hour
DTAA/ELD1000,PC-2286,2010-03-09 03:13:00,3.0,login,,,,1,Suspicious login hour
DTAA/GRG0693,PC-3411,2010-03-09 03:19:00,3.0,login,,,,1,Suspicious login hour
DTAA/ELD1000,PC-2467,2010-03-09 03:30:00,3.0,login,,,,1,Suspicious login hour
DTAA/RBC0879,PC-1261,2010-03-09 03:35:00,3.0,login,,,,1,Suspicious login hour
DTAA/PJL0320,PC-1233,2010-03-09 03:44:00,3.0,login,,,,1,Suspicious login hour
DTAA/AJA0220,PC-3872,2010-03-09 03:47:00,3.0,login,,,,1,Suspicious login hour
DTAA/ELD1000,PC-2286,2010-03-09 03:55:00,3.0,login,,,,1,Suspicious login hour
DTAA/ARS0993,PC-0240,2010-03-09 04:10:00,4.0,login,,,,1,Suspicious login hour
DTAA/GRG0693,PC-3411,2010-03-09 04:30:00,4.0,login,,,,1,Suspicious login hour
DTAA/ARS0993,PC-0240,2010-03-09 04:32:00,4.0,login,,,,1,Suspicious login hour
DTAA/CHA0174,PC-2751,2010-03-09 04:51:00,4.0,login,,,,1,Suspicious login hour
DTAA/AJA0220,PC-3872,2010-03-09 05:08:00,5.0,login,,,,1,Suspicious login hour
DTAA/IRC0991,PC-3067,2010-03-09 05:08:00,5.0,login,,,,1,Suspicious login hour
DTAA/JTT0989,PC-3584,2010-03-09 05:11:00,5.0,login,,,,1,Suspicious login hour
DTAA/JTT0989,PC-3584,2010-03-09 05:45:00,5.0,login,,,,1,Suspicious login hour
DTAA/IRC0991,PC-3067,2010-03-09 05:50:00,5.0,login,,,,1,Suspicious login hour
DTAA/CLN0999,PC-4582,2010-03-09 05:53:00,5.0,login,,,,1,Suspicious login hour
DTAA/CHA0174,PC-2751,2010-03-09 05:55:00,5.0,login,,,,1,Suspicious login hour
DTAA/CRC0996,PC-3643,2010-03-09 05:58:00,5.0,login,,,,1,Suspicious login hour
DTAA/NAT0252,PC-1796,2010-03-09 21:10:00,21.0,login,,,,1,Suspicious login hour
DTAA/VAH0262,PC-1398,2010-03-09 21:12:00,21.0,login,,,,1,Suspicious login hour
DTAA/KEE0997,PC-1040,2010-03-09 21:13:00,21.0,login,,,,1,Suspicious login hour
DTAA/SKL0881,PC-1581,2010-03-09 21:13:00,21.0,login,,,,1,Suspicious login hour
DTAA/GKC0919,PC-3647,2010-03-09 21:22:00,21.0,login,,,,1,Suspicious login hour
DTAA/DSM0990,PC-2943,2010-03-09 21:23:00,21.0,login,,,,1,Suspicious login hour
DTAA/JTT0989,PC-1048,2010-03-09 21:26:00,21.0,login,,,,1,Suspicious login hour
DTAA/BJM0992,PC-2974,2010-03-09 21:37:00,21.0,login,,,,1,Suspicious login hour
DTAA/NDS0490,PC-2549,2010-03-09 21:39:00,21.0,login,,,,1,Suspicious login hour
DTAA/KEE0997,PC-1040,2010-03-09 21:47:00,21.0,login,,,,1,Suspicious login hour
DTAA/DSM0990,PC-2943,2010-03-09 21:54:00,21.0,login,,,,1,Suspicious login hour
DTAA/JTT0989,PC-1048,2010-03-09 22:00:00,22.0,login,,,,1,Suspicious login hour
DTAA/FKR0550,PC-2469,2010-03-09 22:04:00,22.0,login,,,,1,Suspicious login hour
DTAA/BJM0992,PC-0557,2010-03-09 22:07:00,22.0,login,,,,1,Suspicious login hour
DTAA/BJM0992,PC-0557,2010-03-09 22:19:00,22.0,login,,,,1,Suspicious login hour
DTAA/MEV0886,PC-0565,2010-03-09 22:22:00,22.0,login,,,,1,Suspicious login hour
DTAA/MEV0886,PC-0565,2010-03-09 22:48:00,22.0,login,,,,1,Suspicious login hour
DTAA/BJM0992,PC-3412,2010-03-09 23:04:00,23.0,login,,,,1,Suspicious login hour
DTAA/CRC0996,PC-2544,2010-03-09 23:13:00,23.0,login,,,,1,Suspicious login hour
DTAA/CRC0996,PC-2544,2010-03-09 23:23:00,23.0,login,,,,1,Suspicious login hour
DTAA/KEE0997,PC-1972,2010-03-09 23:26:00,23.0,login,,,,1,Suspicious login hour
DTAA/KEE0997,PC-1972,2010-03-09 23:28:00,23.0,login,,,,1,Suspicious login hour
DTAA/BJM0992,PC-3412,2010-03-09 23:33:00,23.0,login,,,,1,Suspicious login hour
DTAA/CLN0999,PC-0633,2010-03-09 23:48:00,23.0,login,,,,1,Suspicious login hour
DTAA/ELD1000,PC-3973,2010-03-09 23:54:00,23.0,login,,,,1,Suspicious login hour
DTAA/KSP0927,PC-2221,2010-03-09 23:54:00,23.0,login,,,,1,Suspicious login hour
DTAA/KSP0927,PC-2221,2010-03-09 23:57:00,23.0,login,,,,1,Suspicious login hour
DTAA/JTT0989,PC-3339,2010-03-10 00:01:00,0.0,login,,,,1,Suspicious login hour
DTAA/IRC0991,PC-2960,2010-03-10 00:12:00,0.0,login,,,,1,Suspicious login hour
DTAA/CLN0999,PC-0633,2010-03-10 00:21:00,0.0,login,,,,1,Suspicious login hour
DTAA/JTT0989,PC-3339,2010-03-10 00:23:00,0.0,login,,,,1,Suspicious login hour
DTAA/JMM0759,PC-3490,2010-03-10 00:23:00,0.0,login,,,,1,Suspicious login hour
DTAA/GKC0919,PC-3647,2010-03-10 00:28:00,0.0,login,,,,1,Suspicious login hour
DTAA/ELD1000,PC-3973,2010-03-10 00:31:00,0.0,login,,,,1,Suspicious login hour
DTAA/FKR0550,PC-2469,2010-03-10 00:37:00,0.0,login,,,,1,Suspicious login hour
DTAA/BJM0992,PC-0666,2010-03-10 00:40:00,0.0,login,,,,1,Suspicious login hour
DTAA/IRC0991,PC-2960,2010-03-10 00:40:00,0.0,login,,,,1,Suspicious login hour
DTAA/ELD1000,PC-4646,2010-03-10 00:46:00,0.0,login,,,,1,Suspicious login hour
DTAA/ELD1000,PC-4646,2010-03-10 01:07:00,1.0,login,,,,1,Suspicious login hour
DTAA/BJM0992,PC-0666,2010-03-10 01:08:00,1.0,login,,,,1,Suspicious login hour
DTAA/SDC0032,PC-3081,2010-03-10 01:12:00,1.0,login,,,,1,Suspicious login hour
DTAA/JCC0998,PC-0338,2010-03-10 02:09:00,2.0,login,,,,1,Suspicious login hour
DTAA/JCC0998,PC-0338,2010-03-10 02:18:00,2.0,login,,,,1,Suspicious login hour
DTAA/EOS0972,PC-4981,2010-03-10 02:18:00,2.0,login,,,,1,Suspicious login hour
DTAA/MVW0630,PC-2005,2010-03-10 02:31:00,2.0,login,,,,1,Suspicious login hour
DTAA/ELD1000,PC-0831,2010-03-10 02:52:00,2.0,login,,,,1,Suspicious login hour
DTAA/JCC0998,PC-2218,2010-03-10 02:57:00,2.0,login,,,,1,Suspicious login hour
DTAA/ELD1000,PC-0831,2010-03-10 03:00:00,3.0,login,,,,1,Suspicious login hour
DTAA/CGM0994,PC-4690,2010-03-10 03:08:00,3.0,login,,,,1,Suspicious login hour
DTAA/CGM0994,PC-4690,2010-03-10 03:11:00,3.0,login,,,,1,Suspicious login hour
DTAA/CRC0996,PC-2761,2010-03-10 03:23:00,3.0,login,,,,1,Suspicious login hour
DTAA/JCC0998,PC-2218,2010-03-10 03:24:00,3.0,login,,,,1,Suspicious login hour
DTAA/DSM0990,PC-0299,2010-03-10 03:25:00,3.0,login,,,,1,Suspicious login hour
DTAA/DSM0990,PC-0299,2010-03-10 03:31:00,3.0,login,,,,1,Suspicious login hour
DTAA/JCC0998,PC-3548,2010-03-10 03:32:00,3.0,login,,,,1,Suspicious login hour
DTAA/CRC0996,PC-2761,2010-03-10 03:34:00,3.0,login,,,,1,Suspicious login hour
DTAA/ELD1000,PC-2967,2010-03-10 03:36:00,3.0,login,,,,1,Suspicious login hour
DTAA/JCC0998,PC-3548,2010-03-10 03:38:00,3.0,login,,,,1,Suspicious login hour
DTAA/IRC0991,PC-4563,2010-03-10 03:58:00,3.0,login,,,,1,Suspicious login hour
DTAA/IRC0991,PC-4563,2010-03-10 04:01:00,4.0,login,,,,1,Suspicious login hour
DTAA/ELD1000,PC-2967,2010-03-10 04:05:00,4.0,login,,,,1,Suspicious login hour
DTAA/SDC0032,PC-3081,2010-03-10 04:23:00,4.0,login,,,,1,Suspicious login hour
DTAA/PCM0846,PC-1898,2010-03-10 05:01:00,5.0,login,,,,1,Suspicious login hour
DTAA/PCM0846,PC-1898,2010-03-10 05:06:00,5.0,login,,,,1,Suspicious login hour
DTAA/CGM0994,PC-3599,2010-03-10 05:31:00,5.0,login,,,,1,Suspicious login hour
DTAA/EOS0972,PC-4981,2010-03-10 05:40:00,5.0,login,,,,1,Suspicious login hour
DTAA/HTS0265,PC-1744,2010-03-10 05:41:00,5.0,login,,,,1,Suspicious login hour
DTAA/ARC0677,PC-0465,2010-03-10 21:00:00,21.0,login,,,,1,Suspicious login hour
DTAA/ODW0839,PC-1940,2010-03-10 21:09:00,21.0,login,,,,1,Suspicious login hour
DTAA/SKL0881,PC-1581,2010-03-10 21:11:00,21.0,login,,,,1,Suspicious login hour
DTAA/NAT0252,PC-1796,2010-03-10 21:14:00,21.0,login,,,,1,Suspicious login hour
DTAA/VAH0262,PC-1398,2010-03-10 21:23:00,21.0,login,,,,1,Suspicious login hour
DTAA/KEE0997,PC-1306,2010-03-10 21:32:00,21.0,login,,,,1,Suspicious login hour
DTAA/NDS0490,PC-2549,2010-03-10 21:33:00,21.0,login,,,,1,Suspicious login hour
DTAA/STF0145,PC-0191,2010-03-10 21:48:00,21.0,login,,,,1,Suspicious login hour
DTAA/KEE0997,PC-1306,2010-03-10 21:51:00,21.0,login,,,,1,Suspicious login hour
DTAA/CGM0994,PC-1381,2010-03-10 22:02:00,22.0,login,,,,1,Suspicious login hour
DTAA/COS0121,PC-0462,2010-03-10 22:04:00,22.0,login,,,,1,Suspicious login hour
DTAA/CGM0994,PC-1381,2010-03-10 22:04:00,22.0,login,,,,1,Suspicious login hour
DTAA/DSM0990,PC-0986,2010-03-10 22:22:00,22.0,login,,,,1,Suspicious login hour
DTAA/DSM0990,PC-0986,2010-03-10 22:23:00,22.0,login,,,,1,Suspicious login hour
DTAA/JTT0989,PC-4928,2010-03-10 22:34:00,22.0,login,,,,1,Suspicious login hour
DTAA/JTT0989,PC-4928,2010-03-10 22:46:00,22.0,login,,,,1,Suspicious login hour
DTAA/CLB0995,PC-2700,2010-03-10 23:04:00,23.0,login,,,,1,Suspicious login hour
DTAA/CLB0995,PC-2700,2010-03-10 23:09:00,23.0,login,,,,1,Suspicious login hour
DTAA/JCC0998,PC-3391,2010-03-10 23:22:00,23.0,login,,,,1,Suspicious login hour
DTAA/ELD1000,PC-1732,2010-03-11 00:02:00,0.0,login,,,,1,Suspicious login hour
DTAA/JCC0998,PC-3391,2010-03-11 00:06:00,0.0,login,,,,1,Suspicious login hour
DTAA/DFZ0063,PC-4442,2010-03-11 00:08:00,0.0,login,,,,1,Suspicious login hour
DTAA/BJM0992,PC-2490,2010-03-11 00:11:00,0.0,login,,,,1,Suspicious login hour
DTAA/BJM0992,PC-2490,2010-03-11 00:13:00,0.0,login,,,,1,Suspicious login hour
DTAA/ELD1000,PC-1732,2010-03-11 00:34:00,0.0,login,,,,1,Suspicious login hour
DTAA/JCC0998,PC-2468,2010-03-11 00:58:00,0.0,login,,,,1,Suspicious login hour
DTAA/CLB0995,PC-3885,2010-03-11 01:15:00,1.0,login,,,,1,Suspicious login hour
DTAA/CLN0999,PC-4658,2010-03-11 01:19:00,1.0,login,,,,1,Suspicious login hour
DTAA/CLN0999,PC-4658,2010-03-11 01:20:00,1.0,login,,,,1,Suspicious login hour
DTAA/CLB0995,PC-1583,2010-03-11 01:24:00,1.0,login,,,,1,Suspicious login hour
DTAA/JCC0998,PC-2468,2010-03-11 01:25:00,1.0,login,,,,1,Suspicious login hour
DTAA/KEE0997,PC-0906,2010-03-11 01:26:00,1.0,login,,,,1,Suspicious login hour
DTAA/CLB0995,PC-3885,2010-03-11 01:28:00,1.0,login,,,,1,Suspicious login hour
DTAA/ELD1000,PC-3976,2010-03-11 01:28:00,1.0,login,,,,1,Suspicious login hour
DTAA/SJH0588,PC-2512,2010-03-11 01:44:00,1.0,login,,,,1,Suspicious login hour
DTAA/CLB0995,PC-1583,2010-03-11 01:47:00,1.0,login,,,,1,Suspicious login hour
DTAA/GML0105,PC-0268,2010-03-11 01:55:00,1.0,login,,,,1,Suspicious login hour
DTAA/KGS0398,PC-1620,2010-03-11 01:58:00,1.0,login,,,,1,Suspicious login hour
DTAA/KEE0997,PC-0906,2010-03-11 01:59:00,1.0,login,,,,1,Suspicious login hour
DTAA/BFO0974,PC-2099,2010-03-11 02:06:00,2.0,login,,,,1,Suspicious login hour
DTAA/AKW0582,PC-0891,2010-03-11 02:06:00,2.0,login,,,,1,Suspicious login hour
DTAA/AKW0582,PC-0891,2010-03-11 02:08:00,2.0,login,,,,1,Suspicious login hour
DTAA/ELD1000,PC-3976,2010-03-11 02:13:00,2.0,login,,,,1,Suspicious login hour
DTAA/JTT0989,PC-3011,2010-03-11 02:16:00,2.0,login,,,,1,Suspicious login hour
DTAA/DJW0368,PC-2518,2010-03-11 02:18:00,2.0,login,,,,1,Suspicious login hour
DTAA/CTH0082,PC-4582,2010-03-11 02:21:00,2.0,login,,,,1,Suspicious login hour
DTAA/TKH0211,PC-0719,2010-03-11 02:32:00,2.0,login,,,,1,Suspicious login hour
DTAA/GML0105,PC-0268,2010-03-11 02:37:00,2.0,login,,,,1,Suspicious login hour
DTAA/CTH0082,PC-4582,2010-03-11 02:41:00,2.0,login,,,,1,Suspicious login hour
DTAA/BJM0992,PC-1433,2010-03-11 02:48:00,2.0,login,,,,1,Suspicious login hour
DTAA/ARS0993,PC-4209,2010-03-11 02:51:00,2.0,login,,,,1,Suspicious login hour
DTAA/BJM0992,PC-1433,2010-03-11 02:56:00,2.0,login,,,,1,Suspicious login hour
DTAA/JTT0989,PC-3011,2010-03-11 02:57:00,2.0,login,,,,1,Suspicious login hour
DTAA/CRC0996,PC-2894,2010-03-11 03:07:00,3.0,login,,,,1,Suspicious login hour
DTAA/ELD1000,PC-0201,2010-03-11 03:10:00,3.0,login,,,,1,Suspicious login hour
DTAA/CRC0996,PC-4147,2010-03-11 03:11:00,3.0,login,,,,1,Suspicious login hour
DTAA/BJM0992,PC-4873,2010-03-11 03:13:00,3.0,login,,,,1,Suspicious login hour
DTAA/CHS0324,PC-3251,2010-03-11 03:16:00,3.0,login,,,,1,Suspicious login hour
DTAA/BFO0974,PC-2099,2010-03-11 03:20:00,3.0,login,,,,1,Suspicious login hour
DTAA/CRC0996,PC-4147,2010-03-11 03:21:00,3.0,login,,,,1,Suspicious login hour
DTAA/ARS0993,PC-4209,2010-03-11 03:29:00,3.0,login,,,,1,Suspicious login hour
DTAA/SJH0588,PC-2512,2010-03-11 03:31:00,3.0,login,,,,1,Suspicious login hour
DTAA/KGS0398,PC-1620,2010-03-11 03:37:00,3.0,login,,,,1,Suspicious login hour
DTAA/CMF0339,PC-1939,2010-03-11 03:43:00,3.0,login,,,,1,Suspicious login hour
DTAA/KEE0997,PC-0472,2010-03-11 03:43:00,3.0,login,,,,1,Suspicious login hour
DTAA/CRC0996,PC-2894,2010-03-11 03:45:00,3.0,login,,,,1,Suspicious login hour
DTAA/KEE0997,PC-0472,2010-03-11 03:45:00,3.0,login,,,,1,Suspicious login hour
DTAA/BJM0992,PC-4873,2010-03-11 03:47:00,3.0,login,,,,1,Suspicious login hour
DTAA/ELD1000,PC-0201,2010-03-11 03:51:00,3.0,login,,,,1,Suspicious login hour
DTAA/STF0145,PC-0191,2010-03-11 04:09:00,4.0,login,,,,1,Suspicious login hour
DTAA/CGM0994,PC-2662,2010-03-11 04:15:00,4.0,login,,,,1,Suspicious login hour
DTAA/BJM0992,PC-3993,2010-03-11 04:26:00,4.0,login,,,,1,Suspicious login hour
DTAA/CHS0324,PC-3251,2010-03-11 04:26:00,4.0,login,,,,1,Suspicious login hour
DTAA/DJW0368,PC-2518,2010-03-11 04:26:00,4.0,login,,,,1,Suspicious login hour
DTAA/SAP0304,PC-1331,2010-03-11 04:31:00,4.0,login,,,,1,Suspicious login hour
DTAA/BJM0992,PC-3993,2010-03-11 04:31:00,4.0,login,,,,1,Suspicious login hour
DTAA/ARS0993,PC-2219,2010-03-11 04:38:00,4.0,login,,,,1,Suspicious login hour
DTAA/AKS0283,PC-3049,2010-03-11 04:40:00,4.0,login,,,,1,Suspicious login hour
DTAA/AKS0283,PC-3049,2010-03-11 04:41:00,4.0,login,,,,1,Suspicious login hour
DTAA/CGM0994,PC-2242,2010-03-11 04:45:00,4.0,login,,,,1,Suspicious login hour
DTAA/JCC0998,PC-2082,2010-03-11 04:50:00,4.0,login,,,,1,Suspicious login hour
DTAA/CGM0994,PC-2662,2010-03-11 04:51:00,4.0,login,,,,1,Suspicious login hour
DTAA/CLB0995,PC-2454,2010-03-11 04:52:00,4.0,login,,,,1,Suspicious login hour
DTAA/ARS0993,PC-2219,2010-03-11 04:53:00,4.0,login,,,,1,Suspicious login hour
DTAA/JCC0998,PC-2082,2010-03-11 04:58:00,4.0,login,,,,1,Suspicious login hour
DTAA/SHR0025,PC-0288,2010-03-11 05:00:00,5.0,login,,,,1,Suspicious login hour
DTAA/CGM0994,PC-2242,2010-03-11 05:03:00,5.0,login,,,,1,Suspicious login hour
DTAA/OYR0801,PC-0088,2010-03-11 05:06:00,5.0,login,,,,1,Suspicious login hour
DTAA/CLB0995,PC-2454,2010-03-11 05:06:00,5.0,login,,,,1,Suspicious login hour
DTAA/BJM0992,PC-3910,2010-03-11 05:21:00,5.0,login,,,,1,Suspicious login hour
DTAA/KAD0059,PC-4031,2010-03-11 05:22:00,5.0,login,,,,1,Suspicious login hour
DTAA/COS0121,PC-0462,2010-03-11 05:27:00,5.0,login,,,,1,Suspicious login hour
DTAA/KEE0997,PC-2534,2010-03-11 05:34:00,5.0,login,,,,1,Suspicious login hour
DTAA/BJM0992,PC-3910,2010-03-11 05:34:00,5.0,login,,,,1,Suspicious login hour
DTAA/TKH0211,PC-0719,2010-03-11 05:38:00,5.0,login,,,,1,Suspicious login hour
DTAA/DSM0990,PC-0075,2010-03-11 05:44:00,5.0,login,,,,1,Suspicious login hour
DTAA/KAD0059,PC-4031,2010-03-11 05:46:00,5.0,login,,,,1,Suspicious login hour
DTAA/OYR0801,PC-0088,2010-03-11 05:47:00,5.0,login,,,,1,Suspicious login hour
DTAA/HCG0731,PC-4643,2010-03-11 05:52:00,5.0,login,,,,1,Suspicious login hour
DTAA/DSM0990,PC-0075,2010-03-11 05:55:00,5.0,login,,,,1,Suspicious login hour
DTAA/SHR0025,PC-0288,2010-03-11 05:58:00,5.0,login,,,,1,Suspicious login hour
DTAA/JCC0998,PC-1581,2010-03-11 21:00:00,21.0,login,,,,1,Suspicious login hour
DTAA/ARC0677,PC-0465,2010-03-11 21:08:00,21.0,login,,,,1,Suspicious login hour
DTAA/NAT0252,PC-1796,2010-03-11 21:13:00,21.0,login,,,,1,Suspicious login hour
DTAA/VAH0262,PC-1398,2010-03-11 21:17:00,21.0,login,,,,1,Suspicious login hour
DTAA/CLB0995,PC-0686,2010-03-11 21:22:00,21.0,login,,,,1,Suspicious login hour
DTAA/SKL0881,PC-1581,2010-03-11 21:24:00,21.0,login,,,,1,Suspicious login hour
DTAA/CLB0995,PC-0686,2010-03-11 21:27:00,21.0,login,,,,1,Suspicious login hour
DTAA/NDS0490,PC-2549,2010-03-11 21:29:00,21.0,login,,,,1,Suspicious login hour
DTAA/JCC0998,PC-1581,2010-03-11 21:32:00,21.0,login,,,,1,Suspicious login hour
DTAA/ARS0993,PC-0212,2010-03-11 22:48:00,22.0,login,,,,1,Suspicious login hour
DTAA/CDZ0056,PC-4052,2010-03-11 22:49:00,22.0,login,,,,1,Suspicious login hour
DTAA/JSE0020,PC-2745,2010-03-11 22:51:00,22.0,login,,,,1,Suspicious login hour
DTAA/SRN0275,PC-3531,2010-03-11 23:01:00,23.0,login,,,,1,Suspicious login hour
DTAA/JCC0998,PC-2555,2010-03-11 23:10:00,23.0,login,,,,1,Suspicious login hour
DTAA/ARS0993,PC-0212,2010-03-11 23:23:00,23.0,login,,,,1,Suspicious login hour
DTAA/JTT0989,PC-1382,2010-03-11 23:28:00,23.0,login,,,,1,Suspicious login hour
DTAA/CGM0994,PC-3405,2010-03-11 23:31:00,23.0,login,,,,1,Suspicious login hour
DTAA/JCC0998,PC-2555,2010-03-11 23:33:00,23.0,login,,,,1,Suspicious login hour
DTAA/JTT0989,PC-1382,2010-03-11 23:40:00,23.0,login,,,,1,Suspicious login hour
DTAA/CSC0297,PC-2848,2010-03-12 00:13:00,0.0,login,,,,1,Suspicious login hour
DTAA/JCC0998,PC-3491,2010-03-12 00:15:00,0.0,login,,,,1,Suspicious login hour
DTAA/CGM0994,PC-3405,2010-03-12 00:16:00,0.0,login,,,,1,Suspicious login hour
DTAA/BJM0992,PC-4339,2010-03-12 00:16:00,0.0,login,,,,1,Suspicious login hour
DTAA/JCC0998,PC-3491,2010-03-12 00:40:00,0.0,login,,,,1,Suspicious login hour
DTAA/BJM0992,PC-4339,2010-03-12 00:45:00,0.0,login,,,,1,Suspicious login hour
DTAA/DSM0990,PC-0053,2010-03-12 00:48:00,0.0,login,,,,1,Suspicious login hour
DTAA/ARS0993,PC-4359,2010-03-12 01:01:00,1.0,login,,,,1,Suspicious login hour
DTAA/ELD1000,PC-1438,2010-03-12 01:12:00,1.0,login,,,,1,Suspicious login hour
DTAA/ARS0993,PC-4359,2010-03-12 01:12:00,1.0,login,,,,1,Suspicious login hour
DTAA/BJM0992,PC-1199,2010-03-12 01:18:00,1.0,login,,,,1,Suspicious login hour
DTAA/DSM0990,PC-0053,2010-03-12 01:26:00,1.0,login,,,,1,Suspicious login hour
DTAA/ELD1000,PC-1438,2010-03-12 01:29:00,1.0,login,,,,1,Suspicious login hour
DTAA/CLB0995,PC-4919,2010-03-12 01:30:00,1.0,login,,,,1,Suspicious login hour
DTAA/CLN0999,PC-0632,2010-03-12 01:30:00,1.0,login,,,,1,Suspicious login hour
DTAA/BJM0992,PC-1199,2010-03-12 01:37:00,1.0,login,,,,1,Suspicious login hour
DTAA/BJM0992,PC-3904,2010-03-12 01:41:00,1.0,login,,,,1,Suspicious login hour
DTAA/JTT0989,PC-0408,2010-03-12 01:53:00,1.0,login,,,,1,Suspicious login hour
DTAA/JTT0989,PC-0408,2010-03-12 01:58:00,1.0,login,,,,1,Suspicious login hour
DTAA/CLN0999,PC-0632,2010-03-12 02:03:00,2.0,login,,,,1,Suspicious login hour
DTAA/CLB0995,PC-4919,2010-03-12 02:07:00,2.0,login,,,,1,Suspicious login hour
DTAA/BJM0992,PC-3904,2010-03-12 02:12:00,2.0,login,,,,1,Suspicious login hour
DTAA/MSV0506,PC-3240,2010-03-12 02:12:00,2.0,login,,,,1,Suspicious login hour
DTAA/SRN0275,PC-3531,2010-03-12 02:23:00,2.0,login,,,,1,Suspicious login hour
DTAA/CLB0995,PC-1637,2010-03-12 02:36:00,2.0,login,,,,1,Suspicious login hour
DTAA/JTT0989,PC-0211,2010-03-12 02:45:00,2.0,login,,,,1,Suspicious login hour
DTAA/CLB0995,PC-1637,2010-03-12 02:52:00,2.0,login,,,,1,Suspicious login hour
DTAA/CRC0996,PC-2188,2010-03-12 03:00:00,3.0,login,,,,1,Suspicious login hour
DTAA/JTT0989,PC-0211,2010-03-12 03:19:00,3.0,login,,,,1,Suspicious login hour
DTAA/CRC0996,PC-2188,2010-03-12 03:23:00,3.0,login,,,,1,Suspicious login hour
DTAA/BJM0992,PC-2364,2010-03-12 03:27:00,3.0,login,,,,1,Suspicious login hour
DTAA/BJM0992,PC-2364,2010-03-12 03:36:00,3.0,login,,,,1,Suspicious login hour
DTAA/ARS0993,PC-3747,2010-03-12 04:17:00,4.0,login,,,,1,Suspicious login hour
DTAA/ARS0993,PC-3747,2010-03-12 04:23:00,4.0,login,,,,1,Suspicious login hour
DTAA/RLC0442,PC-1467,2010-03-12 04:39:00,4.0,login,,,,1,Suspicious login hour
DTAA/RLC0442,PC-1467,2010-03-12 05:04:00,5.0,login,,,,1,Suspicious login hour
DTAA/KEE0997,PC-3545,2010-03-12 05:05:00,5.0,login,,,,1,Suspicious login hour
DTAA/MSV0506,PC-3240,2010-03-12 05:06:00,5.0,login,,,,1,Suspicious login hour
DTAA/CRC0996,PC-4239,2010-03-12 05:07:00,5.0,login,,,,1,Suspicious login hour
DTAA/PUH0847,PC-2550,2010-03-12 05:17:00,5.0,login,,,,1,Suspicious login hour
DTAA/CRC0996,PC-4239,2010-03-12 05:24:00,5.0,login,,,,1,Suspicious login hour
DTAA/DSM0990,PC-1586,2010-03-12 05:25:00,5.0,login,,,,1,Suspicious login hour
DTAA/KEE0997,PC-3545,2010-03-12 05:26:00,5.0,login,,,,1,Suspicious login hour
DTAA/PUH0847,PC-2550,2010-03-12 05:27:00,5.0,login,,,,1,Suspicious login hour
DTAA/HNS0858,PC-3790,2010-03-12 05:31:00,5.0,login,,,,1,Suspicious login hour
DTAA/ABS0726,PC-3698,2010-03-12 05:31:00,5.0,login,,,,1,Suspicious login hour
DTAA/HNS0858,PC-3790,2010-03-12 05:32:00,5.0,login,,,,1,Suspicious login hour
DTAA/CDZ0056,PC-4052,2010-03-12 05:38:00,5.0,login,,,,1,Suspicious login hour
DTAA/IRC0991,PC-2216,2010-03-12 05:54:00,5.0,login,,,,1,Suspicious login hour
DTAA/IRC0991,PC-2216,2010-03-12 05:59:00,5.0,login,,,,1,Suspicious login hour
DTAA/IRC0991,PC-1213,2010-03-12 21:00:00,21.0,login,,,,1,Suspicious login hour
DTAA/CGM0994,PC-0856,2010-03-12 21:03:00,21.0,login,,,,1,Suspicious login hour
DTAA/ARC0677,PC-0465,2010-03-12 21:05:00,21.0,login,,,,1,Suspicious login hour
DTAA/HTS0265,PC-1744,2010-03-12 21:09:00,21.0,login,,,,1,Suspicious login hour
DTAA/CGM0994,PC-2580,2010-03-12 21:10:00,21.0,login,,,,1,Suspicious login hour
DTAA/SKL0881,PC-1581,2010-03-12 21:11:00,21.0,login,,,,1,Suspicious login hour
DTAA/CHA0174,PC-2751,2010-03-12 21:13:00,21.0,login,,,,1,Suspicious login hour
DTAA/BAF0379,PC-3645,2010-03-12 21:14:00,21.0,login,,,,1,Suspicious login hour
DTAA/NAT0252,PC-1796,2010-03-12 21:16:00,21.0,login,,,,1,Suspicious login hour
DTAA/VAH0262,PC-1398,2010-03-12 21:18:00,21.0,login,,,,1,Suspicious login hour
DTAA/ARS0993,PC-2975,2010-03-12 21:37:00,21.0,login,,,,1,Suspicious login hour
DTAA/NDS0490,PC-2549,2010-03-12 21:39:00,21.0,login,,,,1,Suspicious login hour
DTAA/ARS0993,PC-2975,2010-03-12 21:41:00,21.0,login,,,,1,Suspicious login hour
DTAA/CGM0994,PC-0856,2010-03-12 21:44:00,21.0,login,,,,1,Suspicious login hour
DTAA/JCC0998,PC-0775,2010-03-12 21:48:00,21.0,login,,,,1,Suspicious login hour
DTAA/AJP0553,PC-1270,2010-03-12 21:53:00,21.0,login,,,,1,Suspicious login hour
DTAA/CGM0994,PC-1147,2010-03-12 21:55:00,21.0,login,,,,1,Suspicious login hour
DTAA/CRC0996,PC-2044,2010-03-12 22:00:00,22.0,login,,,,1,Suspicious login hour
DTAA/PCM0846,PC-1898,2010-03-12 22:04:00,22.0,login,,,,1,Suspicious login hour
DTAA/ELD1000,PC-0791,2010-03-12 22:07:00,22.0,login,,,,1,Suspicious login hour
DTAA/CRC0996,PC-2044,2010-03-12 22:13:00,22.0,login,,,,1,Suspicious login hour
DTAA/CGM0994,PC-1147,2010-03-12 22:17:00,22.0,login,,,,1,Suspicious login hour
DTAA/PCM0846,PC-1898,2010-03-12 22:21:00,22.0,login,,,,1,Suspicious login hour
DTAA/JCC0998,PC-0775,2010-03-12 22:32:00,22.0,login,,,,1,Suspicious login hour
DTAA/ELD1000,PC-0791,2010-03-12 22:42:00,22.0,login,,,,1,Suspicious login hour
DTAA/SDC0032,PC-3081,2010-03-12 23:02:00,23.0,login,,,,1,Suspicious login hour
DTAA/CRC0996,PC-2350,2010-03-12 23:18:00,23.0,login,,,,1,Suspicious login hour
DTAA/JCC0998,PC-0698,2010-03-12 23:21:00,23.0,login,,,,1,Suspicious login hour
DTAA/CRC0996,PC-2350,2010-03-12 23:28:00,23.0,login,,,,1,Suspicious login hour
DTAA/CLK0383,PC-0419,2010-03-12 23:35:00,23.0,login,,,,1,Suspicious login hour
DTAA/JCC0998,PC-0698,2010-03-12 23:40:00,23.0,login,,,,1,Suspicious login hour
DTAA/CHA0174,PC-2751,2010-03-12 23:40:00,23.0,login,,,,1,Suspicious login hour
DTAA/DSM0990,PC-1892,2010-03-12 23:44:00,23.0,login,,,,1,Suspicious login hour
DTAA/AJA0220,PC-3872,2010-03-12 23:45:00,23.0,login,,,,1,Suspicious login hour
DTAA/CGM0994,PC-3176,2010-03-12 23:45:00,23.0,login,,,,1,Suspicious login hour
DTAA/BJM0992,PC-3622,2010-03-12 23:54:00,23.0,login,,,,1,Suspicious login hour
DTAA/CLN0999,PC-0237,2010-04-01 00:27:00,0.0,login,,,,1,Suspicious login hour
DTAA/CLN0999,PC-3405,2010-04-01 00:32:00,0.0,login,,,,1,Suspicious login hour
DTAA/CLN0999,PC-3405,2010-04-01 00:43:00,0.0,login,,,,1,Suspicious login hour
DTAA/CRC0996,PC-4577,2010-04-01 00:50:00,0.0,login,,,,1,Suspicious login hour
DTAA/RLC0442,PC-1467,2010-04-01 00:50:00,0.0,login,,,,1,Suspicious login hour
DTAA/CLN0999,PC-1300,2010-04-01 00:51:00,0.0,login,,,,1,Suspicious login hour
DTAA/BJM0992,PC-4147,2010-04-01 00:54:00,0.0,login,,,,1,Suspicious login hour
DTAA/STF0145,PC-0191,2010-04-01 00:54:00,0.0,login,,,,1,Suspicious login hour
DTAA/ARS0993,PC-0323,2010-04-01 01:00:00,1.0,login,,,,1,Suspicious login hour
DTAA/ARS0993,PC-0323,2010-04-01 01:08:00,1.0,login,,,,1,Suspicious login hour
DTAA/BJM0992,PC-4147,2010-04-01 01:15:00,1.0,login,,,,1,Suspicious login hour
DTAA/CRC0996,PC-4577,2010-04-01 01:24:00,1.0,login,,,,1,Suspicious login hour
DTAA/DSM0990,PC-0574,2010-04-01 01:25:00,1.0,login,,,,1,Suspicious login hour
DTAA/CLN0999,PC-1300,2010-04-01 01:26:00,1.0,login,,,,1,Suspicious login hour
DTAA/ELD1000,PC-2601,2010-04-01 01:34:00,1.0,login,,,,1,Suspicious login hour
DTAA/DSM0990,PC-0574,2010-04-01 01:37:00,1.0,login,,,,1,Suspicious login hour
DTAA/JTT0989,PC-2534,2010-04-01 01:40:00,1.0,login,,,,1,Suspicious login hour
DTAA/ELD1000,PC-2601,2010-04-01 01:47:00,1.0,login,,,,1,Suspicious login hour
DTAA/RQH0770,PC-4225,2010-04-01 01:54:00,1.0,login,,,,1,Suspicious login hour
DTAA/JTT0989,PC-2534,2010-04-01 02:10:00,2.0,login,,,,1,Suspicious login hour
DTAA/BJM0992,PC-0856,2010-04-01 02:22:00,2.0,login,,,,1,Suspicious login hour
DTAA/BJM0992,PC-0856,2010-04-01 02:32:00,2.0,login,,,,1,Suspicious login hour
DTAA/ARS0993,PC-0989,2010-04-01 02:33:00,2.0,login,,,,1,Suspicious login hour
DTAA/CMF0339,PC-1939,2010-04-01 02:36:00,2.0,login,,,,1,Suspicious login hour
DTAA/RLC0442,PC-1467,2010-04-01 02:39:00,2.0,login,,,,1,Suspicious login hour
DTAA/CLB0995,PC-3976,2010-04-01 02:43:00,2.0,login,,,,1,Suspicious login hour
DTAA/ARS0993,PC-0989,2010-04-01 02:44:00,2.0,login,,,,1,Suspicious login hour
DTAA/CLB0995,PC-3976,2010-04-01 02:57:00,2.0,login,,,,1,Suspicious login hour
DTAA/GML0105,PC-0268,2010-04-01 03:00:00,3.0,login,,,,1,Suspicious login hour
DTAA/ARS0993,PC-3384,2010-04-01 03:09:00,3.0,login,,,,1,Suspicious login hour
DTAA/COS0121,PC-0462,2010-04-01 03:15:00,3.0,login,,,,1,Suspicious login hour
DTAA/CLN0999,PC-3491,2010-04-01 03:19:00,3.0,login,,,,1,Suspicious login hour
DTAA/HCG0731,PC-4643,2010-04-01 03:25:00,3.0,login,,,,1,Suspicious login hour
DTAA/BFO0974,PC-2099,2010-04-01 03:28:00,3.0,login,,,,1,Suspicious login hour
DTAA/KEE0997,PC-3426,2010-04-01 03:39:00,3.0,login,,,,1,Suspicious login hour
DTAA/GML0105,PC-0268,2010-04-01 03:42:00,3.0,login,,,,1,Suspicious login hour
DTAA/ABS0726,PC-3698,2010-04-01 03:43:00,3.0,login,,,,1,Suspicious login hour
DTAA/CLN0999,PC-3491,2010-04-01 03:47:00,3.0,login,,,,1,Suspicious login hour
DTAA/SHR0025,PC-0288,2010-04-01 03:49:00,3.0,login,,,,1,Suspicious login hour
DTAA/ARS0993,PC-3384,2010-04-01 03:53:00,3.0,login,,,,1,Suspicious login hour
DTAA/JTT0989,PC-3993,2010-04-01 03:56:00,3.0,login,,,,1,Suspicious login hour
DTAA/DFZ0063,PC-4442,2010-04-01 03:57:00,3.0,login,,,,1,Suspicious login hour
DTAA/JTT0989,PC-3993,2010-04-01 04:06:00,4.0,login,,,,1,Suspicious login hour
DTAA/BFO0974,PC-2099,2010-04-01 04:08:00,4.0,login,,,,1,Suspicious login hour
DTAA/DSM0990,PC-3885,2010-04-01 04:11:00,4.0,login,,,,1,Suspicious login hour
DTAA/KEE0997,PC-3426,2010-04-01 04:14:00,4.0,login,,,,1,Suspicious login hour
DTAA/ABS0726,PC-3698,2010-04-01 04:22:00,4.0,login,,,,1,Suspicious login hour
DTAA/DSM0990,PC-3885,2010-04-01 04:29:00,4.0,login,,,,1,Suspicious login hour
DTAA/COS0121,PC-0462,2010-04-01 04:44:00,4.0,login,,,,1,Suspicious login hour
DTAA/JTT0989,PC-2843,2010-04-01 04:57:00,4.0,login,,,,1,Suspicious login hour
DTAA/JTT0989,PC-2843,2010-04-01 05:03:00,5.0,login,,,,1,Suspicious login hour
DTAA/CRC0996,PC-0686,2010-04-01 05:13:00,5.0,login,,,,1,Suspicious login hour
DTAA/JTT0989,PC-3904,2010-04-01 05:17:00,5.0,login,,,,1,Suspicious login hour
DTAA/JTT0989,PC-1732,2010-04-01 05:17:00,5.0,login,,,,1,Suspicious login hour
DTAA/IRC0991,PC-4647,2010-04-01 05:20:00,5.0,login,,,,1,Suspicious login hour
DTAA/IRC0991,PC-4647,2010-04-01 05:21:00,5.0,login,,,,1,Suspicious login hour
DTAA/DSM0990,PC-0312,2010-04-01 05:34:00,5.0,login,,,,1,Suspicious login hour
DTAA/KEE0997,PC-1174,2010-04-01 05:44:00,5.0,login,,,,1,Suspicious login hour
DTAA/JTT0989,PC-3904,2010-04-01 05:48:00,5.0,login,,,,1,Suspicious login hour
DTAA/CLB0995,PC-2555,2010-04-01 05:50:00,5.0,login,,,,1,Suspicious login hour
DTAA/JTT0989,PC-1732,2010-04-01 05:54:00,5.0,login,,,,1,Suspicious login hour
DTAA/CRC0996,PC-0686,2010-04-01 05:55:00,5.0,login,,,,1,Suspicious login hour
DTAA/KEE0997,PC-1174,2010-04-01 05:59:00,5.0,login,,,,1,Suspicious login hour
DTAA/ARC0677,PC-0465,2010-04-01 21:03:00,21.0,login,,,,1,Suspicious login hour
DTAA/ARS0993,PC-3825,2010-04-01 21:08:00,21.0,login,,,,1,Suspicious login hour
DTAA/SKL0881,PC-1581,2010-04-01 21:11:00,21.0,login,,,,1,Suspicious login hour
DTAA/VAH0262,PC-1398,2010-04-01 21:12:00,21.0,login,,,,1,Suspicious login hour
DTAA/IRC0991,PC-3750,2010-04-01 21:12:00,21.0,login,,,,1,Suspicious login hour
DTAA/ARS0993,PC-3825,2010-04-01 21:21:00,21.0,login,,,,1,Suspicious login hour
DTAA/NAT0252,PC-1796,2010-04-01 21:24:00,21.0,login,,,,1,Suspicious login hour
DTAA/CSC0297,PC-2848,2010-04-01 21:31:00,21.0,login,,,,1,Suspicious login hour
DTAA/NDS0490,PC-2549,2010-04-01 21:34:00,21.0,login,,,,1,Suspicious login hour
DTAA/IRC0991,PC-3750,2010-04-01 21:51:00,21.0,login,,,,1,Suspicious login hour
DTAA/JCC0998,PC-4919,2010-04-01 21:52:00,21.0,login,,,,1,Suspicious login hour
DTAA/JCC0998,PC-4463,2010-04-01 21:54:00,21.0,login,,,,1,Suspicious login hour
DTAA/JCC0998,PC-4463,2010-04-01 21:57:00,21.0,login,,,,1,Suspicious login hour
DTAA/AJP0553,PC-1270,2010-04-01 22:00:00,22.0,login,,,,1,Suspicious login hour
DTAA/JCC0998,PC-4919,2010-04-01 22:28:00,22.0,login,,,,1,Suspicious login hour
DTAA/CGM0994,PC-4092,2010-04-01 22:33:00,22.0,login,,,,1,Suspicious login hour
DTAA/CGM0994,PC-4092,2010-04-01 22:40:00,22.0,login,,,,1,Suspicious login hour
DTAA/CWG0305,PC-1107,2010-04-01 22:46:00,22.0,login,,,,1,Suspicious login hour
DTAA/JCC0998,PC-0745,2010-04-01 22:47:00,22.0,login,,,,1,Suspicious login hour
DTAA/KEE0997,PC-4873,2010-04-01 22:55:00,22.0,login,,,,1,Suspicious login hour
DTAA/JCC0998,PC-0745,2010-04-01 22:58:00,22.0,login,,,,1,Suspicious login hour
DTAA/KEE0997,PC-4873,2010-04-01 23:20:00,23.0,login,,,,1,Suspicious login hour
DTAA/BJM0992,PC-3902,2010-04-01 23:27:00,23.0,login,,,,1,Suspicious login hour
DTAA/BAF0379,PC-3645,2010-04-01 23:28:00,23.0,login,,,,1,Suspicious login hour
DTAA/JTT0989,PC-3234,2010-04-01 23:31:00,23.0,login,,,,1,Suspicious login hour
DTAA/HNS0858,PC-3790,2010-04-01 23:41:00,23.0,login,,,,1,Suspicious login hour
DTAA/NDS0490,PC-2549,2010-04-01 23:46:00,23.0,login,,,,1,Suspicious login hour
DTAA/IRC0991,PC-4438,2010-04-01 23:53:00,23.0,login,,,,1,Suspicious login hour
DTAA/ARS0993,PC-3024,2010-04-01 23:53:00,23.0,login,,,,1,Suspicious login hour
DTAA/JTT0989,PC-4818,2010-04-01 23:53:00,23.0,login,,,,1,Suspicious login hour
DTAA/BJM0992,PC-3902,2010-04-02 00:01:00,0.0,login,,,,1,Suspicious login hour
DTAA/JTT0989,PC-4818,2010-04-02 00:07:00,0.0,login,,,,1,Suspicious login hour
DTAA/JTT0989,PC-3234,2010-04-02 00:10:00,0.0,login,,,,1,Suspicious login hour
DTAA/IRC0991,PC-4438,2010-04-02 00:12:00,0.0,login,,,,1,Suspicious login hour
DTAA/ARS0993,PC-3024,2010-04-02 00:28:00,0.0,login,,,,1,Suspicious login hour
DTAA/SRN0275,PC-3531,2010-04-02 00:33:00,0.0,login,,,,1,Suspicious login hour
DTAA/CLK0383,PC-0419,2010-04-02 00:43:00,0.0,login,,,,1,Suspicious login hour
DTAA/NDS0490,PC-2549,2010-04-02 00:49:00,0.0,login,,,,1,Suspicious login hour
DTAA/AJA0220,PC-3872,2010-04-02 01:34:00,1.0,login,,,,1,Suspicious login hour
DTAA/IMB0473,PC-4682,2010-04-02 02:38:00,2.0,login,,,,1,Suspicious login hour
DTAA/AJP0553,PC-1270,2010-04-02 03:09:00,3.0,login,,,,1,Suspicious login hour
DTAA/SJH0588,PC-2512,2010-04-02 03:35:00,3.0,login,,,,1,Suspicious login hour
DTAA/SJH0588,PC-2512,2010-04-02 03:38:00,3.0,login,,,,1,Suspicious login hour
DTAA/CHA0174,PC-2751,2010-04-02 03:47:00,3.0,login,,,,1,Suspicious login hour
DTAA/AJA0220,PC-3872,2010-04-02 03:50:00,3.0,login,,,,1,Suspicious login hour
DTAA/CSC0297,PC-2848,2010-04-02 04:03:00,4.0,login,,,,1,Suspicious login hour
DTAA/CLK0383,PC-0419,2010-04-02 05:34:00,5.0,login,,,,1,Suspicious login hour
DTAA/JMM0759,PC-3490,2010-04-02 05:42:00,5.0,login,,,,1,Suspicious login hour
DTAA/IKH0904,PC-3664,2010-04-02 05:54:00,5.0,login,,,,1,Suspicious login hour
DTAA/SRN0275,PC-3531,2010-04-02 05:55:00,5.0,login,,,,1,Suspicious login hour
DTAA/IRC0991,PC-2171,2010-04-05 00:16:00,0.0,login,,,,1,Suspicious login hour
DTAA/BJM0992,PC-1469,2010-04-05 00:26:00,0.0,login,,,,1,Suspicious login hour
DTAA/IRC0991,PC-2171,2010-04-05 00:31:00,0.0,login,,,,1,Suspicious login hour
DTAA/JTT0989,PC-2395,2010-04-05 01:06:00,1.0,login,,,,1,Suspicious login hour
DTAA/BJM0992,PC-1469,2010-04-05 01:09:00,1.0,login,,,,1,Suspicious login hour
DTAA/CGM0994,PC-0196,2010-04-05 01:19:00,1.0,login,,,,1,Suspicious login hour
DTAA/JTT0989,PC-2395,2010-04-05 01:28:00,1.0,login,,,,1,Suspicious login hour
DTAA/CGM0994,PC-0196,2010-04-05 01:29:00,1.0,login,,,,1,Suspicious login hour
DTAA/CLB0995,PC-4467,2010-04-05 02:01:00,2.0,login,,,,1,Suspicious login hour
DTAA/KEE0997,PC-4093,2010-04-05 02:15:00,2.0,login,,,,1,Suspicious login hour
DTAA/CLB0995,PC-4467,2010-04-05 02:41:00,2.0,login,,,,1,Suspicious login hour
DTAA/KEE0997,PC-4093,2010-04-05 02:50:00,2.0,login,,,,1,Suspicious login hour
DTAA/KEE0997,PC-3490,2010-04-05 03:27:00,3.0,login,,,,1,Suspicious login hour
DTAA/BJM0992,PC-0376,2010-04-05 03:28:00,3.0,login,,,,1,Suspicious login hour
DTAA/ARS0993,PC-1270,2010-04-05 03:32:00,3.0,login,,,,1,Suspicious login hour
DTAA/BJM0992,PC-0376,2010-04-05 03:33:00,3.0,login,,,,1,Suspicious login hour
DTAA/ARS0993,PC-4381,2010-04-05 03:42:00,3.0,login,,,,1,Suspicious login hour
DTAA/IRC0991,PC-3959,2010-04-05 03:43:00,3.0,login,,,,1,Suspicious login hour
DTAA/ARS0993,PC-1270,2010-04-05 04:00:00,4.0,login,,,,1,Suspicious login hour
DTAA/KEE0997,PC-3490,2010-04-05 04:01:00,4.0,login,,,,1,Suspicious login hour
DTAA/CLB0995,PC-1764,2010-04-05 04:08:00,4.0,login,,,,1,Suspicious login hour
DTAA/CLB0995,PC-1764,2010-04-05 04:09:00,4.0,login,,,,1,Suspicious login hour
DTAA/KEE0997,PC-3209,2010-04-05 04:14:00,4.0,login,,,,1,Suspicious login hour
DTAA/DSM0990,PC-2844,2010-04-05 04:18:00,4.0,login,,,,1,Suspicious login hour
DTAA/ARS0993,PC-4381,2010-04-05 04:20:00,4.0,login,,,,1,Suspicious login hour
DTAA/CLB0995,PC-0461,2010-04-05 04:23:00,4.0,login,,,,1,Suspicious login hour
DTAA/IRC0991,PC-3959,2010-04-05 04:24:00,4.0,login,,,,1,Suspicious login hour
DTAA/CLB0995,PC-0461,2010-04-05 04:41:00,4.0,login,,,,1,Suspicious login hour
DTAA/KEE0997,PC-3209,2010-04-05 04:46:00,4.0,login,,,,1,Suspicious login hour
DTAA/DSM0990,PC-2844,2010-04-05 04:56:00,4.0,login,,,,1,Suspicious login hour
DTAA/CLB0995,PC-0023,2010-04-05 05:03:00,5.0,login,,,,1,Suspicious login hour
DTAA/CLB0995,PC-0023,2010-04-05 05:25:00,5.0,login,,,,1,Suspicious login hour
DTAA/ARC0677,PC-0465,2010-04-05 21:02:00,21.0,login,,,,1,Suspicious login hour
DTAA/ODW0839,PC-1940,2010-04-05 21:02:00,21.0,login,,,,1,Suspicious login hour
DTAA/VAH0262,PC-1398,2010-04-05 21:11:00,21.0,login,,,,1,Suspicious login hour
DTAA/SKL0881,PC-1581,2010-04-05 21:17:00,21.0,login,,,,1,Suspicious login hour
DTAA/KEE0997,PC-2222,2010-04-05 21:21:00,21.0,login,,,,1,Suspicious login hour
DTAA/JCC0998,PC-3330,2010-04-05 21:24:00,21.0,login,,,,1,Suspicious login hour
DTAA/NAT0252,PC-1796,2010-04-05 21:24:00,21.0,login,,,,1,Suspicious login hour
DTAA/JCC0998,PC-3330,2010-04-05 21:26:00,21.0,login,,,,1,Suspicious login hour
DTAA/NDS0490,PC-2549,2010-04-05 21:29:00,21.0,login,,,,1,Suspicious login hour
DTAA/CMF0339,PC-1939,2010-04-05 21:51:00,21.0,login,,,,1,Suspicious login hour
DTAA/KEE0997,PC-2222,2010-04-05 22:05:00,22.0,login,,,,1,Suspicious login hour
DTAA/COS0121,PC-0462,2010-04-05 22:14:00,22.0,login,,,,1,Suspicious login hour
DTAA/JTT0989,PC-1217,2010-04-05 22:15:00,22.0,login,,,,1,Suspicious login hour
DTAA/JTT0989,PC-1217,2010-04-05 22:17:00,22.0,login,,,,1,Suspicious login hour
DTAA/BJM0992,PC-0001,2010-04-05 22:39:00,22.0,login,,,,1,Suspicious login hour
DTAA/BJM0992,PC-0001,2010-04-05 22:46:00,22.0,login,,,,1,Suspicious login hour
DTAA/CRC0996,PC-4335,2010-04-05 22:47:00,22.0,login,,,,1,Suspicious login hour
DTAA/STF0145,PC-0191,2010-04-05 22:48:00,22.0,login,,,,1,Suspicious login hour
DTAA/DDK0417,PC-0980,2010-04-05 22:54:00,22.0,login,,,,1,Suspicious login hour
DTAA/ELD1000,PC-1069,2010-04-05 23:04:00,23.0,login,,,,1,Suspicious login hour
DTAA/JGC0775,PC-2680,2010-04-05 23:14:00,23.0,login,,,,1,Suspicious login hour
DTAA/CGM0994,PC-0542,2010-04-05 23:17:00,23.0,login,,,,1,Suspicious login hour
DTAA/CHA0174,PC-2751,2010-04-05 23:19:00,23.0,login,,,,1,Suspicious login hour
DTAA/CRC0996,PC-4335,2010-04-05 23:24:00,23.0,login,,,,1,Suspicious login hour
DTAA/CGM0994,PC-0542,2010-04-05 23:25:00,23.0,login,,,,1,Suspicious login hour
DTAA/CLN0999,PC-3269,2010-04-05 23:26:00,23.0,login,,,,1,Suspicious login hour
DTAA/ELD1000,PC-1069,2010-04-05 23:28:00,23.0,login,,,,1,Suspicious login hour
DTAA/JTT0989,PC-0465,2010-04-05 23:31:00,23.0,login,,,,1,Suspicious login hour
DTAA/JTT0989,PC-0465,2010-04-05 23:32:00,23.0,login,,,,1,Suspicious login hour
DTAA/KEE0997,PC-2791,2010-04-05 23:33:00,23.0,login,,,,1,Suspicious login hour
DTAA/JCC0998,PC-2899,2010-04-05 23:35:00,23.0,login,,,,1,Suspicious login hour
DTAA/HNS0858,PC-3790,2010-04-05 23:37:00,23.0,login,,,,1,Suspicious login hour
DTAA/CRC0996,PC-1380,2010-04-05 23:51:00,23.0,login,,,,1,Suspicious login hour
DTAA/SDC0032,PC-3081,2010-04-05 23:51:00,23.0,login,,,,1,Suspicious login hour
DTAA/KEE0997,PC-2791,2010-04-05 23:51:00,23.0,login,,,,1,Suspicious login hour
DTAA/CLN0999,PC-3269,2010-04-05 23:57:00,23.0,login,,,,1,Suspicious login hour
DTAA/JCC0998,PC-2899,2010-04-06 00:06:00,0.0,login,,,,1,Suspicious login hour
DTAA/ELD1000,PC-3867,2010-04-06 00:10:00,0.0,login,,,,1,Suspicious login hour
DTAA/CRC0996,PC-1380,2010-04-06 00:20:00,0.0,login,,,,1,Suspicious login hour
DTAA/ELD1000,PC-2950,2010-04-06 00:26:00,0.0,login,,,,1,Suspicious login hour
DTAA/CHA0174,PC-2751,2010-04-06 00:27:00,0.0,login,,,,1,Suspicious login hour
DTAA/JCC0998,PC-2467,2010-04-06 00:29:00,0.0,login,,,,1,Suspicious login hour
DTAA/JCC0998,PC-2467,2010-04-06 00:30:00,0.0,login,,,,1,Suspicious login hour
DTAA/ELD1000,PC-2950,2010-04-06 00:36:00,0.0,login,,,,1,Suspicious login hour
DTAA/ELD1000,PC-3867,2010-04-06 00:39:00,0.0,login,,,,1,Suspicious login hour
DTAA/PUH0847,PC-2550,2010-04-06 00:41:00,0.0,login,,,,1,Suspicious login hour
DTAA/JTT0989,PC-2544,2010-04-06 00:43:00,0.0,login,,,,1,Suspicious login hour
DTAA/DDK0417,PC-0980,2010-04-06 01:03:00,1.0,login,,,,1,Suspicious login hour
DTAA/CLN0999,PC-0410,2010-04-06 01:06:00,1.0,login,,,,1,Suspicious login hour
DTAA/CLN0999,PC-0410,2010-04-06 01:13:00,1.0,login,,,,1,Suspicious login hour
DTAA/JTT0989,PC-2544,2010-04-06 01:18:00,1.0,login,,,,1,Suspicious login hour
DTAA/CRC0996,PC-1560,2010-04-06 01:33:00,1.0,login,,,,1,Suspicious login hour
DTAA/IKH0904,PC-3664,2010-04-06 01:38:00,1.0,login,,,,1,Suspicious login hour
DTAA/CRC0996,PC-1560,2010-04-06 01:41:00,1.0,login,,,,1,Suspicious login hour
DTAA/SDC0032,PC-3081,2010-04-06 02:00:00,2.0,login,,,,1,Suspicious login hour
DTAA/CRC0996,PC-3712,2010-04-06 02:26:00,2.0,login,,,,1,Suspicious login hour
DTAA/CWG0305,PC-1107,2010-04-06 02:32:00,2.0,login,,,,1,Suspicious login hour
DTAA/CWG0305,PC-1107,2010-04-06 02:38:00,2.0,login,,,,1,Suspicious login hour
DTAA/BJM0992,PC-1226,2010-04-06 02:45:00,2.0,login,,,,1,Suspicious login hour
DTAA/JGC0775,PC-2680,2010-04-06 02:49:00,2.0,login,,,,1,Suspicious login hour
DTAA/KEE0997,PC-3077,2010-04-06 02:50:00,2.0,login,,,,1,Suspicious login hour
DTAA/JCC0998,PC-1320,2010-04-06 03:02:00,3.0,login,,,,1,Suspicious login hour
DTAA/BJM0992,PC-1226,2010-04-06 03:04:00,3.0,login,,,,1,Suspicious login hour
DTAA/CRC0996,PC-3712,2010-04-06 03:04:00,3.0,login,,,,1,Suspicious login hour
DTAA/ABS0726,PC-3698,2010-04-06 03:07:00,3.0,login,,,,1,Suspicious login hour
DTAA/MSV0506,PC-3240,2010-04-06 03:24:00,3.0,login,,,,1,Suspicious login hour
DTAA/KEE0997,PC-3077,2010-04-06 03:27:00,3.0,login,,,,1,Suspicious login hour
DTAA/JCC0998,PC-1320,2010-04-06 03:36:00,3.0,login,,,,1,Suspicious login hour
DTAA/RAH0968,PC-3119,2010-04-06 03:41:00,3.0,login,,,,1,Suspicious login hour
DTAA/IKH0904,PC-3664,2010-04-06 04:23:00,4.0,login,,,,1,Suspicious login hour
DTAA/JCC0998,PC-0776,2010-04-06 04:23:00,4.0,login,,,,1,Suspicious login hour
DTAA/BIR0534,PC-1834,2010-04-06 04:24:00,4.0,login,,,,1,Suspicious login hour
DTAA/DSM0990,PC-2112,2010-04-06 04:25:00,4.0,login,,,,1,Suspicious login hour
DTAA/DSM0990,PC-2112,2010-04-06 04:46:00,4.0,login,,,,1,Suspicious login hour
DTAA/COS0121,PC-0462,2010-04-06 04:47:00,4.0,login,,,,1,Suspicious login hour
DTAA/BIR0534,PC-1834,2010-04-06 04:50:00,4.0,login,,,,1,Suspicious login hour
DTAA/AIB0797,PC-4147,2010-04-06 04:53:00,4.0,login,,,,1,Suspicious login hour
DTAA/BJM0992,PC-2501,2010-04-06 04:54:00,4.0,login,,,,1,Suspicious login hour
DTAA/JCC0998,PC-0776,2010-04-06 04:58:00,4.0,login,,,,1,Suspicious login hour
DTAA/RBY0065,PC-2214,2010-04-06 05:03:00,5.0,login,,,,1,Suspicious login hour
DTAA/MSV0506,PC-3240,2010-04-06 05:04:00,5.0,login,,,,1,Suspicious login hour
DTAA/BTW0973,PC-4462,2010-04-06 05:21:00,5.0,login,,,,1,Suspicious login hour
DTAA/BJM0992,PC-2501,2010-04-06 05:32:00,5.0,login,,,,1,Suspicious login hour
DTAA/DSM0990,PC-4895,2010-04-06 05:35:00,5.0,login,,,,1,Suspicious login hour
DTAA/RBY0065,PC-2214,2010-04-06 05:36:00,5.0,login,,,,1,Suspicious login hour
DTAA/CLB0995,PC-0026,2010-04-06 21:03:00,21.0,login,,,,1,Suspicious login hour
DTAA/ODW0839,PC-1940,2010-04-06 21:07:00,21.0,login,,,,1,Suspicious login hour
DTAA/ARC0677,PC-0465,2010-04-06 21:07:00,21.0,login,,,,1,Suspicious login hour
DTAA/CLB0995,PC-0026,2010-04-06 21:11:00,21.0,login,,,,1,Suspicious login hour
DTAA/DSM0990,PC-3289,2010-04-06 21:12:00,21.0,login,,,,1,Suspicious login hour
DTAA/NAT0252,PC-1796,2010-04-06 21:13:00,21.0,login,,,,1,Suspicious login hour
DTAA/SKL0881,PC-1581,2010-04-06 21:15:00,21.0,login,,,,1,Suspicious login hour
DTAA/ARS0993,PC-3385,2010-04-06 21:17:00,21.0,login,,,,1,Suspicious login hour
DTAA/VAH0262,PC-1398,2010-04-06 21:22:00,21.0,login,,,,1,Suspicious login hour
DTAA/KEE0997,PC-3644,2010-04-06 21:32:00,21.0,login,,,,1,Suspicious login hour
DTAA/CLN0999,PC-4678,2010-04-06 21:32:00,21.0,login,,,,1,Suspicious login hour
DTAA/NDS0490,PC-2549,2010-04-06 21:33:00,21.0,login,,,,1,Suspicious login hour
DTAA/ARS0993,PC-2210,2010-04-06 21:36:00,21.0,login,,,,1,Suspicious login hour
DTAA/CLN0999,PC-4678,2010-04-06 21:39:00,21.0,login,,,,1,Suspicious login hour
DTAA/CLB0995,PC-2929,2010-04-06 21:41:00,21.0,login,,,,1,Suspicious login hour
DTAA/DSM0990,PC-3289,2010-04-06 21:55:00,21.0,login,,,,1,Suspicious login hour
DTAA/CLB0995,PC-2929,2010-04-06 21:56:00,21.0,login,,,,1,Suspicious login hour
DTAA/ARS0993,PC-2210,2010-04-06 22:13:00,22.0,login,,,,1,Suspicious login hour
DTAA/KEE0997,PC-1294,2010-04-06 22:28:00,22.0,login,,,,1,Suspicious login hour
DTAA/KEE0997,PC-1294,2010-04-06 22:44:00,22.0,login,,,,1,Suspicious login hour
DTAA/JTT0989,PC-4673,2010-04-06 23:24:00,23.0,login,,,,1,Suspicious login hour
DTAA/JTT0989,PC-4673,2010-04-07 00:06:00,0.0,login,,,,1,Suspicious login hour
DTAA/KEE0997,PC-1649,2010-04-07 00:34:00,0.0,login,,,,1,Suspicious login hour
DTAA/KEE0997,PC-1649,2010-04-07 00:44:00,0.0,login,,,,1,Suspicious login hour
DTAA/GKC0919,PC-3647,2010-04-07 00:54:00,0.0,login,,,,1,Suspicious login hour
DTAA/RBC0879,PC-1261,2010-04-07 01:20:00,1.0,login,,,,1,Suspicious login hour
DTAA/SAH0192,PC-4079,2010-04-07 01:30:00,1.0,login,,,,1,Suspicious login hour
DTAA/ELD1000,PC-2888,2010-04-07 02:01:00,2.0,login,,,,1,Suspicious login hour
DTAA/JCC0998,PC-3167,2010-04-07 02:06:00,2.0,login,,,,1,Suspicious login hour
DTAA/SHR0025,PC-0288,2010-04-07 02:10:00,2.0,login,,,,1,Suspicious login hour
DTAA/DSM0990,PC-4293,2010-04-07 02:11:00,2.0,login,,,,1,Suspicious login hour
DTAA/AKS0283,PC-3049,2010-04-07 02:16:00,2.0,login,,,,1,Suspicious login hour
DTAA/ELD1000,PC-2888,2010-04-07 02:24:00,2.0,login,,,,1,Suspicious login hour
DTAA/GKC0919,PC-3647,2010-04-07 02:24:00,2.0,login,,,,1,Suspicious login hour
DTAA/JCC0998,PC-3167,2010-04-07 02:27:00,2.0,login,,,,1,Suspicious login hour
DTAA/DSM0990,PC-4293,2010-04-07 02:53:00,2.0,login,,,,1,Suspicious login hour
DTAA/RBC0879,PC-1261,2010-04-07 03:09:00,3.0,login,,,,1,Suspicious login hour
DTAA/JCC0998,PC-3039,2010-04-07 03:27:00,3.0,login,,,,1,Suspicious login hour
DTAA/JCC0998,PC-3039,2010-04-07 03:37:00,3.0,login,,,,1,Suspicious login hour
DTAA/DIS0382,PC-2501,2010-04-07 03:41:00,3.0,login,,,,1,Suspicious login hour
DTAA/MVW0630,PC-2005,2010-04-07 04:04:00,4.0,login,,,,1,Suspicious login hour
DTAA/CLB0995,PC-0149,2010-04-07 04:20:00,4.0,login,,,,1,Suspicious login hour
DTAA/DIS0382,PC-2501,2010-04-07 04:20:00,4.0,login,,,,1,Suspicious login hour
DTAA/KSP0927,PC-2221,2010-04-07 04:22:00,4.0,login,,,,1,Suspicious login hour
DTAA/MVW0630,PC-2005,2010-04-07 04:24:00,4.0,login,,,,1,Suspicious login hour
DTAA/CGM0994,PC-4890,2010-04-07 04:30:00,4.0,login,,,,1,Suspicious login hour
DTAA/CLB0995,PC-0149,2010-04-07 04:42:00,4.0,login,,,,1,Suspicious login hour
DTAA/CGM0994,PC-4890,2010-04-07 04:57:00,4.0,login,,,,1,Suspicious login hour
DTAA/CLN0999,PC-2554,2010-04-07 05:04:00,5.0,login,,,,1,Suspicious login hour
DTAA/SHR0025,PC-0288,2010-04-07 05:10:00,5.0,login,,,,1,Suspicious login hour
DTAA/JMM0759,PC-3490,2010-04-07 05:13:00,5.0,login,,,,1,Suspicious login hour
DTAA/AJA0220,PC-3872,2010-04-07 05:22:00,5.0,login,,,,1,Suspicious login hour
DTAA/JMM0759,PC-3490,2010-04-07 05:24:00,5.0,login,,,,1,Suspicious login hour
DTAA/JTT0989,PC-3210,2010-04-07 05:29:00,5.0,login,,,,1,Suspicious login hour
DTAA/AJA0220,PC-3872,2010-04-07 05:34:00,5.0,login,,,,1,Suspicious login hour
DTAA/CLN0999,PC-2554,2010-04-07 05:34:00,5.0,login,,,,1,Suspicious login hour
DTAA/CGM0994,PC-1021,2010-04-07 05:40:00,5.0,login,,,,1,Suspicious login hour
DTAA/JTT0989,PC-3210,2010-04-07 05:41:00,5.0,login,,,,1,Suspicious login hour
DTAA/CGM0994,PC-1021,2010-04-07 05:50:00,5.0,login,,,,1,Suspicious login hour
DTAA/IRC0991,PC-1665,2010-04-07 05:54:00,5.0,login,,,,1,Suspicious login hour
DTAA/BJM0992,PC-4950,2010-04-07 05:56:00,5.0,login,,,,1,Suspicious login hour
DTAA/ODW0839,PC-1940,2010-04-07 21:00:00,21.0,login,,,,1,Suspicious login hour
DTAA/JCC0998,PC-0088,2010-04-07 21:09:00,21.0,login,,,,1,Suspicious login hour
DTAA/VAH0262,PC-1398,2010-04-07 21:11:00,21.0,login,,,,1,Suspicious login hour
DTAA/JTT0989,PC-3465,2010-04-07 21:15:00,21.0,login,,,,1,Suspicious login hour
DTAA/SKL0881,PC-1581,2010-04-07 21:16:00,21.0,login,,,,1,Suspicious login hour
DTAA/NAT0252,PC-1796,2010-04-07 21:23:00,21.0,login,,,,1,Suspicious login hour
DTAA/NDS0490,PC-2549,2010-04-07 21:27:00,21.0,login,,,,1,Suspicious login hour
DTAA/JCC0998,PC-4002,2010-04-07 21:30:00,21.0,login,,,,1,Suspicious login hour
DTAA/JCC0998,PC-4002,2010-04-07 21:42:00,21.0,login,,,,1,Suspicious login hour
DTAA/JCC0998,PC-0088,2010-04-07 21:45:00,21.0,login,,,,1,Suspicious login hour
DTAA/JTT0989,PC-1189,2010-04-07 21:59:00,21.0,login,,,,1,Suspicious login hour
DTAA/CLN0999,PC-1898,2010-04-07 22:06:00,22.0,login,,,,1,Suspicious login hour
DTAA/CGM0994,PC-0264,2010-04-07 22:08:00,22.0,login,,,,1,Suspicious login hour
DTAA/CLN0999,PC-1898,2010-04-07 22:09:00,22.0,login,,,,1,Suspicious login hour
DTAA/CGM0994,PC-0264,2010-04-07 22:12:00,22.0,login,,,,1,Suspicious login hour
DTAA/ELD1000,PC-4358,2010-04-07 22:20:00,22.0,login,,,,1,Suspicious login hour
DTAA/JTT0989,PC-1189,2010-04-07 22:25:00,22.0,login,,,,1,Suspicious login hour
DTAA/CRC0996,PC-1343,2010-04-07 22:27:00,22.0,login,,,,1,Suspicious login hour
DTAA/CLN0999,PC-3459,2010-04-07 22:30:00,22.0,login,,,,1,Suspicious login hour
DTAA/ELD1000,PC-4358,2010-04-07 22:31:00,22.0,login,,,,1,Suspicious login hour
DTAA/CLN0999,PC-3459,2010-04-07 22:32:00,22.0,login,,,,1,Suspicious login hour
DTAA/CLB0995,PC-4928,2010-04-07 22:39:00,22.0,login,,,,1,Suspicious login hour
DTAA/CLB0995,PC-0288,2010-04-07 22:46:00,22.0,login,,,,1,Suspicious login hour
DTAA/CLB0995,PC-4928,2010-04-07 22:46:00,22.0,login,,,,1,Suspicious login hour
DTAA/CLB0995,PC-0288,2010-04-07 22:54:00,22.0,login,,,,1,Suspicious login hour
DTAA/CRC0996,PC-1343,2010-04-07 22:59:00,22.0,login,,,,1,Suspicious login hour
DTAA/GRG0693,PC-3411,2010-04-07 23:05:00,23.0,login,,,,1,Suspicious login hour
DTAA/ELD1000,PC-0768,2010-04-07 23:06:00,23.0,login,,,,1,Suspicious login hour
DTAA/ELD1000,PC-0768,2010-04-07 23:13:00,23.0,login,,,,1,Suspicious login hour
DTAA/IRC0991,PC-4738,2010-04-07 23:13:00,23.0,login,,,,1,Suspicious login hour
DTAA/DSM0990,PC-4573,2010-04-07 23:26:00,23.0,login,,,,1,Suspicious login hour
DTAA/DSM0990,PC-4573,2010-04-07 23:41:00,23.0,login,,,,1,Suspicious login hour
DTAA/KEE0997,PC-2967,2010-04-07 23:43:00,23.0,login,,,,1,Suspicious login hour
DTAA/IRC0991,PC-4738,2010-04-07 23:48:00,23.0,login,,,,1,Suspicious login hour
DTAA/EOS0972,PC-4981,2010-04-07 23:50:00,23.0,login,,,,1,Suspicious login hour
DTAA/KEE0997,PC-2967,2010-04-08 00:02:00,0.0,login,,,,1,Suspicious login hour
DTAA/EOS0972,PC-4981,2010-04-08 00:25:00,0.0,login,,,,1,Suspicious login hour
DTAA/CLB0995,PC-0745,2010-04-08 01:44:00,1.0,login,,,,1,Suspicious login hour
DTAA/CLB0995,PC-4393,2010-04-08 01:47:00,1.0,login,,,,1,Suspicious login hour
DTAA/ARS0993,PC-2707,2010-04-08 01:48:00,1.0,login,,,,1,Suspicious login hour
DTAA/ARS0993,PC-2707,2010-04-08 01:56:00,1.0,login,,,,1,Suspicious login hour
DTAA/PMB0702,PC-1792,2010-04-08 02:12:00,2.0,login,,,,1,Suspicious login hour
DTAA/CLB0995,PC-0745,2010-04-08 02:13:00,2.0,login,,,,1,Suspicious login hour
DTAA/CLB0995,PC-4393,2010-04-08 02:16:00,2.0,login,,,,1,Suspicious login hour
DTAA/DSM0990,PC-4162,2010-04-08 02:19:00,2.0,login,,,,1,Suspicious login hour
DTAA/ARS0993,PC-0381,2010-04-08 02:23:00,2.0,login,,,,1,Suspicious login hour
DTAA/CRC0996,PC-0593,2010-04-08 02:52:00,2.0,login,,,,1,Suspicious login hour
DTAA/ARS0993,PC-0381,2010-04-08 02:56:00,2.0,login,,,,1,Suspicious login hour
DTAA/DSM0990,PC-4162,2010-04-08 02:58:00,2.0,login,,,,1,Suspicious login hour
DTAA/JCC0998,PC-0262,2010-04-08 03:02:00,3.0,login,,,,1,Suspicious login hour
DTAA/CRC0996,PC-0593,2010-04-08 03:09:00,3.0,login,,,,1,Suspicious login hour
DTAA/JCC0998,PC-0262,2010-04-08 03:10:00,3.0,login,,,,1,Suspicious login hour
DTAA/IRC0991,PC-2549,2010-04-08 03:18:00,3.0,login,,,,1,Suspicious login hour
DTAA/JTT0989,PC-4438,2010-04-08 03:34:00,3.0,login,,,,1,Suspicious login hour
DTAA/PJL0320,PC-1233,2010-04-08 03:34:00,3.0,login,,,,1,Suspicious login hour
DTAA/JTT0989,PC-4438,2010-04-08 03:36:00,3.0,login,,,,1,Suspicious login hour
DTAA/ELD1000,PC-1512,2010-04-08 03:41:00,3.0,login,,,,1,Suspicious login hour
DTAA/ELD1000,PC-3234,2010-04-08 03:43:00,3.0,login,,,,1,Suspicious login hour
DTAA/IRC0991,PC-2549,2010-04-08 03:44:00,3.0,login,,,,1,Suspicious login hour
DTAA/ELD1000,PC-3234,2010-04-08 03:52:00,3.0,login,,,,1,Suspicious login hour
DTAA/CLB0995,PC-4531,2010-04-08 04:14:00,4.0,login,,,,1,Suspicious login hour
DTAA/ELD1000,PC-1512,2010-04-08 04:15:00,4.0,login,,,,1,Suspicious login hour
DTAA/OYR0801,PC-0088,2010-04-08 04:21:00,4.0,login,,,,1,Suspicious login hour
DTAA/CLB0995,PC-4531,2010-04-08 04:36:00,4.0,login,,,,1,Suspicious login hour
DTAA/CSR0189,PC-3494,2010-04-08 04:49:00,4.0,login,,,,1,Suspicious login hour
DTAA/CGM0994,PC-2407,2010-04-08 04:58:00,4.0,login,,,,1,Suspicious login hour
DTAA/ARS0993,PC-3491,2010-04-08 05:09:00,5.0,login,,,,1,Suspicious login hour
DTAA/DSM0990,PC-4079,2010-04-08 05:10:00,5.0,login,,,,1,Suspicious login hour
DTAA/CGM0994,PC-2407,2010-04-08 05:21:00,5.0,login,,,,1,Suspicious login hour
DTAA/CLB0995,PC-0028,2010-04-08 05:26:00,5.0,login,,,,1,Suspicious login hour
DTAA/CLB0995,PC-0028,2010-04-08 05:28:00,5.0,login,,,,1,Suspicious login hour
DTAA/ARS0993,PC-3491,2010-04-08 05:29:00,5.0,login,,,,1,Suspicious login hour
DTAA/DSM0990,PC-4079,2010-04-08 05:37:00,5.0,login,,,,1,Suspicious login hour
DTAA/PJL0320,PC-1233,2010-04-08 05:43:00,5.0,login,,,,1,Suspicious login hour
DTAA/CLB0995,PC-4228,2010-04-08 05:49:00,5.0,login,,,,1,Suspicious login hour
DTAA/OYR0801,PC-0088,2010-04-08 05:55:00,5.0,login,,,,1,Suspicious login hour
DTAA/MIC0914,PC-3326,2010-04-08 05:59:00,5.0,login,,,,1,Suspicious login hour
DTAA/JTT0989,PC-4532,2010-04-08 21:00:00,21.0,login,,,,1,Suspicious login hour
DTAA/ARS0993,PC-4400,2010-04-08 21:04:00,21.0,login,,,,1,Suspicious login hour
DTAA/ODW0839,PC-1940,2010-04-08 21:06:00,21.0,login,,,,1,Suspicious login hour
DTAA/JCC0998,PC-0714,2010-04-08 21:07:00,21.0,login,,,,1,Suspicious login hour
DTAA/ARC0677,PC-0465,2010-04-08 21:08:00,21.0,login,,,,1,Suspicious login hour
DTAA/ARS0993,PC-4400,2010-04-08 21:10:00,21.0,login,,,,1,Suspicious login hour
DTAA/NAT0252,PC-1796,2010-04-08 21:10:00,21.0,login,,,,1,Suspicious login hour
DTAA/CLB0995,PC-1233,2010-04-08 21:18:00,21.0,login,,,,1,Suspicious login hour
DTAA/SKL0881,PC-1581,2010-04-08 21:21:00,21.0,login,,,,1,Suspicious login hour
DTAA/VAH0262,PC-1398,2010-04-08 21:21:00,21.0,login,,,,1,Suspicious login hour
DTAA/BJM0992,PC-0906,2010-04-08 21:23:00,21.0,login,,,,1,Suspicious login hour
DTAA/BJM0992,PC-4577,2010-04-08 21:23:00,21.0,login,,,,1,Suspicious login hour
DTAA/JCC0998,PC-0714,2010-04-08 21:27:00,21.0,login,,,,1,Suspicious login hour
DTAA/BJM0992,PC-4577,2010-04-08 21:27:00,21.0,login,,,,1,Suspicious login hour
DTAA/DFZ0063,PC-4442,2010-04-08 21:27:00,21.0,login,,,,1,Suspicious login hour
DTAA/NDS0490,PC-2549,2010-04-08 21:32:00,21.0,login,,,,1,Suspicious login hour
DTAA/IRC0991,PC-2079,2010-04-08 21:38:00,21.0,login,,,,1,Suspicious login hour
DTAA/CLB0995,PC-1233,2010-04-08 21:43:00,21.0,login,,,,1,Suspicious login hour
DTAA/IRC0991,PC-2079,2010-04-08 21:46:00,21.0,login,,,,1,Suspicious login hour
DTAA/GML0105,PC-0268,2010-04-08 21:47:00,21.0,login,,,,1,Suspicious login hour
DTAA/BJM0992,PC-0906,2010-04-08 21:50:00,21.0,login,,,,1,Suspicious login hour
DTAA/ELD1000,PC-0184,2010-04-08 21:52:00,21.0,login,,,,1,Suspicious login hour
DTAA/BJM0992,PC-4184,2010-04-08 21:56:00,21.0,login,,,,1,Suspicious login hour
DTAA/HCJ0171,PC-0149,2010-04-08 21:57:00,21.0,login,,,,1,Suspicious login hour
DTAA/BJM0992,PC-4184,2010-04-08 22:14:00,22.0,login,,,,1,Suspicious login hour
DTAA/ELD1000,PC-0184,2010-04-08 22:25:00,22.0,login,,,,1,Suspicious login hour
DTAA/DFZ0063,PC-4442,2010-04-08 22:56:00,22.0,login,,,,1,Suspicious login hour
DTAA/VNM0127,PC-3456,2010-04-08 23:02:00,23.0,login,,,,1,Suspicious login hour
DTAA/HCJ0171,PC-0149,2010-04-08 23:15:00,23.0,login,,,,1,Suspicious login hour
DTAA/KEE0997,PC-3784,2010-04-08 23:28:00,23.0,login,,,,1,Suspicious login hour
DTAA/KEE0997,PC-3784,2010-04-09 00:07:00,0.0,login,,,,1,Suspicious login hour
DTAA/IRC0991,PC-1374,2010-04-09 00:59:00,0.0,login,,,,1,Suspicious login hour
DTAA/JCC0998,PC-2110,2010-04-09 01:07:00,1.0,login,,,,1,Suspicious login hour
DTAA/BJM0992,PC-3326,2010-04-09 01:17:00,1.0,login,,,,1,Suspicious login hour
DTAA/IRC0991,PC-1374,2010-04-09 01:29:00,1.0,login,,,,1,Suspicious login hour
DTAA/SAP0304,PC-1331,2010-04-09 01:30:00,1.0,login,,,,1,Suspicious login hour
DTAA/CLN0999,PC-2333,2010-04-09 01:33:00,1.0,login,,,,1,Suspicious login hour
DTAA/BJM0992,PC-3326,2010-04-09 01:36:00,1.0,login,,,,1,Suspicious login hour
DTAA/CGM0994,PC-3192,2010-04-09 01:40:00,1.0,login,,,,1,Suspicious login hour
DTAA/JCC0998,PC-2110,2010-04-09 01:41:00,1.0,login,,,,1,Suspicious login hour
DTAA/CLN0999,PC-2333,2010-04-09 01:45:00,1.0,login,,,,1,Suspicious login hour
DTAA/CGM0994,PC-3192,2010-04-09 01:47:00,1.0,login,,,,1,Suspicious login hour
DTAA/DSM0990,PC-4606,2010-04-09 01:56:00,1.0,login,,,,1,Suspicious login hour
DTAA/MSV0506,PC-3240,2010-04-09 02:11:00,2.0,login,,,,1,Suspicious login hour
DTAA/VNM0127,PC-3456,2010-04-09 02:17:00,2.0,login,,,,1,Suspicious login hour
DTAA/CRC0996,PC-2780,2010-04-09 02:22:00,2.0,login,,,,1,Suspicious login hour
DTAA/DSM0990,PC-4606,2010-04-09 02:27:00,2.0,login,,,,1,Suspicious login hour
DTAA/CRC0996,PC-0010,2010-04-09 02:37:00,2.0,login,,,,1,Suspicious login hour
DTAA/CRC0996,PC-0010,2010-04-09 02:38:00,2.0,login,,,,1,Suspicious login hour
DTAA/BJM0992,PC-3799,2010-04-09 02:47:00,2.0,login,,,,1,Suspicious login hour
DTAA/CTF0687,PC-2959,2010-04-09 02:50:00,2.0,login,,,,1,Suspicious login hour
DTAA/CHS0324,PC-3251,2010-04-09 02:53:00,2.0,login,,,,1,Suspicious login hour
DTAA/CRC0996,PC-2780,2010-04-09 03:00:00,3.0,login,,,,1,Suspicious login hour
DTAA/ASO0023,PC-3990,2010-04-09 03:04:00,3.0,login,,,,1,Suspicious login hour
DTAA/BJM0992,PC-3799,2010-04-09 03:25:00,3.0,login,,,,1,Suspicious login hour
DTAA/KEE0997,PC-2338,2010-04-09 03:26:00,3.0,login,,,,1,Suspicious login hour
DTAA/JLM0053,PC-1334,2010-04-09 03:29:00,3.0,login,,,,1,Suspicious login hour
DTAA/GML0105,PC-0268,2010-04-09 03:29:00,3.0,login,,,,1,Suspicious login hour
DTAA/CHS0324,PC-3251,2010-04-09 03:42:00,3.0,login,,,,1,Suspicious login hour
DTAA/ASO0023,PC-3990,2010-04-09 03:53:00,3.0,login,,,,1,Suspicious login hour
DTAA/MSV0506,PC-3240,2010-04-09 03:57:00,3.0,login,,,,1,Suspicious login hour
DTAA/KEE0997,PC-2338,2010-04-09 04:02:00,4.0,login,,,,1,Suspicious login hour
DTAA/CRC0996,PC-4252,2010-04-09 04:17:00,4.0,login,,,,1,Suspicious login hour
DTAA/CLB0995,PC-1592,2010-04-09 04:32:00,4.0,login,,,,1,Suspicious login hour
DTAA/RLC0442,PC-1467,2010-04-09 04:34:00,4.0,login,,,,1,Suspicious login hour
DTAA/CTF0687,PC-2959,2010-04-09 04:52:00,4.0,login,,,,1,Suspicious login hour
DTAA/HCG0731,PC-4643,2010-04-09 04:54:00,4.0,login,,,,1,Suspicious login hour
DTAA/CLB0995,PC-1592,2010-04-09 05:00:00,5.0,login,,,,1,Suspicious login hour
DTAA/CRC0996,PC-4252,2010-04-09 05:02:00,5.0,login,,,,1,Suspicious login hour
DTAA/HTS0265,PC-1744,2010-04-09 05:21:00,5.0,login,,,,1,Suspicious login hour
DTAA/ARS0993,PC-3826,2010-04-09 05:23:00,5.0,login,,,,1,Suspicious login hour
DTAA/SAP0304,PC-1331,2010-04-09 05:30:00,5.0,login,,,,1,Suspicious login hour
DTAA/BJM0992,PC-3676,2010-04-09 05:31:00,5.0,login,,,,1,Suspicious login hour
DTAA/BJM0992,PC-3676,2010-04-09 05:40:00,5.0,login,,,,1,Suspicious login hour
DTAA/CLN0999,PC-1701,2010-04-09 05:52:00,5.0,login,,,,1,Suspicious login hour
DTAA/ARC0677,PC-0465,2010-04-09 21:01:00,21.0,login,,,,1,Suspicious login hour
DTAA/ODW0839,PC-1940,2010-04-09 21:05:00,21.0,login,,,,1,Suspicious login hour
DTAA/KEE0997,PC-3476,2010-04-09 21:11:00,21.0,login,,,,1,Suspicious login hour
DTAA/VAH0262,PC-1398,2010-04-09 21:11:00,21.0,login,,,,1,Suspicious login hour
DTAA/ARS0993,PC-1814,2010-04-09 21:22:00,21.0,login,,,,1,Suspicious login hour
DTAA/NAT0252,PC-1796,2010-04-09 21:22:00,21.0,login,,,,1,Suspicious login hour
DTAA/SKL0881,PC-1581,2010-04-09 21:23:00,21.0,login,,,,1,Suspicious login hour
DTAA/NDS0490,PC-2549,2010-04-09 21:28:00,21.0,login,,,,1,Suspicious login hour
DTAA/CLB0995,PC-0925,2010-04-09 21:33:00,21.0,login,,,,1,Suspicious login hour
DTAA/CLB0995,PC-0925,2010-04-09 21:41:00,21.0,login,,,,1,Suspicious login hour
DTAA/KEE0997,PC-3476,2010-04-09 21:41:00,21.0,login,,,,1,Suspicious login hour
DTAA/ARS0993,PC-1814,2010-04-09 21:44:00,21.0,login,,,,1,Suspicious login hour
DTAA/JTT0989,PC-4757,2010-04-09 21:49:00,21.0,login,,,,1,Suspicious login hour
DTAA/TKH0211,PC-0719,2010-04-09 21:56:00,21.0,login,,,,1,Suspicious login hour
DTAA/JTT0989,PC-3949,2010-04-09 22:03:00,22.0,login,,,,1,Suspicious login hour
DTAA/CDZ0056,PC-4052,2010-04-09 22:03:00,22.0,login,,,,1,Suspicious login hour
DTAA/JTT0989,PC-3949,2010-04-09 22:22:00,22.0,login,,,,1,Suspicious login hour
DTAA/JTT0989,PC-4757,2010-04-09 22:24:00,22.0,login,,,,1,Suspicious login hour
DTAA/CLB0995,PC-0969,2010-04-09 22:29:00,22.0,login,,,,1,Suspicious login hour
DTAA/CLB0995,PC-0969,2010-04-09 22:45:00,22.0,login,,,,1,Suspicious login hour
DTAA/PUH0847,PC-2550,2010-04-09 22:56:00,22.0,login,,,,1,Suspicious login hour
DTAA/JTT0989,PC-2346,2010-04-09 23:02:00,23.0,login,,,,1,Suspicious login hour
DTAA/JTT0989,PC-0775,2010-04-09 23:03:00,23.0,login,,,,1,Suspicious login hour
DTAA/BJM0992,PC-4935,2010-04-09 23:03:00,23.0,login,,,,1,Suspicious login hour
DTAA/ELD1000,PC-2354,2010-04-09 23:06:00,23.0,login,,,,1,Suspicious login hour
DTAA/BJM0992,PC-4935,2010-04-09 23:19:00,23.0,login,,,,1,Suspicious login hour
DTAA/JTT0989,PC-2346,2010-04-09 23:21:00,23.0,login,,,,1,Suspicious login hour
DTAA/ELD1000,PC-2790,2010-04-09 23:23:00,23.0,login,,,,1,Suspicious login hour
DTAA/ELD1000,PC-2354,2010-04-09 23:31:00,23.0,login,,,,1,Suspicious login hour
DTAA/JTT0989,PC-0775,2010-04-09 23:41:00,23.0,login,,,,1,Suspicious login hour
DTAA/CGM0994,PC-3257,2010-04-09 23:45:00,23.0,login,,,,1,Suspicious login hour
DTAA/ELD1000,PC-2790,2010-04-09 23:55:00,23.0,login,,,,1,Suspicious login hour
DTAA/JTT0989,PC-3319,2010-04-09 23:58:00,23.0,login,,,,1,Suspicious login hour
DTAA/JTT0989,PC-3319,2010-04-10 00:12:00,0.0,login,,,,1,Suspicious login hour
DTAA/CGM0994,PC-3257,2010-04-10 00:25:00,0.0,login,,,,1,Suspicious login hour
DTAA/TKH0211,PC-0719,2010-04-10 00:47:00,0.0,login,,,,1,Suspicious login hour
DTAA/AJA0220,PC-3872,2010-04-10 01:05:00,1.0,login,,,,1,Suspicious login hour
DTAA/FKR0550,PC-2469,2010-04-10 01:11:00,1.0,login,,,,1,Suspicious login hour
DTAA/PUH0847,PC-2550,2010-04-10 01:13:00,1.0,login,,,,1,Suspicious login hour
DTAA/SHR0025,PC-0288,2010-04-10 02:05:00,2.0,login,,,,1,Suspicious login hour
DTAA/NDS0490,PC-2549,2010-04-10 02:29:00,2.0,login,,,,1,Suspicious login hour
DTAA/SHR0025,PC-0288,2010-04-10 02:54:00,2.0,login,,,,1,Suspicious login hour
DTAA/KAD0059,PC-4031,2010-04-10 03:12:00,3.0,login,,,,1,Suspicious login hour
DTAA/KAD0059,PC-4031,2010-04-10 04:12:00,4.0,login,,,,1,Suspicious login hour
DTAA/NDS0490,PC-2549,2010-04-10 04:49:00,4.0,login,,,,1,Suspicious login hour
DTAA/CDZ0056,PC-4052,2010-04-10 05:34:00,5.0,login,,,,1,Suspicious login hour
DTAA/ELD1000,PC-3599,2010-04-12 00:01:00,0.0,login,,,,1,Suspicious login hour
DTAA/CRC0996,PC-0220,2010-04-12 00:15:00,0.0,login,,,,1,Suspicious login hour
DTAA/CLB0995,PC-2214,2010-04-12 00:18:00,0.0,login,,,,1,Suspicious login hour
DTAA/CRC0996,PC-0220,2010-04-12 00:22:00,0.0,login,,,,1,Suspicious login hour
DTAA/ELD1000,PC-3599,2010-04-12 00:27:00,0.0,login,,,,1,Suspicious login hour
DTAA/IRC0991,PC-4154,2010-04-12 00:27:00,0.0,login,,,,1,Suspicious login hour
DTAA/CLB0995,PC-2214,2010-04-12 00:27:00,0.0,login,,,,1,Suspicious login hour
DTAA/BJM0992,PC-4427,2010-04-12 00:35:00,0.0,login,,,,1,Suspicious login hour
DTAA/ARS0993,PC-0016,2010-04-12 00:38:00,0.0,login,,,,1,Suspicious login hour
DTAA/BJM0992,PC-4427,2010-04-12 00:41:00,0.0,login,,,,1,Suspicious login hour
DTAA/IRC0991,PC-4154,2010-04-12 00:52:00,0.0,login,,,,1,Suspicious login hour
DTAA/JCC0998,PC-3229,2010-04-12 00:54:00,0.0,login,,,,1,Suspicious login hour
DTAA/JCC0998,PC-3229,2010-04-12 01:03:00,1.0,login,,,,1,Suspicious login hour
DTAA/ARS0993,PC-0016,2010-04-12 01:16:00,1.0,login,,,,1,Suspicious login hour
DTAA/IRC0991,PC-4739,2010-04-12 01:16:00,1.0,login,,,,1,Suspicious login hour
DTAA/IRC0991,PC-4739,2010-04-12 01:22:00,1.0,login,,,,1,Suspicious login hour
DTAA/CRC0996,PC-2052,2010-04-12 03:02:00,3.0,login,,,,1,Suspicious login hour
DTAA/IRC0991,PC-0500,2010-04-12 03:18:00,3.0,login,,,,1,Suspicious login hour
DTAA/KEE0997,PC-0542,2010-04-12 03:26:00,3.0,login,,,,1,Suspicious login hour
DTAA/CRC0996,PC-2052,2010-04-12 03:35:00,3.0,login,,,,1,Suspicious login hour
DTAA/CRC0996,PC-4152,2010-04-12 03:42:00,3.0,login,,,,1,Suspicious login hour
DTAA/KEE0997,PC-2876,2010-04-12 03:49:00,3.0,login,,,,1,Suspicious login hour
DTAA/CLN0999,PC-1939,2010-04-12 03:50:00,3.0,login,,,,1,Suspicious login hour
DTAA/KEE0997,PC-0542,2010-04-12 03:55:00,3.0,login,,,,1,Suspicious login hour
DTAA/CLN0999,PC-4820,2010-04-12 03:58:00,3.0,login,,,,1,Suspicious login hour
DTAA/IRC0991,PC-0500,2010-04-12 04:00:00,4.0,login,,,,1,Suspicious login hour
DTAA/KEE0997,PC-4983,2010-04-12 04:02:00,4.0,login,,,,1,Suspicious login hour
DTAA/CLN0999,PC-1939,2010-04-12 04:11:00,4.0,login,,,,1,Suspicious login hour
DTAA/CRC0996,PC-4152,2010-04-12 04:14:00,4.0,login,,,,1,Suspicious login hour
DTAA/KEE0997,PC-2876,2010-04-12 04:22:00,4.0,login,,,,1,Suspicious login hour
DTAA/CLB0995,PC-4039,2010-04-12 04:29:00,4.0,login,,,,1,Suspicious login hour
DTAA/CLB0995,PC-4039,2010-04-12 04:33:00,4.0,login,,,,1,Suspicious login hour
DTAA/CLN0999,PC-4820,2010-04-12 04:38:00,4.0,login,,,,1,Suspicious login hour
DTAA/KEE0997,PC-4983,2010-04-12 04:41:00,4.0,login,,,,1,Suspicious login hour
DTAA/BJM0992,PC-3330,2010-04-12 05:05:00,5.0,login,,,,1,Suspicious login hour
DTAA/ARS0993,PC-3185,2010-04-12 05:15:00,5.0,login,,,,1,Suspicious login hour
DTAA/CGM0994,PC-3755,2010-04-12 05:15:00,5.0,login,,,,1,Suspicious login hour
DTAA/KEE0997,PC-0473,2010-04-12 05:15:00,5.0,login,,,,1,Suspicious login hour
DTAA/KEE0997,PC-0473,2010-04-12 05:17:00,5.0,login,,,,1,Suspicious login hour
DTAA/ARS0993,PC-3185,2010-04-12 05:33:00,5.0,login,,,,1,Suspicious login hour
DTAA/BJM0992,PC-3330,2010-04-12 05:38:00,5.0,login,,,,1,Suspicious login hour
DTAA/CGM0994,PC-3755,2010-04-12 05:50:00,5.0,login,,,,1,Suspicious login hour
DTAA/ELD1000,PC-0309,2010-04-12 21:00:00,21.0,login,,,,1,Suspicious login hour
DTAA/ARC0677,PC-0465,2010-04-12 21:02:00,21.0,login,,,,1,Suspicious login hour
DTAA/JTT0989,PC-4444,2010-04-12 21:09:00,21.0,login,,,,1,Suspicious login hour
DTAA/BJM0992,PC-3542,2010-04-12 21:09:00,21.0,login,,,,1,Suspicious login hour
DTAA/BJM0992,PC-2791,2010-04-12 21:10:00,21.0,login,,,,1,Suspicious login hour
DTAA/JTT0989,PC-4444,2010-04-12 21:14:00,21.0,login,,,,1,Suspicious login hour
DTAA/TPC0102,PC-1945,2010-04-12 21:16:00,21.0,login,,,,1,Suspicious login hour
DTAA/BJM0992,PC-3542,2010-04-12 21:17:00,21.0,login,,,,1,Suspicious login hour
DTAA/SKL0881,PC-1581,2010-04-12 21:18:00,21.0,login,,,,1,Suspicious login hour
DTAA/NAT0252,PC-1796,2010-04-12 21:19:00,21.0,login,,,,1,Suspicious login hour
DTAA/VAH0262,PC-1398,2010-04-12 21:19:00,21.0,login,,,,1,Suspicious login hour
DTAA/BAF0379,PC-3645,2010-04-12 21:23:00,21.0,login,,,,1,Suspicious login hour
DTAA/BJM0992,PC-2791,2010-04-12 21:31:00,21.0,login,,,,1,Suspicious login hour
DTAA/NDS0490,PC-2549,2010-04-12 21:35:00,21.0,login,,,,1,Suspicious login hour
DTAA/DSM0990,PC-2899,2010-04-12 21:54:00,21.0,login,,,,1,Suspicious login hour
DTAA/DSM0990,PC-2899,2010-04-12 22:13:00,22.0,login,,,,1,Suspicious login hour
DTAA/WOT0549,PC-0304,2010-04-12 22:27:00,22.0,login,,,,1,Suspicious login hour
DTAA/CRC0996,PC-4306,2010-04-12 22:28:00,22.0,login,,,,1,Suspicious login hour
DTAA/CRC0996,PC-4306,2010-04-12 22:40:00,22.0,login,,,,1,Suspicious login hour
DTAA/DSM0990,PC-0544,2010-04-12 22:59:00,22.0,login,,,,1,Suspicious login hour
DTAA/KEE0997,PC-3726,2010-04-12 23:00:00,23.0,login,,,,1,Suspicious login hour
DTAA/JCC0998,PC-2979,2010-04-12 23:04:00,23.0,login,,,,1,Suspicious login hour
DTAA/KEE0997,PC-3726,2010-04-12 23:13:00,23.0,login,,,,1,Suspicious login hour
DTAA/IRC0991,PC-1089,2010-04-12 23:16:00,23.0,login,,,,1,Suspicious login hour
DTAA/DSM0990,PC-0544,2010-04-12 23:20:00,23.0,login,,,,1,Suspicious login hour
DTAA/IRC0991,PC-1089,2010-04-12 23:28:00,23.0,login,,,,1,Suspicious login hour
DTAA/CLN0999,PC-2844,2010-04-12 23:36:00,23.0,login,,,,1,Suspicious login hour
DTAA/JCC0998,PC-2979,2010-04-12 23:43:00,23.0,login,,,,1,Suspicious login hour
DTAA/CRC0996,PC-3822,2010-04-12 23:54:00,23.0,login,,,,1,Suspicious login hour
DTAA/GYT0279,PC-2791,2010-05-01 00:02:00,0.0,login,,,,1,Suspicious login hour
DTAA/JCC0998,PC-3737,2010-05-01 00:06:00,0.0,login,,,,1,Suspicious login hour
DTAA/FKR0550,PC-2469,2010-05-01 01:13:00,1.0,login,,,,1,Suspicious login hour
DTAA/SJH0588,PC-2512,2010-05-01 01:49:00,1.0,login,,,,1,Suspicious login hour
DTAA/SRN0275,PC-3531,2010-05-01 02:18:00,2.0,login,,,,1,Suspicious login hour
DTAA/PJL0320,PC-1233,2010-05-01 03:09:00,3.0,login,,,,1,Suspicious login hour
DTAA/FKR0550,PC-2469,2010-05-01 03:23:00,3.0,login,,,,1,Suspicious login hour
DTAA/PJL0320,PC-1233,2010-05-01 03:29:00,3.0,login,,,,1,Suspicious login hour
DTAA/SRN0275,PC-3531,2010-05-01 03:31:00,3.0,login,,,,1,Suspicious login hour
DTAA/DDK0417,PC-0980,2010-05-01 04:05:00,4.0,login,,,,1,Suspicious login hour
DTAA/AJP0553,PC-1270,2010-05-01 04:40:00,4.0,login,,,,1,Suspicious login hour
DTAA/BTW0973,PC-4462,2010-05-01 04:45:00,4.0,login,,,,1,Suspicious login hour
DTAA/BTW0973,PC-4462,2010-05-01 05:46:00,5.0,login,,,,1,Suspicious login hour
DTAA/GYT0279,PC-2791,2010-05-01 05:51:00,5.0,login,,,,1,Suspicious login hour
DTAA/ELD1000,PC-2645,2010-05-03 00:08:00,0.0,login,,,,1,Suspicious login hour
DTAA/BJM0992,PC-3766,2010-05-03 00:27:00,0.0,login,,,,1,Suspicious login hour
DTAA/CGM0994,PC-4582,2010-05-03 00:29:00,0.0,login,,,,1,Suspicious login hour
DTAA/JTT0989,PC-4696,2010-05-03 00:42:00,0.0,login,,,,1,Suspicious login hour
DTAA/CLB0995,PC-3620,2010-05-03 00:43:00,0.0,login,,,,1,Suspicious login hour
DTAA/DSM0990,PC-0553,2010-05-03 00:45:00,0.0,login,,,,1,Suspicious login hour
DTAA/CLB0995,PC-3620,2010-05-03 00:46:00,0.0,login,,,,1,Suspicious login hour
DTAA/ELD1000,PC-2680,2010-05-03 00:46:00,0.0,login,,,,1,Suspicious login hour
DTAA/ELD1000,PC-2645,2010-05-03 00:51:00,0.0,login,,,,1,Suspicious login hour
DTAA/CGM0994,PC-4582,2010-05-03 00:58:00,0.0,login,,,,1,Suspicious login hour
DTAA/BJM0992,PC-3766,2010-05-03 01:01:00,1.0,login,,,,1,Suspicious login hour
DTAA/CRC0996,PC-2529,2010-05-03 01:03:00,1.0,login,,,,1,Suspicious login hour
DTAA/CLN0999,PC-3069,2010-05-03 01:03:00,1.0,login,,,,1,Suspicious login hour
DTAA/CRC0996,PC-2529,2010-05-03 01:03:00,1.0,login,,,,1,Suspicious login hour
DTAA/ELD1000,PC-2680,2010-05-03 01:10:00,1.0,login,,,,1,Suspicious login hour
DTAA/DSM0990,PC-0553,2010-05-03 01:15:00,1.0,login,,,,1,Suspicious login hour
DTAA/CLN0999,PC-3069,2010-05-03 01:16:00,1.0,login,,,,1,Suspicious login hour
DTAA/JCC0998,PC-1320,2010-05-03 01:25:00,1.0,login,,,,1,Suspicious login hour
DTAA/JTT0989,PC-4696,2010-05-03 01:25:00,1.0,login,,,,1,Suspicious login hour
DTAA/JCC0998,PC-1320,2010-05-03 01:38:00,1.0,login,,,,1,Suspicious login hour
DTAA/IRC0991,PC-2027,2010-05-03 01:45:00,1.0,login,,,,1,Suspicious login hour
DTAA/IRC0991,PC-2950,2010-05-03 01:51:00,1.0,login,,,,1,Suspicious login hour
DTAA/CLN0999,PC-1158,2010-05-03 02:04:00,2.0,login,,,,1,Suspicious login hour
DTAA/IRC0991,PC-2950,2010-05-03 02:07:00,2.0,login,,,,1,Suspicious login hour
DTAA/CLN0999,PC-1158,2010-05-03 02:12:00,2.0,login,,,,1,Suspicious login hour
DTAA/IRC0991,PC-2027,2010-05-03 02:29:00,2.0,login,,,,1,Suspicious login hour
DTAA/CLN0999,PC-3412,2010-05-03 02:41:00,2.0,login,,,,1,Suspicious login hour
DTAA/CLN0999,PC-3412,2010-05-03 02:43:00,2.0,login,,,,1,Suspicious login hour
DTAA/JTT0989,PC-2960,2010-05-03 02:58:00,2.0,login,,,,1,Suspicious login hour
DTAA/JTT0989,PC-2214,2010-05-03 03:10:00,3.0,login,,,,1,Suspicious login hour
DTAA/JTT0989,PC-2214,2010-05-03 03:14:00,3.0,login,,,,1,Suspicious login hour
DTAA/ELD1000,PC-0280,2010-05-03 03:31:00,3.0,login,,,,1,Suspicious login hour
DTAA/JTT0989,PC-2960,2010-05-03 03:35:00,3.0,login,,,,1,Suspicious login hour
DTAA/IRC0991,PC-4306,2010-05-03 04:02:00,4.0,login,,,,1,Suspicious login hour
DTAA/ELD1000,PC-0280,2010-05-03 04:08:00,4.0,login,,,,1,Suspicious login hour
DTAA/IRC0991,PC-4306,2010-05-03 04:14:00,4.0,login,,,,1,Suspicious login hour
DTAA/KEE0997,PC-1529,2010-05-03 04:21:00,4.0,login,,,,1,Suspicious login hour
DTAA/DSM0990,PC-2791,2010-05-03 04:24:00,4.0,login,,,,1,Suspicious login hour
DTAA/BJM0992,PC-1270,2010-05-03 04:31:00,4.0,login,,,,1,Suspicious login hour
DTAA/KEE0997,PC-1529,2010-05-03 04:37:00,4.0,login,,,,1,Suspicious login hour
DTAA/BJM0992,PC-4154,2010-05-03 04:38:00,4.0,login,,,,1,Suspicious login hour
DTAA/BJM0992,PC-4154,2010-05-03 04:50:00,4.0,login,,,,1,Suspicious login hour
DTAA/CLN0999,PC-2567,2010-05-03 04:55:00,4.0,login,,,,1,Suspicious login hour
DTAA/BJM0992,PC-1270,2010-05-03 04:57:00,4.0,login,,,,1,Suspicious login hour
DTAA/DSM0990,PC-2791,2010-05-03 05:06:00,5.0,login,,,,1,Suspicious login hour
DTAA/BJM0992,PC-3418,2010-05-03 05:08:00,5.0,login,,,,1,Suspicious login hour
DTAA/BJM0992,PC-4069,2010-05-03 05:11:00,5.0,login,,,,1,Suspicious login hour
DTAA/BJM0992,PC-3418,2010-05-03 05:14:00,5.0,login,,,,1,Suspicious login hour
DTAA/JTT0989,PC-3185,2010-05-03 05:27:00,5.0,login,,,,1,Suspicious login hour
DTAA/KEE0997,PC-4225,2010-05-03 05:27:00,5.0,login,,,,1,Suspicious login hour
DTAA/CLN0999,PC-2567,2010-05-03 05:27:00,5.0,login,,,,1,Suspicious login hour
DTAA/CGM0994,PC-4209,2010-05-03 05:34:00,5.0,login,,,,1,Suspicious login hour
DTAA/KEE0997,PC-4225,2010-05-03 05:38:00,5.0,login,,,,1,Suspicious login hour
DTAA/CLN0999,PC-4736,2010-05-03 05:43:00,5.0,login,,,,1,Suspicious login hour
DTAA/BJM0992,PC-4069,2010-05-03 05:51:00,5.0,login,,,,1,Suspicious login hour
DTAA/CGM0994,PC-4209,2010-05-03 05:52:00,5.0,login,,,,1,Suspicious login hour
DTAA/ODW0839,PC-1940,2010-05-03 21:04:00,21.0,login,,,,1,Suspicious login hour
DTAA/ARC0677,PC-0465,2010-05-03 21:06:00,21.0,login,,,,1,Suspicious login hour
DTAA/WTA0867,PC-1522,2010-05-03 21:08:00,21.0,login,,,,1,Suspicious login hour
DTAA/VAH0262,PC-1398,2010-05-03 21:12:00,21.0,login,,,,1,Suspicious login hour
DTAA/NAT0252,PC-1796,2010-05-03 21:14:00,21.0,login,,,,1,Suspicious login hour
DTAA/CLB0995,PC-3946,2010-05-03 21:15:00,21.0,login,,,,1,Suspicious login hour
DTAA/SKL0881,PC-1581,2010-05-03 21:16:00,21.0,login,,,,1,Suspicious login hour
DTAA/JCC0998,PC-4336,2010-05-03 21:21:00,21.0,login,,,,1,Suspicious login hour
DTAA/BJM0992,PC-0309,2010-05-03 21:24:00,21.0,login,,,,1,Suspicious login hour
DTAA/NDS0490,PC-2549,2010-05-03 21:35:00,21.0,login,,,,1,Suspicious login hour
DTAA/DSM0990,PC-1848,2010-05-03 21:38:00,21.0,login,,,,1,Suspicious login hour
DTAA/DSM0990,PC-1848,2010-05-03 21:47:00,21.0,login,,,,1,Suspicious login hour
DTAA/CLB0995,PC-3946,2010-05-03 21:50:00,21.0,login,,,,1,Suspicious login hour
DTAA/BJM0992,PC-0309,2010-05-03 21:55:00,21.0,login,,,,1,Suspicious login hour
DTAA/JCC0998,PC-4336,2010-05-03 21:58:00,21.0,login,,,,1,Suspicious login hour
DTAA/JCC0998,PC-0633,2010-05-03 22:35:00,22.0,login,,,,1,Suspicious login hour
DTAA/PCM0846,PC-1898,2010-05-03 22:39:00,22.0,login,,,,1,Suspicious login hour
DTAA/DSH0627,PC-2474,2010-05-03 22:39:00,22.0,login,,,,1,Suspicious login hour
DTAA/IRC0991,PC-2048,2010-05-03 22:51:00,22.0,login,,,,1,Suspicious login hour
DTAA/JCC0998,PC-0633,2010-05-03 22:54:00,22.0,login,,,,1,Suspicious login hour
DTAA/KEE0997,PC-4444,2010-05-03 23:00:00,23.0,login,,,,1,Suspicious login hour
DTAA/KEE0997,PC-4444,2010-05-03 23:12:00,23.0,login,,,,1,Suspicious login hour
DTAA/JCC0998,PC-1803,2010-05-03 23:25:00,23.0,login,,,,1,Suspicious login hour
DTAA/DSM0990,PC-1822,2010-05-03 23:29:00,23.0,login,,,,1,Suspicious login hour
DTAA/IRC0991,PC-2048,2010-05-03 23:32:00,23.0,login,,,,1,Suspicious login hour
DTAA/CLN0999,PC-2053,2010-05-03 23:50:00,23.0,login,,,,1,Suspicious login hour
DTAA/JCC0998,PC-1638,2010-05-03 23:52:00,23.0,login,,,,1,Suspicious login hour
DTAA/JCC0998,PC-1803,2010-05-03 23:57:00,23.0,login,,,,1,Suspicious login hour
DTAA/DSM0990,PC-1822,2010-05-03 23:57:00,23.0,login,,,,1,Suspicious login hour
DTAA/JCC0998,PC-1638,2010-05-04 00:01:00,0.0,login,,,,1,Suspicious login hour
DTAA/CLN0999,PC-2053,2010-05-04 00:02:00,0.0,login,,,,1,Suspicious login hour
DTAA/CGM0994,PC-1382,2010-05-04 00:24:00,0.0,login,,,,1,Suspicious login hour
DTAA/ARS0993,PC-2490,2010-05-04 01:05:00,1.0,login,,,,1,Suspicious login hour
DTAA/CGM0994,PC-1382,2010-05-04 01:09:00,1.0,login,,,,1,Suspicious login hour
DTAA/BIR0534,PC-1834,2010-05-04 01:10:00,1.0,login,,,,1,Suspicious login hour
DTAA/ARS0993,PC-2490,2010-05-04 01:10:00,1.0,login,,,,1,Suspicious login hour
DTAA/HTS0265,PC-1744,2010-05-04 01:20:00,1.0,login,,,,1,Suspicious login hour
DTAA/JTT0989,PC-2468,2010-05-04 01:37:00,1.0,login,,,,1,Suspicious login hour
DTAA/JTT0989,PC-2468,2010-05-04 01:38:00,1.0,login,,,,1,Suspicious login hour
DTAA/NHL0253,PC-3339,2010-05-04 01:58:00,1.0,login,,,,1,Suspicious login hour
DTAA/WTA0867,PC-1522,2010-05-04 02:28:00,2.0,login,,,,1,Suspicious login hour
DTAA/CGM0994,PC-4788,2010-05-04 02:34:00,2.0,login,,,,1,Suspicious login hour
DTAA/KEE0997,PC-0237,2010-05-04 02:38:00,2.0,login,,,,1,Suspicious login hour
DTAA/CGM0994,PC-4788,2010-05-04 02:46:00,2.0,login,,,,1,Suspicious login hour
DTAA/KEE0997,PC-0237,2010-05-04 02:59:00,2.0,login,,,,1,Suspicious login hour
DTAA/KEE0997,PC-0452,2010-05-04 03:04:00,3.0,login,,,,1,Suspicious login hour
DTAA/DFZ0063,PC-4442,2010-05-04 03:25:00,3.0,login,,,,1,Suspicious login hour
DTAA/KEE0997,PC-0452,2010-05-04 03:38:00,3.0,login,,,,1,Suspicious login hour
DTAA/CRC0996,PC-3885,2010-05-04 04:14:00,4.0,login,,,,1,Suspicious login hour
DTAA/DSH0627,PC-2474,2010-05-04 04:26:00,4.0,login,,,,1,Suspicious login hour
DTAA/CRC0996,PC-3885,2010-05-04 04:39:00,4.0,login,,,,1,Suspicious login hour
DTAA/CLB0995,PC-4895,2010-05-04 04:41:00,4.0,login,,,,1,Suspicious login hour
DTAA/CLB0995,PC-0777,2010-05-04 04:45:00,4.0,login,,,,1,Suspicious login hour
DTAA/CLB0995,PC-4895,2010-05-04 04:56:00,4.0,login,,,,1,Suspicious login hour
DTAA/CLB0995,PC-0777,2010-05-04 04:58:00,4.0,login,,,,1,Suspicious login hour
DTAA/BJM0992,PC-0201,2010-05-04 05:13:00,5.0,login,,,,1,Suspicious login hour
DTAA/ELD1000,PC-1189,2010-05-04 05:19:00,5.0,login,,,,1,Suspicious login hour
DTAA/ELD1000,PC-1189,2010-05-04 05:21:00,5.0,login,,,,1,Suspicious login hour
DTAA/BIR0534,PC-1834,2010-05-04 05:49:00,5.0,login,,,,1,Suspicious login hour
DTAA/CGM0994,PC-0942,2010-05-04 05:49:00,5.0,login,,,,1,Suspicious login hour
DTAA/BJM0992,PC-0201,2010-05-04 05:56:00,5.0,login,,,,1,Suspicious login hour
DTAA/PCM0846,PC-1898,2010-05-04 05:58:00,5.0,login,,,,1,Suspicious login hour
DTAA/CGM0994,PC-0942,2010-05-04 05:59:00,5.0,login,,,,1,Suspicious login hour
DTAA/ARS0993,PC-0831,2010-05-04 05:59:00,5.0,login,,,,1,Suspicious login hour
DTAA/ODW0839,PC-1940,2010-05-04 21:03:00,21.0,login,,,,1,Suspicious login hour
DTAA/ARC0677,PC-0465,2010-05-04 21:05:00,21.0,login,,,,1,Suspicious login hour
DTAA/ARS0993,PC-0666,2010-05-04 21:08:00,21.0,login,,,,1,Suspicious login hour
DTAA/CRC0996,PC-1033,2010-05-04 21:11:00,21.0,login,,,,1,Suspicious login hour
DTAA/IRC0991,PC-1732,2010-05-04 21:18:00,21.0,login,,,,1,Suspicious login hour
DTAA/KEE0997,PC-2088,2010-05-04 21:22:00,21.0,login,,,,1,Suspicious login hour
DTAA/NAT0252,PC-1796,2010-05-04 21:22:00,21.0,login,,,,1,Suspicious login hour
DTAA/ARS0993,PC-0666,2010-05-04 21:23:00,21.0,login,,,,1,Suspicious login hour
DTAA/SKL0881,PC-1581,2010-05-04 21:23:00,21.0,login,,,,1,Suspicious login hour
DTAA/VAH0262,PC-1398,2010-05-04 21:24:00,21.0,login,,,,1,Suspicious login hour
DTAA/KEE0997,PC-2088,2010-05-04 21:27:00,21.0,login,,,,1,Suspicious login hour
DTAA/CRC0996,PC-1033,2010-05-04 21:29:00,21.0,login,,,,1,Suspicious login hour
DTAA/NDS0490,PC-2549,2010-05-04 21:36:00,21.0,login,,,,1,Suspicious login hour
DTAA/IRC0991,PC-1732,2010-05-04 21:40:00,21.0,login,,,,1,Suspicious login hour
DTAA/KEE0997,PC-1107,2010-05-04 21:59:00,21.0,login,,,,1,Suspicious login hour
DTAA/BJM0992,PC-3067,2010-05-04 22:28:00,22.0,login,,,,1,Suspicious login hour
DTAA/KEE0997,PC-1107,2010-05-04 22:40:00,22.0,login,,,,1,Suspicious login hour
DTAA/BJM0992,PC-4705,2010-05-04 22:40:00,22.0,login,,,,1,Suspicious login hour
DTAA/CLN0999,PC-3261,2010-05-04 22:46:00,22.0,login,,,,1,Suspicious login hour
DTAA/BJM0992,PC-4705,2010-05-04 22:46:00,22.0,login,,,,1,Suspicious login hour
DTAA/BJM0992,PC-3067,2010-05-04 22:48:00,22.0,login,,,,1,Suspicious login hour
DTAA/CLN0999,PC-3261,2010-05-04 23:29:00,23.0,login,,,,1,Suspicious login hour
DTAA/KAD0059,PC-4031,2010-05-04 23:32:00,23.0,login,,,,1,Suspicious login hour
DTAA/CTH0856,PC-4677,2010-05-04 23:33:00,23.0,login,,,,1,Suspicious login hour
DTAA/ARS0993,PC-2160,2010-05-04 23:40:00,23.0,login,,,,1,Suspicious login hour
DTAA/CRC0996,PC-0932,2010-05-04 23:44:00,23.0,login,,,,1,Suspicious login hour
DTAA/CRC0996,PC-3212,2010-05-04 23:47:00,23.0,login,,,,1,Suspicious login hour
DTAA/ARS0993,PC-2160,2010-05-04 23:54:00,23.0,login,,,,1,Suspicious login hour
DTAA/CMF0339,PC-1939,2010-05-04 23:54:00,23.0,login,,,,1,Suspicious login hour
DTAA/ELD1000,PC-3736,2010-05-05 00:03:00,0.0,login,,,,1,Suspicious login hour
DTAA/CRC0996,PC-3212,2010-05-05 00:10:00,0.0,login,,,,1,Suspicious login hour
DTAA/ARS0993,PC-3160,2010-05-05 00:17:00,0.0,login,,,,1,Suspicious login hour
DTAA/ELD1000,PC-3736,2010-05-05 00:17:00,0.0,login,,,,1,Suspicious login hour
DTAA/CRC0996,PC-4656,2010-05-05 00:20:00,0.0,login,,,,1,Suspicious login hour
DTAA/KEE0997,PC-3040,2010-05-05 00:21:00,0.0,login,,,,1,Suspicious login hour
DTAA/CRC0996,PC-0932,2010-05-05 00:22:00,0.0,login,,,,1,Suspicious login hour
DTAA/KEE0997,PC-3040,2010-05-05 00:23:00,0.0,login,,,,1,Suspicious login hour
DTAA/ARS0993,PC-3160,2010-05-05 00:46:00,0.0,login,,,,1,Suspicious login hour
DTAA/CRC0996,PC-4656,2010-05-05 00:58:00,0.0,login,,,,1,Suspicious login hour
DTAA/ARS0993,PC-4328,2010-05-05 01:03:00,1.0,login,,,,1,Suspicious login hour
DTAA/ARS0993,PC-4328,2010-05-05 01:15:00,1.0,login,,,,1,Suspicious login hour
DTAA/ARS0993,PC-0845,2010-05-05 01:17:00,1.0,login,,,,1,Suspicious login hour
DTAA/NHH0566,PC-1651,2010-05-05 01:24:00,1.0,login,,,,1,Suspicious login hour
DTAA/ARS0993,PC-0845,2010-05-05 01:47:00,1.0,login,,,,1,Suspicious login hour
DTAA/DSM0990,PC-1892,2010-05-05 01:49:00,1.0,login,,,,1,Suspicious login hour
DTAA/ELD1000,PC-1589,2010-05-05 01:50:00,1.0,login,,,,1,Suspicious login hour
DTAA/ELD1000,PC-1589,2010-05-05 01:56:00,1.0,login,,,,1,Suspicious login hour
DTAA/PKM0092,PC-0731,2010-05-05 02:02:00,2.0,login,,,,1,Suspicious login hour
DTAA/KEE0997,PC-2560,2010-05-05 02:04:00,2.0,login,,,,1,Suspicious login hour
DTAA/CMF0339,PC-1939,2010-05-05 02:07:00,2.0,login,,,,1,Suspicious login hour
DTAA/KEE0997,PC-0813,2010-05-05 02:11:00,2.0,login,,,,1,Suspicious login hour
DTAA/BJM0992,PC-1535,2010-05-05 02:14:00,2.0,login,,,,1,Suspicious login hour
DTAA/BJM0992,PC-1535,2010-05-05 02:16:00,2.0,login,,,,1,Suspicious login hour
DTAA/JCC0998,PC-3080,2010-05-05 02:17:00,2.0,login,,,,1,Suspicious login hour
DTAA/DSM0990,PC-1892,2010-05-05 02:23:00,2.0,login,,,,1,Suspicious login hour
DTAA/KEE0997,PC-2560,2010-05-05 02:41:00,2.0,login,,,,1,Suspicious login hour
DTAA/JCC0998,PC-3080,2010-05-05 02:48:00,2.0,login,,,,1,Suspicious login hour
DTAA/KEE0997,PC-0813,2010-05-05 02:51:00,2.0,login,,,,1,Suspicious login hour
DTAA/IRC0991,PC-0735,2010-05-05 03:18:00,3.0,login,,,,1,Suspicious login hour
DTAA/XCB0445,PC-2710,2010-05-05 03:21:00,3.0,login,,,,1,Suspicious login hour
DTAA/CLN0999,PC-1261,2010-05-05 03:27:00,3.0,login,,,,1,Suspicious login hour
DTAA/JCC0998,PC-3802,2010-05-05 03:32:00,3.0,login,,,,1,Suspicious login hour
DTAA/IRC0991,PC-2485,2010-05-05 03:40:00,3.0,login,,,,1,Suspicious login hour
DTAA/IRC0991,PC-2485,2010-05-05 03:41:00,3.0,login,,,,1,Suspicious login hour
DTAA/RLC0442,PC-1467,2010-05-05 03:43:00,3.0,login,,,,1,Suspicious login hour
DTAA/CLN0999,PC-1261,2010-05-05 03:43:00,3.0,login,,,,1,Suspicious login hour
DTAA/KAD0059,PC-4031,2010-05-05 03:43:00,3.0,login,,,,1,Suspicious login hour
DTAA/IRC0991,PC-0735,2010-05-05 03:47:00,3.0,login,,,,1,Suspicious login hour
DTAA/ELD1000,PC-1175,2010-05-05 03:48:00,3.0,login,,,,1,Suspicious login hour
DTAA/XCB0445,PC-2710,2010-05-05 03:51:00,3.0,login,,,,1,Suspicious login hour
DTAA/ELD1000,PC-1175,2010-05-05 03:52:00,3.0,login,,,,1,Suspicious login hour
DTAA/ARS0993,PC-2365,2010-05-05 03:54:00,3.0,login,,,,1,Suspicious login hour
DTAA/JCC0998,PC-3802,2010-05-05 04:09:00,4.0,login,,,,1,Suspicious login hour
DTAA/ARS0993,PC-2365,2010-05-05 04:32:00,4.0,login,,,,1,Suspicious login hour
DTAA/DSM0990,PC-3391,2010-05-05 04:39:00,4.0,login,,,,1,Suspicious login hour
DTAA/PKM0092,PC-0731,2010-05-05 04:48:00,4.0,login,,,,1,Suspicious login hour
DTAA/DSM0990,PC-3391,2010-05-05 04:59:00,4.0,login,,,,1,Suspicious login hour
DTAA/JCC0998,PC-3750,2010-05-05 05:04:00,5.0,login,,,,1,Suspicious login hour
DTAA/IRC0991,PC-3024,2010-05-05 05:11:00,5.0,login,,,,1,Suspicious login hour
DTAA/RLC0442,PC-1467,2010-05-05 05:12:00,5.0,login,,,,1,Suspicious login hour
DTAA/DDK0417,PC-0980,2010-05-05 05:12:00,5.0,login,,,,1,Suspicious login hour
DTAA/DDK0417,PC-0980,2010-05-05 05:17:00,5.0,login,,,,1,Suspicious login hour
DTAA/CLB0995,PC-4563,2010-05-05 05:25:00,5.0,login,,,,1,Suspicious login hour
DTAA/JCC0998,PC-3750,2010-05-05 05:30:00,5.0,login,,,,1,Suspicious login hour
DTAA/IRC0991,PC-3024,2010-05-05 05:32:00,5.0,login,,,,1,Suspicious login hour
DTAA/BJM0992,PC-3904,2010-05-05 05:39:00,5.0,login,,,,1,Suspicious login hour
DTAA/IRC0991,PC-1740,2010-05-05 05:59:00,5.0,login,,,,1,Suspicious login hour
DTAA/ODW0839,PC-1940,2010-05-05 21:03:00,21.0,login,,,,1,Suspicious login hour
DTAA/ARS0993,PC-3883,2010-05-05 21:07:00,21.0,login,,,,1,Suspicious login hour
DTAA/NAT0252,PC-1796,2010-05-05 21:10:00,21.0,login,,,,1,Suspicious login hour
DTAA/JCC0998,PC-4692,2010-05-05 21:13:00,21.0,login,,,,1,Suspicious login hour
DTAA/ARS0993,PC-3883,2010-05-05 21:14:00,21.0,login,,,,1,Suspicious login hour
DTAA/COS0121,PC-0462,2010-05-05 21:15:00,21.0,login,,,,1,Suspicious login hour
DTAA/VAH0262,PC-1398,2010-05-05 21:16:00,21.0,login,,,,1,Suspicious login hour
DTAA/CLB0995,PC-4845,2010-05-05 21:20:00,21.0,login,,,,1,Suspicious login hour
DTAA/SKL0881,PC-1581,2010-05-05 21:20:00,21.0,login,,,,1,Suspicious login hour
DTAA/NDS0490,PC-2549,2010-05-05 21:37:00,21.0,login,,,,1,Suspicious login hour
DTAA/ELD1000,PC-0462,2010-05-05 21:47:00,21.0,login,,,,1,Suspicious login hour
DTAA/CLB0995,PC-4845,2010-05-05 21:49:00,21.0,login,,,,1,Suspicious login hour
DTAA/TKH0211,PC-0719,2010-05-05 21:54:00,21.0,login,,,,1,Suspicious login hour
DTAA/DSM0990,PC-1201,2010-05-05 21:58:00,21.0,login,,,,1,Suspicious login hour
DTAA/ELD1000,PC-0462,2010-05-05 22:00:00,22.0,login,,,,1,Suspicious login hour
DTAA/DSM0990,PC-1201,2010-05-05 22:05:00,22.0,login,,,,1,Suspicious login hour
DTAA/KEE0997,PC-3221,2010-05-05 22:37:00,22.0,login,,,,1,Suspicious login hour
DTAA/KEE0997,PC-4365,2010-05-05 22:41:00,22.0,login,,,,1,Suspicious login hour
DTAA/CGM0994,PC-1213,2010-05-05 22:41:00,22.0,login,,,,1,Suspicious login hour
DTAA/OYR0801,PC-0088,2010-05-05 23:09:00,23.0,login,,,,1,Suspicious login hour
DTAA/KEE0997,PC-4365,2010-05-05 23:12:00,23.0,login,,,,1,Suspicious login hour
DTAA/IRC0991,PC-4293,2010-05-05 23:16:00,23.0,login,,,,1,Suspicious login hour
DTAA/JCS0873,PC-1560,2010-05-05 23:17:00,23.0,login,,,,1,Suspicious login hour
DTAA/KEE0997,PC-3221,2010-05-05 23:17:00,23.0,login,,,,1,Suspicious login hour
DTAA/CGM0994,PC-1213,2010-05-05 23:25:00,23.0,login,,,,1,Suspicious login hour
DTAA/ELD1000,PC-3531,2010-05-06 00:00:00,0.0,login,,,,1,Suspicious login hour
DTAA/IRC0991,PC-4293,2010-05-06 00:00:00,0.0,login,,,,1,Suspicious login hour
DTAA/ELD1000,PC-3531,2010-05-06 00:18:00,0.0,login,,,,1,Suspicious login hour
DTAA/FKR0550,PC-2469,2010-05-06 00:23:00,0.0,login,,,,1,Suspicious login hour
DTAA/HNS0858,PC-3790,2010-05-06 00:27:00,0.0,login,,,,1,Suspicious login hour
DTAA/ARS0993,PC-2550,2010-05-06 00:49:00,0.0,login,,,,1,Suspicious login hour
DTAA/BJM0992,PC-0417,2010-05-06 01:03:00,1.0,login,,,,1,Suspicious login hour
DTAA/TKH0211,PC-0719,2010-05-06 01:09:00,1.0,login,,,,1,Suspicious login hour
DTAA/STF0145,PC-0191,2010-05-06 01:12:00,1.0,login,,,,1,Suspicious login hour
DTAA/ARS0993,PC-2550,2010-05-06 01:13:00,1.0,login,,,,1,Suspicious login hour
DTAA/CLN0999,PC-2881,2010-05-06 01:15:00,1.0,login,,,,1,Suspicious login hour
DTAA/ARS0993,PC-0593,2010-05-06 01:22:00,1.0,login,,,,1,Suspicious login hour
DTAA/CLN0999,PC-2881,2010-05-06 01:25:00,1.0,login,,,,1,Suspicious login hour
DTAA/BJM0992,PC-0417,2010-05-06 01:26:00,1.0,login,,,,1,Suspicious login hour
DTAA/CLB0995,PC-2393,2010-05-06 01:33:00,1.0,login,,,,1,Suspicious login hour
DTAA/JTT0989,PC-1355,2010-05-06 01:33:00,1.0,login,,,,1,Suspicious login hour
DTAA/COS0121,PC-0462,2010-05-06 01:39:00,1.0,login,,,,1,Suspicious login hour
DTAA/CLB0995,PC-2393,2010-05-06 01:42:00,1.0,login,,,,1,Suspicious login hour
DTAA/JTT0989,PC-1355,2010-05-06 01:42:00,1.0,login,,,,1,Suspicious login hour
DTAA/DIS0382,PC-2501,2010-05-06 01:45:00,1.0,login,,,,1,Suspicious login hour
DTAA/ABS0726,PC-3698,2010-05-06 01:54:00,1.0,login,,,,1,Suspicious login hour
DTAA/ELD1000,PC-3426,2010-05-06 02:01:00,2.0,login,,,,1,Suspicious login hour
DTAA/CHA0174,PC-2751,2010-05-06 02:06:00,2.0,login,,,,1,Suspicious login hour
DTAA/ARS0993,PC-0593,2010-05-06 02:07:00,2.0,login,,,,1,Suspicious login hour
DTAA/DIS0382,PC-2501,2010-05-06 02:10:00,2.0,login,,,,1,Suspicious login hour
DTAA/JCS0873,PC-1560,2010-05-06 02:14:00,2.0,login,,,,1,Suspicious login hour
DTAA/ELD1000,PC-3426,2010-05-06 02:20:00,2.0,login,,,,1,Suspicious login hour
DTAA/AIB0797,PC-4147,2010-05-06 02:32:00,2.0,login,,,,1,Suspicious login hour
DTAA/AIB0797,PC-4147,2010-05-06 02:48:00,2.0,login,,,,1,Suspicious login hour
DTAA/JTT0989,PC-0472,2010-05-06 02:54:00,2.0,login,,,,1,Suspicious login hour
DTAA/DSM0990,PC-2601,2010-05-06 03:04:00,3.0,login,,,,1,Suspicious login hour
DTAA/ABS0726,PC-3698,2010-05-06 03:16:00,3.0,login,,,,1,Suspicious login hour
DTAA/BJM0992,PC-0184,2010-05-06 03:30:00,3.0,login,,,,1,Suspicious login hour
DTAA/JTT0989,PC-0472,2010-05-06 03:31:00,3.0,login,,,,1,Suspicious login hour
DTAA/DSM0990,PC-2601,2010-05-06 03:33:00,3.0,login,,,,1,Suspicious login hour
DTAA/BJM0992,PC-0184,2010-05-06 04:01:00,4.0,login,,,,1,Suspicious login hour
DTAA/JCC0998,PC-4483,2010-05-06 04:10:00,4.0,login,,,,1,Suspicious login hour
DTAA/CHA0174,PC-2751,2010-05-06 04:27:00,4.0,login,,,,1,Suspicious login hour
DTAA/DSM0990,PC-1331,2010-05-06 04:32:00,4.0,login,,,,1,Suspicious login hour
DTAA/FKR0550,PC-2469,2010-05-06 04:39:00,4.0,login,,,,1,Suspicious login hour
DTAA/JCC0998,PC-4483,2010-05-06 04:40:00,4.0,login,,,,1,Suspicious login hour
DTAA/STF0145,PC-0191,2010-05-06 05:01:00,5.0,login,,,,1,Suspicious login hour
DTAA/DSM0990,PC-1331,2010-05-06 05:04:00,5.0,login,,,,1,Suspicious login hour
DTAA/JAH0544,PC-4081,2010-05-06 05:15:00,5.0,login,,,,1,Suspicious login hour
DTAA/CLN0999,PC-3456,2010-05-06 05:15:00,5.0,login,,,,1,Suspicious login hour
DTAA/GRG0693,PC-3411,2010-05-06 05:18:00,5.0,login,,,,1,Suspicious login hour
DTAA/CRC0996,PC-0797,2010-05-06 05:19:00,5.0,login,,,,1,Suspicious login hour
DTAA/JCC0998,PC-0701,2010-05-06 05:34:00,5.0,login,,,,1,Suspicious login hour
DTAA/JAH0544,PC-4081,2010-05-06 05:36:00,5.0,login,,,,1,Suspicious login hour
DTAA/CLN0999,PC-3456,2010-05-06 05:38:00,5.0,login,,,,1,Suspicious login hour
DTAA/ELD1000,PC-1575,2010-05-06 05:40:00,5.0,login,,,,1,Suspicious login hour
DTAA/IRC0991,PC-4866,2010-05-06 05:42:00,5.0,login,,,,1,Suspicious login hour
DTAA/KEE0997,PC-1155,2010-05-06 05:42:00,5.0,login,,,,1,Suspicious login hour
DTAA/DSM0990,PC-3449,2010-05-06 05:48:00,5.0,login,,,,1,Suspicious login hour
DTAA/IKH0904,PC-3664,2010-05-06 05:53:00,5.0,login,,,,1,Suspicious login hour
DTAA/CRC0996,PC-0797,2010-05-06 05:56:00,5.0,login,,,,1,Suspicious login hour
DTAA/MVW0630,PC-2005,2010-05-06 21:01:00,21.0,login,,,,1,Suspicious login hour
DTAA/ODW0839,PC-1940,2010-05-06 21:04:00,21.0,login,,,,1,Suspicious login hour
DTAA/CLB0995,PC-4147,2010-05-06 21:08:00,21.0,login,,,,1,Suspicious login hour
DTAA/CGM0994,PC-2354,2010-05-06 21:10:00,21.0,login,,,,1,Suspicious login hour
DTAA/SKL0881,PC-1581,2010-05-06 21:14:00,21.0,login,,,,1,Suspicious login hour
DTAA/NAT0252,PC-1796,2010-05-06 21:15:00,21.0,login,,,,1,Suspicious login hour
DTAA/JCC0998,PC-3902,2010-05-06 21:16:00,21.0,login,,,,1,Suspicious login hour
DTAA/VAH0262,PC-1398,2010-05-06 21:19:00,21.0,login,,,,1,Suspicious login hour
DTAA/JCC0998,PC-3902,2010-05-06 21:29:00,21.0,login,,,,1,Suspicious login hour
DTAA/NDS0490,PC-2549,2010-05-06 21:30:00,21.0,login,,,,1,Suspicious login hour
DTAA/CGM0994,PC-2354,2010-05-06 21:30:00,21.0,login,,,,1,Suspicious login hour
DTAA/CLB0995,PC-1037,2010-05-06 21:32:00,21.0,login,,,,1,Suspicious login hour
DTAA/GKC0919,PC-3647,2010-05-06 21:45:00,21.0,login,,,,1,Suspicious login hour
DTAA/JTT0989,PC-1300,2010-05-06 21:50:00,21.0,login,,,,1,Suspicious login hour
DTAA/CRC0996,PC-2941,2010-05-06 21:58:00,21.0,login,,,,1,Suspicious login hour
DTAA/CRC0996,PC-2941,2010-05-06 22:10:00,22.0,login,,,,1,Suspicious login hour
DTAA/JTT0989,PC-1583,2010-05-06 22:21:00,22.0,login,,,,1,Suspicious login hour
DTAA/JTT0989,PC-1300,2010-05-06 22:27:00,22.0,login,,,,1,Suspicious login hour
DTAA/JTT0989,PC-1583,2010-05-06 22:31:00,22.0,login,,,,1,Suspicious login hour
DTAA/GKC0919,PC-3647,2010-05-06 22:47:00,22.0,login,,,,1,Suspicious login hour
DTAA/JCC0998,PC-1374,2010-05-06 23:10:00,23.0,login,,,,1,Suspicious login hour
DTAA/CLN0999,PC-1761,2010-05-06 23:26:00,23.0,login,,,,1,Suspicious login hour
DTAA/CLN0999,PC-1761,2010-05-06 23:27:00,23.0,login,,,,1,Suspicious login hour
DTAA/IRC0991,PC-4092,2010-05-06 23:32:00,23.0,login,,,,1,Suspicious login hour
DTAA/JCC0998,PC-1374,2010-05-06 23:45:00,23.0,login,,,,1,Suspicious login hour
DTAA/CTH0082,PC-4582,2010-05-06 23:45:00,23.0,login,,,,1,Suspicious login hour
DTAA/IRC0991,PC-4092,2010-05-06 23:51:00,23.0,login,,,,1,Suspicious login hour
DTAA/BIR0534,PC-1834,2010-05-07 00:29:00,0.0,login,,,,1,Suspicious login hour
DTAA/JCC0998,PC-3148,2010-05-07 00:46:00,0.0,login,,,,1,Suspicious login hour
DTAA/BJM0992,PC-2734,2010-05-07 01:03:00,1.0,login,,,,1,Suspicious login hour
DTAA/BJM0992,PC-2734,2010-05-07 01:08:00,1.0,login,,,,1,Suspicious login hour
DTAA/JCC0998,PC-3148,2010-05-07 01:25:00,1.0,login,,,,1,Suspicious login hour
DTAA/CRC0996,PC-1199,2010-05-07 01:40:00,1.0,login,,,,1,Suspicious login hour
DTAA/CRC0996,PC-1199,2010-05-07 01:42:00,1.0,login,,,,1,Suspicious login hour
DTAA/KEE0997,PC-0711,2010-05-07 01:58:00,1.0,login,,,,1,Suspicious login hour
DTAA/KEE0997,PC-0711,2010-05-07 02:00:00,2.0,login,,,,1,Suspicious login hour
DTAA/MVW0630,PC-2005,2010-05-07 02:06:00,2.0,login,,,,1,Suspicious login hour
DTAA/DSM0990,PC-4600,2010-05-07 02:11:00,2.0,login,,,,1,Suspicious login hour
DTAA/CTH0082,PC-4582,2010-05-07 02:13:00,2.0,login,,,,1,Suspicious login hour
DTAA/LKY0181,PC-2856,2010-05-07 02:16:00,2.0,login,,,,1,Suspicious login hour
DTAA/DSM0990,PC-4600,2010-05-07 02:20:00,2.0,login,,,,1,Suspicious login hour
DTAA/CGM0994,PC-4944,2010-05-07 02:30:00,2.0,login,,,,1,Suspicious login hour
DTAA/CGM0994,PC-4944,2010-05-07 02:55:00,2.0,login,,,,1,Suspicious login hour
DTAA/MIC0914,PC-3326,2010-05-07 02:59:00,2.0,login,,,,1,Suspicious login hour
DTAA/MIC0914,PC-3326,2010-05-07 03:44:00,3.0,login,,,,1,Suspicious login hour
DTAA/JTT0989,PC-4750,2010-05-07 03:44:00,3.0,login,,,,1,Suspicious login hour
DTAA/BIR0534,PC-1834,2010-05-07 04:16:00,4.0,login,,,,1,Suspicious login hour
DTAA/CSR0189,PC-3494,2010-05-07 04:16:00,4.0,login,,,,1,Suspicious login hour
DTAA/JTT0989,PC-4750,2010-05-07 04:24:00,4.0,login,,,,1,Suspicious login hour
DTAA/KEE0997,PC-1214,2010-05-07 04:37:00,4.0,login,,,,1,Suspicious login hour
DTAA/IRC0991,PC-3232,2010-05-07 04:43:00,4.0,login,,,,1,Suspicious login hour
DTAA/DSM0990,PC-0869,2010-05-07 04:45:00,4.0,login,,,,1,Suspicious login hour
DTAA/CSR0189,PC-3494,2010-05-07 04:45:00,4.0,login,,,,1,Suspicious login hour
DTAA/RAH0968,PC-3119,2010-05-07 04:45:00,4.0,login,,,,1,Suspicious login hour
DTAA/KEE0997,PC-1214,2010-05-07 04:51:00,4.0,login,,,,1,Suspicious login hour
DTAA/JTT0989,PC-2771,2010-05-07 05:15:00,5.0,login,,,,1,Suspicious login hour
DTAA/DSM0990,PC-0869,2010-05-07 05:21:00,5.0,login,,,,1,Suspicious login hour
DTAA/IRC0991,PC-3232,2010-05-07 05:25:00,5.0,login,,,,1,Suspicious login hour
DTAA/CLN0999,PC-0054,2010-05-07 05:28:00,5.0,login,,,,1,Suspicious login hour
DTAA/JTT0989,PC-2771,2010-05-07 05:35:00,5.0,login,,,,1,Suspicious login hour
DTAA/JTT0989,PC-0702,2010-05-07 05:46:00,5.0,login,,,,1,Suspicious login hour
DTAA/JTT0989,PC-0702,2010-05-07 05:46:00,5.0,login,,,,1,Suspicious login hour
DTAA/CLN0999,PC-0054,2010-05-07 05:51:00,5.0,login,,,,1,Suspicious login hour
DTAA/ARC0677,PC-0465,2010-05-07 21:06:00,21.0,login,,,,1,Suspicious login hour
DTAA/ZAB0889,PC-2844,2010-05-07 21:13:00,21.0,login,,,,1,Suspicious login hour
DTAA/SKL0881,PC-1581,2010-05-07 21:14:00,21.0,login,,,,1,Suspicious login hour
DTAA/KEE0997,PC-1183,2010-05-07 21:15:00,21.0,login,,,,1,Suspicious login hour
DTAA/VAH0262,PC-1398,2010-05-07 21:16:00,21.0,login,,,,1,Suspicious login hour
DTAA/JTT0989,PC-3476,2010-05-07 21:18:00,21.0,login,,,,1,Suspicious login hour
DTAA/NAT0252,PC-1796,2010-05-07 21:18:00,21.0,login,,,,1,Suspicious login hour
DTAA/IRC0991,PC-1738,2010-05-07 21:20:00,21.0,login,,,,1,Suspicious login hour
DTAA/JTT0989,PC-3476,2010-05-07 21:21:00,21.0,login,,,,1,Suspicious login hour
DTAA/NDS0490,PC-2549,2010-05-07 21:31:00,21.0,login,,,,1,Suspicious login hour
DTAA/BJM0992,PC-3355,2010-05-07 21:32:00,21.0,login,,,,1,Suspicious login hour
DTAA/JCC0998,PC-0354,2010-05-07 21:39:00,21.0,login,,,,1,Suspicious login hour
DTAA/ARS0993,PC-1494,2010-05-07 21:41:00,21.0,login,,,,1,Suspicious login hour
DTAA/ARS0993,PC-1494,2010-05-07 21:44:00,21.0,login,,,,1,Suspicious login hour
DTAA/HTS0265,PC-1744,2010-05-07 21:44:00,21.0,login,,,,1,Suspicious login hour
DTAA/KEE0997,PC-1183,2010-05-07 21:53:00,21.0,login,,,,1,Suspicious login hour
DTAA/JCC0998,PC-0354,2010-05-07 21:54:00,21.0,login,,,,1,Suspicious login hour
DTAA/CGM0994,PC-3524,2010-05-07 21:56:00,21.0,login,,,,1,Suspicious login hour
DTAA/CGM0994,PC-3524,2010-05-07 22:09:00,22.0,login,,,,1,Suspicious login hour
DTAA/AJA0220,PC-3872,2010-05-07 22:13:00,22.0,login,,,,1,Suspicious login hour
DTAA/BJM0992,PC-3355,2010-05-07 22:14:00,22.0,login,,,,1,Suspicious login hour
DTAA/JHD0512,PC-2683,2010-05-07 22:48:00,22.0,login,,,,1,Suspicious login hour
DTAA/JHD0512,PC-2683,2010-05-07 23:09:00,23.0,login,,,,1,Suspicious login hour
DTAA/HTS0265,PC-1744,2010-05-07 23:17:00,23.0,login,,,,1,Suspicious login hour
DTAA/CWG0305,PC-1107,2010-05-07 23:25:00,23.0,login,,,,1,Suspicious login hour
DTAA/DSM0990,PC-1586,2010-05-07 23:39:00,23.0,login,,,,1,Suspicious login hour
DTAA/DSM0990,PC-1586,2010-05-07 23:51:00,23.0,login,,,,1,Suspicious login hour
DTAA/SHR0025,PC-0288,2010-05-08 00:45:00,0.0,login,,,,1,Suspicious login hour
DTAA/AMA0191,PC-4736,2010-05-08 01:50:00,1.0,login,,,,1,Suspicious login hour
DTAA/AMA0191,PC-4736,2010-05-08 01:53:00,1.0,login,,,,1,Suspicious login hour
DTAA/CWG0305,PC-1107,2010-05-08 02:03:00,2.0,login,,,,1,Suspicious login hour
DTAA/RLC0442,PC-1467,2010-05-08 03:13:00,3.0,login,,,,1,Suspicious login hour
DTAA/NDS0490,PC-2549,2010-05-08 03:22:00,3.0,login,,,,1,Suspicious login hour
DTAA/AJA0220,PC-3872,2010-05-08 03:43:00,3.0,login,,,,1,Suspicious login hour
DTAA/MSV0506,PC-3240,2010-05-08 03:57:00,3.0,login,,,,1,Suspicious login hour
DTAA/LJR0772,PC-3780,2010-05-08 04:38:00,4.0,login,,,,1,Suspicious login hour
DTAA/JBL0450,PC-2338,2010-05-08 04:46:00,4.0,login,,,,1,Suspicious login hour
DTAA/NHL0521,PC-2511,2010-05-08 05:01:00,5.0,login,,,,1,Suspicious login hour
DTAA/SHR0025,PC-0288,2010-05-08 05:07:00,5.0,login,,,,1,Suspicious login hour
DTAA/LJR0772,PC-3780,2010-05-08 05:16:00,5.0,login,,,,1,Suspicious login hour
DTAA/NDS0490,PC-2549,2010-05-08 05:32:00,5.0,login,,,,1,Suspicious login hour
DTAA/ZAB0889,PC-2844,2010-05-08 05:35:00,5.0,login,,,,1,Suspicious login hour
DTAA/NHL0521,PC-2511,2010-05-08 05:43:00,5.0,login,,,,1,Suspicious login hour
DTAA/CGM0994,PC-2501,2010-05-10 00:41:00,0.0,login,,,,1,Suspicious login hour
DTAA/CGM0994,PC-2501,2010-05-10 00:44:00,0.0,login,,,,1,Suspicious login hour
DTAA/CLB0995,PC-4639,2010-05-10 00:53:00,0.0,login,,,,1,Suspicious login hour
DTAA/CLN0999,PC-3438,2010-05-10 00:57:00,0.0,login,,,,1,Suspicious login hour
DTAA/CLN0999,PC-3438,2010-05-10 01:13:00,1.0,login,,,,1,Suspicious login hour
DTAA/CLB0995,PC-4639,2010-05-10 01:20:00,1.0,login,,,,1,Suspicious login hour
DTAA/CGM0994,PC-2222,2010-05-10 02:06:00,2.0,login,,,,1,Suspicious login hour
DTAA/ELD1000,PC-2645,2010-05-10 02:08:00,2.0,login,,,,1,Suspicious login hour
DTAA/KEE0997,PC-3210,2010-05-10 02:22:00,2.0,login,,,,1,Suspicious login hour
DTAA/CGM0994,PC-1946,2010-05-10 02:23:00,2.0,login,,,,1,Suspicious login hour
DTAA/CRC0996,PC-0465,2010-05-10 02:25:00,2.0,login,,,,1,Suspicious login hour
DTAA/CGM0994,PC-2222,2010-05-10 02:25:00,2.0,login,,,,1,Suspicious login hour
DTAA/CGM0994,PC-1946,2010-05-10 02:27:00,2.0,login,,,,1,Suspicious login hour
DTAA/ELD1000,PC-2645,2010-05-10 02:32:00,2.0,login,,,,1,Suspicious login hour
DTAA/KEE0997,PC-3210,2010-05-10 02:53:00,2.0,login,,,,1,Suspicious login hour
DTAA/CLN0999,PC-3992,2010-05-10 02:54:00,2.0,login,,,,1,Suspicious login hour
DTAA/ELD1000,PC-2929,2010-05-10 02:55:00,2.0,login,,,,1,Suspicious login hour
DTAA/CGM0994,PC-0124,2010-05-10 03:00:00,3.0,login,,,,1,Suspicious login hour
DTAA/CGM0994,PC-0124,2010-05-10 03:01:00,3.0,login,,,,1,Suspicious login hour
DTAA/CRC0996,PC-0465,2010-05-10 03:07:00,3.0,login,,,,1,Suspicious login hour
DTAA/CLN0999,PC-3992,2010-05-10 03:14:00,3.0,login,,,,1,Suspicious login hour
DTAA/ELD1000,PC-2929,2010-05-10 03:21:00,3.0,login,,,,1,Suspicious login hour
DTAA/IRC0991,PC-1228,2010-05-10 04:46:00,4.0,login,,,,1,Suspicious login hour
DTAA/ELD1000,PC-1649,2010-05-10 05:10:00,5.0,login,,,,1,Suspicious login hour
DTAA/IRC0991,PC-1228,2010-05-10 05:16:00,5.0,login,,,,1,Suspicious login hour
DTAA/ELD1000,PC-1649,2010-05-10 05:24:00,5.0,login,,,,1,Suspicious login hour
DTAA/ELD1000,PC-2876,2010-05-10 05:30:00,5.0,login,,,,1,Suspicious login hour
DTAA/CLN0999,PC-1345,2010-05-10 05:32:00,5.0,login,,,,1,Suspicious login hour
DTAA/CLN0999,PC-1345,2010-05-10 05:41:00,5.0,login,,,,1,Suspicious login hour
DTAA/BJM0992,PC-4467,2010-05-10 05:45:00,5.0,login,,,,1,Suspicious login hour
DTAA/ELD1000,PC-2876,2010-05-10 05:54:00,5.0,login,,,,1,Suspicious login hour
DTAA/ELD1000,PC-4332,2010-05-10 05:54:00,5.0,login,,,,1,Suspicious login hour
DTAA/CGM0994,PC-2214,2010-05-10 21:00:00,21.0,login,,,,1,Suspicious login hour
DTAA/ARS0993,PC-3620,2010-05-10 21:03:00,21.0,login,,,,1,Suspicious login hour
DTAA/ODW0839,PC-1940,2010-05-10 21:05:00,21.0,login,,,,1,Suspicious login hour
DTAA/DSM0990,PC-4154,2010-05-10 21:07:00,21.0,login,,,,1,Suspicious login hour
DTAA/SKL0881,PC-1581,2010-05-10 21:16:00,21.0,login,,,,1,Suspicious login hour
DTAA/VAH0262,PC-1398,2010-05-10 21:17:00,21.0,login,,,,1,Suspicious login hour
DTAA/NAT0252,PC-1796,2010-05-10 21:18:00,21.0,login,,,,1,Suspicious login hour
DTAA/NDS0490,PC-2549,2010-05-10 21:33:00,21.0,login,,,,1,Suspicious login hour
DTAA/DSM0990,PC-4154,2010-05-10 21:45:00,21.0,login,,,,1,Suspicious login hour
DTAA/BJM0992,PC-1587,2010-05-10 21:48:00,21.0,login,,,,1,Suspicious login hour
DTAA/BJM0992,PC-1587,2010-05-10 21:58:00,21.0,login,,,,1,Suspicious login hour
DTAA/KEE0997,PC-0633,2010-05-10 22:00:00,22.0,login,,,,1,Suspicious login hour
DTAA/JMM0759,PC-3490,2010-05-10 22:07:00,22.0,login,,,,1,Suspicious login hour
DTAA/KEE0997,PC-0633,2010-05-10 22:22:00,22.0,login,,,,1,Suspicious login hour
DTAA/DAW0221,PC-4162,2010-05-10 23:02:00,23.0,login,,,,1,Suspicious login hour
DTAA/IKH0904,PC-3664,2010-05-10 23:17:00,23.0,login,,,,1,Suspicious login hour
DTAA/DIS0382,PC-2501,2010-05-10 23:37:00,23.0,login,,,,1,Suspicious login hour
DTAA/DSM0990,PC-4444,2010-05-10 23:39:00,23.0,login,,,,1,Suspicious login hour
DTAA/JTT0989,PC-0926,2010-05-10 23:42:00,23.0,login,,,,1,Suspicious login hour
DTAA/ARS0993,PC-4334,2010-05-10 23:46:00,23.0,login,,,,1,Suspicious login hour
DTAA/DSM0990,PC-4444,2010-05-10 23:49:00,23.0,login,,,,1,Suspicious login hour
DTAA/JTT0989,PC-0926,2010-05-10 23:52:00,23.0,login,,,,1,Suspicious login hour
DTAA/ARS0993,PC-4334,2010-05-11 00:20:00,0.0,login,,,,1,Suspicious login hour
DTAA/RBC0879,PC-1261,2010-05-11 00:24:00,0.0,login,,,,1,Suspicious login hour
DTAA/CGM0994,PC-3712,2010-05-11 00:35:00,0.0,login,,,,1,Suspicious login hour
DTAA/IRC0991,PC-1808,2010-05-11 00:39:00,0.0,login,,,,1,Suspicious login hour
DTAA/JCC0998,PC-0577,2010-05-11 00:39:00,0.0,login,,,,1,Suspicious login hour
DTAA/CGM0994,PC-3712,2010-05-11 00:43:00,0.0,login,,,,1,Suspicious login hour
DTAA/KEE0997,PC-3582,2010-05-11 00:46:00,0.0,login,,,,1,Suspicious login hour
DTAA/KEE0997,PC-3582,2010-05-11 00:58:00,0.0,login,,,,1,Suspicious login hour
DTAA/IKH0904,PC-3664,2010-05-11 01:03:00,1.0,login,,,,1,Suspicious login hour
DTAA/IRC0991,PC-1808,2010-05-11 01:03:00,1.0,login,,,,1,Suspicious login hour
DTAA/JCC0998,PC-0577,2010-05-11 01:09:00,1.0,login,,,,1,Suspicious login hour
DTAA/ELD1000,PC-1226,2010-05-11 01:57:00,1.0,login,,,,1,Suspicious login hour
DTAA/EMR0242,PC-1306,2010-05-11 02:05:00,2.0,login,,,,1,Suspicious login hour
DTAA/ELD1000,PC-1226,2010-05-11 02:22:00,2.0,login,,,,1,Suspicious login hour
DTAA/IAG0152,PC-3521,2010-05-11 02:46:00,2.0,login,,,,1,Suspicious login hour
DTAA/JMM0759,PC-3490,2010-05-11 02:52:00,2.0,login,,,,1,Suspicious login hour
DTAA/IRC0991,PC-2843,2010-05-11 02:57:00,2.0,login,,,,1,Suspicious login hour
DTAA/CRC0996,PC-1040,2010-05-11 02:58:00,2.0,login,,,,1,Suspicious login hour
DTAA/CRC0996,PC-1040,2010-05-11 03:02:00,3.0,login,,,,1,Suspicious login hour
DTAA/CLB0995,PC-0338,2010-05-11 03:02:00,3.0,login,,,,1,Suspicious login hour
DTAA/ARS0993,PC-2670,2010-05-11 03:09:00,3.0,login,,,,1,Suspicious login hour
DTAA/IRC0991,PC-2843,2010-05-11 03:18:00,3.0,login,,,,1,Suspicious login hour
DTAA/CLB0995,PC-0338,2010-05-11 03:20:00,3.0,login,,,,1,Suspicious login hour
DTAA/EMR0242,PC-1306,2010-05-11 03:22:00,3.0,login,,,,1,Suspicious login hour
DTAA/CLB0995,PC-4856,2010-05-11 03:27:00,3.0,login,,,,1,Suspicious login hour
DTAA/JTT0989,PC-4115,2010-05-11 03:31:00,3.0,login,,,,1,Suspicious login hour
DTAA/ARS0993,PC-2670,2010-05-11 03:32:00,3.0,login,,,,1,Suspicious login hour
DTAA/JBL0450,PC-2338,2010-05-11 03:36:00,3.0,login,,,,1,Suspicious login hour
DTAA/JTT0989,PC-4115,2010-05-11 03:36:00,3.0,login,,,,1,Suspicious login hour
DTAA/ELD1000,PC-1560,2010-05-11 03:49:00,3.0,login,,,,1,Suspicious login hour
DTAA/CRC0996,PC-2474,2010-05-11 04:05:00,4.0,login,,,,1,Suspicious login hour
DTAA/CLB0995,PC-4856,2010-05-11 04:07:00,4.0,login,,,,1,Suspicious login hour
DTAA/IRC0991,PC-0101,2010-05-11 04:14:00,4.0,login,,,,1,Suspicious login hour
DTAA/CRC0996,PC-1620,2010-05-11 04:15:00,4.0,login,,,,1,Suspicious login hour
DTAA/DAW0221,PC-4162,2010-05-11 04:15:00,4.0,login,,,,1,Suspicious login hour
DTAA/JBL0450,PC-2338,2010-05-11 04:16:00,4.0,login,,,,1,Suspicious login hour
DTAA/ELD1000,PC-1560,2010-05-11 04:19:00,4.0,login,,,,1,Suspicious login hour
DTAA/CRC0996,PC-1620,2010-05-11 04:31:00,4.0,login,,,,1,Suspicious login hour
DTAA/JCS0873,PC-1560,2010-05-11 04:32:00,4.0,login,,,,1,Suspicious login hour
DTAA/CRC0996,PC-2474,2010-05-11 04:44:00,4.0,login,,,,1,Suspicious login hour
DTAA/JTT0989,PC-3825,2010-05-11 04:46:00,4.0,login,,,,1,Suspicious login hour
DTAA/IRC0991,PC-0101,2010-05-11 04:47:00,4.0,login,,,,1,Suspicious login hour
DTAA/CLB0995,PC-1394,2010-05-11 04:49:00,4.0,login,,,,1,Suspicious login hour
DTAA/DIS0382,PC-2501,2010-05-11 04:55:00,4.0,login,,,,1,Suspicious login hour
DTAA/JCS0873,PC-1560,2010-05-11 04:58:00,4.0,login,,,,1,Suspicious login hour
DTAA/CLB0995,PC-1394,2010-05-11 04:59:00,4.0,login,,,,1,Suspicious login hour
DTAA/AGW0182,PC-4531,2010-05-11 05:00:00,5.0,login,,,,1,Suspicious login hour
DTAA/JTT0989,PC-3825,2010-05-11 05:12:00,5.0,login,,,,1,Suspicious login hour
DTAA/JCC0998,PC-1294,2010-05-11 05:16:00,5.0,login,,,,1,Suspicious login hour
DTAA/CGM0994,PC-0826,2010-05-11 05:25:00,5.0,login,,,,1,Suspicious login hour
DTAA/CLN0999,PC-0028,2010-05-11 05:33:00,5.0,login,,,,1,Suspicious login hour
DTAA/CLB0995,PC-2079,2010-05-11 05:35:00,5.0,login,,,,1,Suspicious login hour
DTAA/CLN0999,PC-4317,2010-05-11 05:37:00,5.0,login,,,,1,Suspicious login hour
DTAA/CLN0999,PC-0028,2010-05-11 05:38:00,5.0,login,,,,1,Suspicious login hour
DTAA/CGM0994,PC-0826,2010-05-11 05:45:00,5.0,login,,,,1,Suspicious login hour
DTAA/CLB0995,PC-2079,2010-05-11 05:45:00,5.0,login,,,,1,Suspicious login hour
DTAA/OYR0801,PC-0088,2010-05-11 05:49:00,5.0,login,,,,1,Suspicious login hour
DTAA/JCC0998,PC-1294,2010-05-11 05:54:00,5.0,login,,,,1,Suspicious login hour
DTAA/CLB0995,PC-4867,2010-05-11 21:00:00,21.0,login,,,,1,Suspicious login hour
DTAA/BIR0534,PC-1834,2010-05-11 21:01:00,21.0,login,,,,1,Suspicious login hour
DTAA/ODW0839,PC-1940,2010-05-11 21:02:00,21.0,login,,,,1,Suspicious login hour
DTAA/ARC0677,PC-0465,2010-05-11 21:03:00,21.0,login,,,,1,Suspicious login hour
DTAA/ELD1000,PC-3996,2010-05-11 21:04:00,21.0,login,,,,1,Suspicious login hour
DTAA/CLB0995,PC-4867,2010-05-11 21:04:00,21.0,login,,,,1,Suspicious login hour
DTAA/NAT0252,PC-1796,2010-05-11 21:11:00,21.0,login,,,,1,Suspicious login hour
DTAA/SKL0881,PC-1581,2010-05-11 21:15:00,21.0,login,,,,1,Suspicious login hour
DTAA/VAH0262,PC-1398,2010-05-11 21:19:00,21.0,login,,,,1,Suspicious login hour
DTAA/CGM0994,PC-2974,2010-05-11 21:31:00,21.0,login,,,,1,Suspicious login hour
DTAA/CRC0996,PC-2490,2010-05-11 21:32:00,21.0,login,,,,1,Suspicious login hour
DTAA/CGM0994,PC-2974,2010-05-11 21:32:00,21.0,login,,,,1,Suspicious login hour
DTAA/NDS0490,PC-2549,2010-05-11 21:38:00,21.0,login,,,,1,Suspicious login hour
DTAA/ARS0993,PC-2188,2010-05-11 21:44:00,21.0,login,,,,1,Suspicious login hour
DTAA/ELD1000,PC-3996,2010-05-11 21:47:00,21.0,login,,,,1,Suspicious login hour
DTAA/MJM0228,PC-2127,2010-05-11 21:53:00,21.0,login,,,,1,Suspicious login hour
DTAA/CRC0996,PC-2490,2010-05-11 21:53:00,21.0,login,,,,1,Suspicious login hour
DTAA/WTA0867,PC-1522,2010-05-11 21:57:00,21.0,login,,,,1,Suspicious login hour
DTAA/ARS0993,PC-2188,2010-05-11 22:16:00,22.0,login,,,,1,Suspicious login hour
DTAA/JTT0989,PC-2082,2010-05-11 22:39:00,22.0,login,,,,1,Suspicious login hour
DTAA/KEE0997,PC-3784,2010-05-11 22:47:00,22.0,login,,,,1,Suspicious login hour
DTAA/JCC0998,PC-2544,2010-05-11 22:48:00,22.0,login,,,,1,Suspicious login hour
DTAA/JTT0989,PC-2082,2010-05-11 22:55:00,22.0,login,,,,1,Suspicious login hour
DTAA/CLN0999,PC-3107,2010-05-11 22:56:00,22.0,login,,,,1,Suspicious login hour
DTAA/MJM0228,PC-2127,2010-05-11 22:57:00,22.0,login,,,,1,Suspicious login hour
DTAA/CLB0995,PC-0508,2010-05-11 22:59:00,22.0,login,,,,1,Suspicious login hour
DTAA/BIR0534,PC-1834,2010-05-11 23:04:00,23.0,login,,,,1,Suspicious login hour
DTAA/JTT0989,PC-4337,2010-05-11 23:06:00,23.0,login,,,,1,Suspicious login hour
DTAA/CLB0995,PC-0508,2010-05-11 23:08:00,23.0,login,,,,1,Suspicious login hour
DTAA/JCC0998,PC-2544,2010-05-11 23:08:00,23.0,login,,,,1,Suspicious login hour
DTAA/KEE0997,PC-3784,2010-05-11 23:12:00,23.0,login,,,,1,Suspicious login hour
DTAA/TPC0102,PC-1945,2010-05-11 23:15:00,23.0,login,,,,1,Suspicious login hour
DTAA/CLB0995,PC-3471,2010-05-11 23:18:00,23.0,login,,,,1,Suspicious login hour
DTAA/CLB0995,PC-3471,2010-05-11 23:18:00,23.0,login,,,,1,Suspicious login hour
DTAA/DSM0990,PC-1033,2010-05-11 23:19:00,23.0,login,,,,1,Suspicious login hour
DTAA/JTT0989,PC-4337,2010-05-11 23:24:00,23.0,login,,,,1,Suspicious login hour
DTAA/BJM0992,PC-0700,2010-05-11 23:25:00,23.0,login,,,,1,Suspicious login hour
DTAA/DSM0990,PC-1033,2010-05-11 23:27:00,23.0,login,,,,1,Suspicious login hour
DTAA/CLN0999,PC-3107,2010-05-11 23:28:00,23.0,login,,,,1,Suspicious login hour
DTAA/BJM0992,PC-0700,2010-05-11 23:56:00,23.0,login,,,,1,Suspicious login hour
DTAA/FKR0550,PC-2469,2010-05-12 00:01:00,0.0,login,,,,1,Suspicious login hour
DTAA/KEE0997,PC-1892,2010-05-12 00:28:00,0.0,login,,,,1,Suspicious login hour
DTAA/ELD1000,PC-2757,2010-05-12 00:29:00,0.0,login,,,,1,Suspicious login hour
DTAA/KEE0997,PC-1892,2010-05-12 00:33:00,0.0,login,,,,1,Suspicious login hour
DTAA/TPC0102,PC-1945,2010-05-12 00:41:00,0.0,login,,,,1,Suspicious login hour
DTAA/ARS0993,PC-3141,2010-05-12 00:45:00,0.0,login,,,,1,Suspicious login hour
DTAA/IRC0991,PC-0268,2010-05-12 00:50:00,0.0,login,,,,1,Suspicious login hour
DTAA/ELD1000,PC-2757,2010-05-12 00:55:00,0.0,login,,,,1,Suspicious login hour
DTAA/IRC0991,PC-0268,2010-05-12 00:59:00,0.0,login,,,,1,Suspicious login hour
DTAA/ARS0993,PC-3141,2010-05-12 01:17:00,1.0,login,,,,1,Suspicious login hour
DTAA/JCC0998,PC-3384,2010-05-12 01:23:00,1.0,login,,,,1,Suspicious login hour
DTAA/ELD1000,PC-2242,2010-05-12 01:25:00,1.0,login,,,,1,Suspicious login hour
DTAA/CGM0994,PC-1514,2010-05-12 01:33:00,1.0,login,,,,1,Suspicious login hour
DTAA/CGM0994,PC-1514,2010-05-12 01:35:00,1.0,login,,,,1,Suspicious login hour
DTAA/JCC0998,PC-3384,2010-05-12 01:35:00,1.0,login,,,,1,Suspicious login hour
DTAA/ELD1000,PC-2242,2010-05-12 01:42:00,1.0,login,,,,1,Suspicious login hour
DTAA/ELD1000,PC-2137,2010-05-12 01:44:00,1.0,login,,,,1,Suspicious login hour
DTAA/ELD1000,PC-2137,2010-05-12 01:50:00,1.0,login,,,,1,Suspicious login hour
DTAA/ELD1000,PC-2485,2010-05-12 01:56:00,1.0,login,,,,1,Suspicious login hour
DTAA/ARS0993,PC-4451,2010-05-12 02:10:00,2.0,login,,,,1,Suspicious login hour
DTAA/JCC0998,PC-4041,2010-05-12 02:17:00,2.0,login,,,,1,Suspicious login hour
DTAA/CLB0995,PC-3176,2010-05-12 02:19:00,2.0,login,,,,1,Suspicious login hour
DTAA/ELD1000,PC-2485,2010-05-12 02:20:00,2.0,login,,,,1,Suspicious login hour
DTAA/CLB0995,PC-3176,2010-05-12 02:21:00,2.0,login,,,,1,Suspicious login hour
DTAA/ARS0993,PC-4451,2010-05-12 02:33:00,2.0,login,,,,1,Suspicious login hour
DTAA/JCC0998,PC-4041,2010-05-12 02:54:00,2.0,login,,,,1,Suspicious login hour
DTAA/ELD1000,PC-2856,2010-05-12 03:11:00,3.0,login,,,,1,Suspicious login hour
DTAA/MCF0427,PC-3754,2010-05-12 03:31:00,3.0,login,,,,1,Suspicious login hour
DTAA/ELD1000,PC-2856,2010-05-12 03:41:00,3.0,login,,,,1,Suspicious login hour
DTAA/CLB0995,PC-3295,2010-05-12 03:48:00,3.0,login,,,,1,Suspicious login hour
DTAA/CRC0996,PC-0718,2010-05-12 03:57:00,3.0,login,,,,1,Suspicious login hour
DTAA/PJL0320,PC-1233,2010-05-12 04:05:00,4.0,login,,,,1,Suspicious login hour
DTAA/WOT0549,PC-0304,2010-05-12 04:09:00,4.0,login,,,,1,Suspicious login hour
DTAA/CLB0995,PC-3295,2010-05-12 04:15:00,4.0,login,,,,1,Suspicious login hour
DTAA/CLN0999,PC-2047,2010-05-12 04:25:00,4.0,login,,,,1,Suspicious login hour
DTAA/NHL0253,PC-3339,2010-05-12 04:30:00,4.0,login,,,,1,Suspicious login hour
DTAA/CRC0996,PC-0718,2010-05-12 04:31:00,4.0,login,,,,1,Suspicious login hour
DTAA/BJM0992,PC-1213,2010-05-12 04:36:00,4.0,login,,,,1,Suspicious login hour
DTAA/CLN0999,PC-2047,2010-05-12 04:39:00,4.0,login,,,,1,Suspicious login hour
DTAA/FKR0550,PC-2469,2010-05-12 04:48:00,4.0,login,,,,1,Suspicious login hour
DTAA/RBY0065,PC-2214,2010-05-12 04:48:00,4.0,login,,,,1,Suspicious login hour
DTAA/SDC0032,PC-3081,2010-05-12 04:56:00,4.0,login,,,,1,Suspicious login hour
DTAA/SDC0032,PC-3081,2010-05-12 04:57:00,4.0,login,,,,1,Suspicious login hour
DTAA/CGM0994,PC-2525,2010-05-12 04:59:00,4.0,login,,,,1,Suspicious login hour
DTAA/SAH0192,PC-4079,2010-05-12 05:04:00,5.0,login,,,,1,Suspicious login hour
DTAA/JCC0998,PC-1261,2010-05-12 05:05:00,5.0,login,,,,1,Suspicious login hour
DTAA/ARS0993,PC-1581,2010-05-12 05:05:00,5.0,login,,,,1,Suspicious login hour
DTAA/BJM0992,PC-1213,2010-05-12 05:07:00,5.0,login,,,,1,Suspicious login hour
DTAA/AKW0582,PC-0891,2010-05-12 05:08:00,5.0,login,,,,1,Suspicious login hour
DTAA/ELD1000,PC-4239,2010-05-12 05:10:00,5.0,login,,,,1,Suspicious login hour
DTAA/JTT0989,PC-0075,2010-05-12 05:11:00,5.0,login,,,,1,Suspicious login hour
DTAA/CGM0994,PC-2525,2010-05-12 05:17:00,5.0,login,,,,1,Suspicious login hour
DTAA/SRN0275,PC-3531,2010-05-12 05:18:00,5.0,login,,,,1,Suspicious login hour
DTAA/RBY0065,PC-2214,2010-05-12 05:23:00,5.0,login,,,,1,Suspicious login hour
DTAA/ELD1000,PC-4239,2010-05-12 05:27:00,5.0,login,,,,1,Suspicious login hour
DTAA/ARS0993,PC-1581,2010-05-12 05:27:00,5.0,login,,,,1,Suspicious login hour
DTAA/CRC0996,PC-3081,2010-05-12 05:27:00,5.0,login,,,,1,Suspicious login hour
DTAA/WTA0867,PC-1522,2010-05-12 05:28:00,5.0,login,,,,1,Suspicious login hour
DTAA/CRC0996,PC-3081,2010-05-12 05:35:00,5.0,login,,,,1,Suspicious login hour
DTAA/AKW0582,PC-0891,2010-05-12 05:42:00,5.0,login,,,,1,Suspicious login hour
DTAA/JCC0998,PC-1261,2010-05-12 05:44:00,5.0,login,,,,1,Suspicious login hour
DTAA/WOT0549,PC-0304,2010-05-12 05:46:00,5.0,login,,,,1,Suspicious login hour
DTAA/JTT0989,PC-0075,2010-05-12 05:47:00,5.0,login,,,,1,Suspicious login hour
DTAA/SRN0275,PC-3531,2010-05-12 05:52:00,5.0,login,,,,1,Suspicious login hour
DTAA/ODW0839,PC-1940,2010-05-12 21:02:00,21.0,login,,,,1,Suspicious login hour
DTAA/DFZ0063,PC-4442,2010-05-12 21:03:00,21.0,login,,,,1,Suspicious login hour
DTAA/ARC0677,PC-0465,2010-05-12 21:06:00,21.0,login,,,,1,Suspicious login hour
DTAA/NAT0252,PC-1796,2010-05-12 21:11:00,21.0,login,,,,1,Suspicious login hour
DTAA/VAH0262,PC-1398,2010-05-12 21:14:00,21.0,login,,,,1,Suspicious login hour
DTAA/SKL0881,PC-1581,2010-05-12 21:19:00,21.0,login,,,,1,Suspicious login hour
DTAA/CRC0996,PC-1651,2010-05-12 21:24:00,21.0,login,,,,1,Suspicious login hour
DTAA/CLB0995,PC-4328,2010-05-12 21:29:00,21.0,login,,,,1,Suspicious login hour
DTAA/NDS0490,PC-2549,2010-05-12 21:37:00,21.0,login,,,,1,Suspicious login hour
DTAA/CRC0996,PC-1651,2010-05-12 21:47:00,21.0,login,,,,1,Suspicious login hour
DTAA/JTT0989,PC-1433,2010-05-12 21:52:00,21.0,login,,,,1,Suspicious login hour
DTAA/CLB0995,PC-4328,2010-05-12 21:58:00,21.0,login,,,,1,Suspicious login hour
DTAA/ELD1000,PC-0744,2010-05-12 21:58:00,21.0,login,,,,1,Suspicious login hour
DTAA/CGM0994,PC-2496,2010-05-12 22:01:00,22.0,login,,,,1,Suspicious login hour
DTAA/KEE0997,PC-1462,2010-05-12 22:05:00,22.0,login,,,,1,Suspicious login hour
DTAA/CGM0994,PC-2496,2010-05-12 22:09:00,22.0,login,,,,1,Suspicious login hour
DTAA/KEE0997,PC-1462,2010-05-12 22:12:00,22.0,login,,,,1,Suspicious login hour
DTAA/CLB0995,PC-1249,2010-05-12 22:17:00,22.0,login,,,,1,Suspicious login hour
DTAA/ELD1000,PC-0744,2010-05-12 22:22:00,22.0,login,,,,1,Suspicious login hour
DTAA/CGM0994,PC-1201,2010-05-12 22:28:00,22.0,login,,,,1,Suspicious login hour
DTAA/JTT0989,PC-1433,2010-05-12 22:34:00,22.0,login,,,,1,Suspicious login hour
DTAA/CLB0995,PC-1249,2010-05-12 22:40:00,22.0,login,,,,1,Suspicious login hour
DTAA/IRC0991,PC-3904,2010-05-12 22:48:00,22.0,login,,,,1,Suspicious login hour
DTAA/CGM0994,PC-1201,2010-05-12 22:49:00,22.0,login,,,,1,Suspicious login hour
DTAA/CRC0996,PC-1589,2010-05-12 23:04:00,23.0,login,,,,1,Suspicious login hour
DTAA/CDZ0056,PC-4052,2010-05-12 23:11:00,23.0,login,,,,1,Suspicious login hour
DTAA/IRC0991,PC-4117,2010-05-12 23:12:00,23.0,login,,,,1,Suspicious login hour
DTAA/IRC0991,PC-4117,2010-05-12 23:20:00,23.0,login,,,,1,Suspicious login hour
DTAA/JCC0998,PC-2420,2010-05-12 23:24:00,23.0,login,,,,1,Suspicious login hour
DTAA/IRC0991,PC-3904,2010-05-12 23:25:00,23.0,login,,,,1,Suspicious login hour
DTAA/XCB0445,PC-2710,2010-05-12 23:29:00,23.0,login,,,,1,Suspicious login hour
DTAA/ELD1000,PC-3548,2010-05-12 23:33:00,23.0,login,,,,1,Suspicious login hour
DTAA/CRC0996,PC-1589,2010-05-12 23:35:00,23.0,login,,,,1,Suspicious login hour
DTAA/ELD1000,PC-3548,2010-05-12 23:40:00,23.0,login,,,,1,Suspicious login hour
DTAA/CMF0339,PC-1939,2010-05-12 23:43:00,23.0,login,,,,1,Suspicious login hour
DTAA/CGM0994,PC-1175,2010-05-12 23:47:00,23.0,login,,,,1,Suspicious login hour
DTAA/JCC0998,PC-2420,2010-05-12 23:58:00,23.0,login,,,,1,Suspicious login hour
DTAA/ELD1000,PC-3548,2010-06-01 00:00:00,0.0,login,,,,1,Suspicious login hour
DTAA/JTT0989,PC-2670,2010-06-01 00:04:00,0.0,login,,,,1,Suspicious login hour
DTAA/BJM0992,PC-4423,2010-06-01 00:13:00,0.0,login,,,,1,Suspicious login hour
DTAA/BJM0992,PC-3747,2010-06-01 00:21:00,0.0,login,,,,1,Suspicious login hour
DTAA/JTT0989,PC-2670,2010-06-01 00:24:00,0.0,login,,,,1,Suspicious login hour
DTAA/ELD1000,PC-3548,2010-06-01 00:27:00,0.0,login,,,,1,Suspicious login hour
DTAA/CRC0996,PC-0718,2010-06-01 00:31:00,0.0,login,,,,1,Suspicious login hour
DTAA/BJM0992,PC-3747,2010-06-01 00:31:00,0.0,login,,,,1,Suspicious login hour
DTAA/CRC0996,PC-0718,2010-06-01 00:43:00,0.0,login,,,,1,Suspicious login hour
DTAA/CGM0994,PC-4393,2010-06-01 00:46:00,0.0,login,,,,1,Suspicious login hour
DTAA/BJM0992,PC-4423,2010-06-01 00:50:00,0.0,login,,,,1,Suspicious login hour
DTAA/CGM0994,PC-4393,2010-06-01 01:13:00,1.0,login,,,,1,Suspicious login hour
DTAA/ARS0993,PC-1033,2010-06-01 01:25:00,1.0,login,,,,1,Suspicious login hour
DTAA/BJM0992,PC-3910,2010-06-01 01:33:00,1.0,login,,,,1,Suspicious login hour
DTAA/ARS0993,PC-1033,2010-06-01 01:49:00,1.0,login,,,,1,Suspicious login hour
DTAA/BJM0992,PC-3910,2010-06-01 02:15:00,2.0,login,,,,1,Suspicious login hour
DTAA/BJM0992,PC-1294,2010-06-01 02:22:00,2.0,login,,,,1,Suspicious login hour
DTAA/CRC0996,PC-4532,2010-06-01 02:31:00,2.0,login,,,,1,Suspicious login hour
DTAA/CLB0995,PC-2544,2010-06-01 02:35:00,2.0,login,,,,1,Suspicious login hour
DTAA/CRC0996,PC-4532,2010-06-01 02:37:00,2.0,login,,,,1,Suspicious login hour
DTAA/BJM0992,PC-1294,2010-06-01 02:38:00,2.0,login,,,,1,Suspicious login hour
DTAA/CLN0999,PC-1628,2010-06-01 02:46:00,2.0,login,,,,1,Suspicious login hour
DTAA/JTT0989,PC-3712,2010-06-01 02:53:00,2.0,login,,,,1,Suspicious login hour
DTAA/CLB0995,PC-2544,2010-06-01 02:55:00,2.0,login,,,,1,Suspicious login hour
DTAA/DSM0990,PC-0232,2010-06-01 02:55:00,2.0,login,,,,1,Suspicious login hour
DTAA/CLN0999,PC-1628,2010-06-01 03:03:00,3.0,login,,,,1,Suspicious login hour
DTAA/ELD1000,PC-4867,2010-06-01 03:05:00,3.0,login,,,,1,Suspicious login hour
DTAA/DSM0990,PC-0232,2010-06-01 03:11:00,3.0,login,,,,1,Suspicious login hour
DTAA/JTT0989,PC-3712,2010-06-01 03:26:00,3.0,login,,,,1,Suspicious login hour
DTAA/ELD1000,PC-4867,2010-06-01 03:35:00,3.0,login,,,,1,Suspicious login hour
DTAA/CLN0999,PC-4040,2010-06-01 03:41:00,3.0,login,,,,1,Suspicious login hour
DTAA/ARS0993,PC-4873,2010-06-01 03:51:00,3.0,login,,,,1,Suspicious login hour
DTAA/JCC0998,PC-1382,2010-06-01 04:04:00,4.0,login,,,,1,Suspicious login hour
DTAA/IRC0991,PC-4765,2010-06-01 04:08:00,4.0,login,,,,1,Suspicious login hour
DTAA/JCC0998,PC-1382,2010-06-01 04:11:00,4.0,login,,,,1,Suspicious login hour
DTAA/ARS0993,PC-4873,2010-06-01 04:12:00,4.0,login,,,,1,Suspicious login hour
DTAA/CLN0999,PC-4040,2010-06-01 04:16:00,4.0,login,,,,1,Suspicious login hour
DTAA/BJM0992,PC-2342,2010-06-01 04:16:00,4.0,login,,,,1,Suspicious login hour
DTAA/CRC0996,PC-3993,2010-06-01 04:16:00,4.0,login,,,,1,Suspicious login hour
DTAA/JCC0998,PC-2467,2010-06-01 04:16:00,4.0,login,,,,1,Suspicious login hour
DTAA/IRC0991,PC-4765,2010-06-01 04:23:00,4.0,login,,,,1,Suspicious login hour
DTAA/CRC0996,PC-3993,2010-06-01 04:26:00,4.0,login,,,,1,Suspicious login hour
DTAA/BJM0992,PC-2342,2010-06-01 04:34:00,4.0,login,,,,1,Suspicious login hour
DTAA/IRC0991,PC-3754,2010-06-01 04:44:00,4.0,login,,,,1,Suspicious login hour
DTAA/KEE0997,PC-1226,2010-06-01 04:56:00,4.0,login,,,,1,Suspicious login hour
DTAA/IRC0991,PC-3754,2010-06-01 04:56:00,4.0,login,,,,1,Suspicious login hour
DTAA/JCC0998,PC-2467,2010-06-01 04:57:00,4.0,login,,,,1,Suspicious login hour
DTAA/JTT0989,PC-1859,2010-06-01 05:01:00,5.0,login,,,,1,Suspicious login hour
DTAA/KEE0997,PC-1226,2010-06-01 05:07:00,5.0,login,,,,1,Suspicious login hour
DTAA/JTT0989,PC-1859,2010-06-01 05:38:00,5.0,login,,,,1,Suspicious login hour
DTAA/KEE0997,PC-1398,2010-06-01 05:40:00,5.0,login,,,,1,Suspicious login hour
DTAA/BJM0992,PC-0299,2010-06-01 05:55:00,5.0,login,,,,1,Suspicious login hour
DTAA/BJM0992,PC-0299,2010-06-01 05:56:00,5.0,login,,,,1,Suspicious login hour
DTAA/VAH0262,PC-1398,2010-06-01 21:15:00,21.0,login,,,,1,Suspicious login hour
DTAA/NAT0252,PC-1796,2010-06-01 21:21:00,21.0,login,,,,1,Suspicious login hour
DTAA/SKL0881,PC-1581,2010-06-01 21:21:00,21.0,login,,,,1,Suspicious login hour
DTAA/CGM0994,PC-1950,2010-06-01 21:23:00,21.0,login,,,,1,Suspicious login hour
DTAA/NDS0490,PC-2549,2010-06-01 21:36:00,21.0,login,,,,1,Suspicious login hour
DTAA/CGM0994,PC-1950,2010-06-01 21:40:00,21.0,login,,,,1,Suspicious login hour
DTAA/MCH0530,PC-4577,2010-06-01 21:59:00,21.0,login,,,,1,Suspicious login hour
DTAA/ARS0993,PC-4690,2010-06-01 22:00:00,22.0,login,,,,1,Suspicious login hour
DTAA/KEE0997,PC-3295,2010-06-01 22:02:00,22.0,login,,,,1,Suspicious login hour
DTAA/SAH0192,PC-4079,2010-06-01 22:20:00,22.0,login,,,,1,Suspicious login hour
DTAA/ARS0993,PC-4690,2010-06-01 22:27:00,22.0,login,,,,1,Suspicious login hour
DTAA/BJM0992,PC-0101,2010-06-01 22:31:00,22.0,login,,,,1,Suspicious login hour
DTAA/BJM0992,PC-0101,2010-06-01 22:40:00,22.0,login,,,,1,Suspicious login hour
DTAA/KEE0997,PC-3295,2010-06-01 22:45:00,22.0,login,,,,1,Suspicious login hour
DTAA/JLL0301,PC-0807,2010-06-01 22:49:00,22.0,login,,,,1,Suspicious login hour
DTAA/PJL0320,PC-1233,2010-06-01 22:56:00,22.0,login,,,,1,Suspicious login hour
DTAA/CMF0339,PC-1939,2010-06-01 23:31:00,23.0,login,,,,1,Suspicious login hour
DTAA/CMF0339,PC-1939,2010-06-01 23:34:00,23.0,login,,,,1,Suspicious login hour
DTAA/SAH0192,PC-4079,2010-06-01 23:54:00,23.0,login,,,,1,Suspicious login hour
DTAA/CLN0999,PC-3199,2010-06-02 00:05:00,0.0,login,,,,1,Suspicious login hour
DTAA/CDZ0056,PC-4052,2010-06-02 00:08:00,0.0,login,,,,1,Suspicious login hour
DTAA/CLN0999,PC-3199,2010-06-02 00:25:00,0.0,login,,,,1,Suspicious login hour
DTAA/MCH0530,PC-4577,2010-06-02 00:30:00,0.0,login,,,,1,Suspicious login hour
DTAA/ARS0993,PC-2757,2010-06-02 00:31:00,0.0,login,,,,1,Suspicious login hour
DTAA/ARS0993,PC-2757,2010-06-02 00:36:00,0.0,login,,,,1,Suspicious login hour
DTAA/ARS0993,PC-3141,2010-06-02 00:36:00,0.0,login,,,,1,Suspicious login hour
DTAA/ELD1000,PC-2477,2010-06-02 00:47:00,0.0,login,,,,1,Suspicious login hour
DTAA/JLL0301,PC-0807,2010-06-02 00:47:00,0.0,login,,,,1,Suspicious login hour
DTAA/ELD1000,PC-2477,2010-06-02 00:56:00,0.0,login,,,,1,Suspicious login hour
DTAA/ARS0993,PC-3141,2010-06-02 01:08:00,1.0,login,,,,1,Suspicious login hour
DTAA/JTT0989,PC-2242,2010-06-02 01:19:00,1.0,login,,,,1,Suspicious login hour
DTAA/CGM0994,PC-4804,2010-06-02 01:27:00,1.0,login,,,,1,Suspicious login hour
DTAA/CGM0994,PC-4804,2010-06-02 01:35:00,1.0,login,,,,1,Suspicious login hour
DTAA/IRC0991,PC-2525,2010-06-02 01:53:00,1.0,login,,,,1,Suspicious login hour
DTAA/BJM0992,PC-0903,2010-06-02 01:56:00,1.0,login,,,,1,Suspicious login hour
DTAA/JTT0989,PC-2242,2010-06-02 01:58:00,1.0,login,,,,1,Suspicious login hour
DTAA/BJM0992,PC-0903,2010-06-02 02:02:00,2.0,login,,,,1,Suspicious login hour
DTAA/DSM0990,PC-2975,2010-06-02 02:26:00,2.0,login,,,,1,Suspicious login hour
DTAA/IRC0991,PC-2525,2010-06-02 02:32:00,2.0,login,,,,1,Suspicious login hour
DTAA/CRC0996,PC-4677,2010-06-02 02:38:00,2.0,login,,,,1,Suspicious login hour
DTAA/DSM0990,PC-2975,2010-06-02 02:53:00,2.0,login,,,,1,Suspicious login hour
DTAA/ARS0993,PC-0323,2010-06-02 02:54:00,2.0,login,,,,1,Suspicious login hour
DTAA/CDZ0056,PC-4052,2010-06-02 03:10:00,3.0,login,,,,1,Suspicious login hour
DTAA/JCC0998,PC-4584,2010-06-02 03:14:00,3.0,login,,,,1,Suspicious login hour
DTAA/CRC0996,PC-4677,2010-06-02 03:16:00,3.0,login,,,,1,Suspicious login hour
DTAA/ARS0993,PC-0323,2010-06-02 03:17:00,3.0,login,,,,1,Suspicious login hour
DTAA/CRC0996,PC-2420,2010-06-02 03:20:00,3.0,login,,,,1,Suspicious login hour
DTAA/ARS0993,PC-1651,2010-06-02 03:24:00,3.0,login,,,,1,Suspicious login hour
DTAA/ARS0993,PC-1651,2010-06-02 03:31:00,3.0,login,,,,1,Suspicious login hour
DTAA/CRC0996,PC-2420,2010-06-02 03:37:00,3.0,login,,,,1,Suspicious login hour
DTAA/JCC0998,PC-4584,2010-06-02 03:52:00,3.0,login,,,,1,Suspicious login hour
DTAA/CLN0999,PC-1514,2010-06-02 04:01:00,4.0,login,,,,1,Suspicious login hour
DTAA/ELD1000,PC-2793,2010-06-02 04:15:00,4.0,login,,,,1,Suspicious login hour
DTAA/WOT0549,PC-0304,2010-06-02 04:15:00,4.0,login,,,,1,Suspicious login hour
DTAA/CLN0999,PC-1514,2010-06-02 04:15:00,4.0,login,,,,1,Suspicious login hour
DTAA/JCC0998,PC-0211,2010-06-02 04:22:00,4.0,login,,,,1,Suspicious login hour
DTAA/ELD1000,PC-2793,2010-06-02 04:35:00,4.0,login,,,,1,Suspicious login hour
DTAA/ARS0993,PC-3236,2010-06-02 04:42:00,4.0,login,,,,1,Suspicious login hour
DTAA/MVW0630,PC-2005,2010-06-02 04:48:00,4.0,login,,,,1,Suspicious login hour
DTAA/ELD1000,PC-3024,2010-06-02 04:50:00,4.0,login,,,,1,Suspicious login hour
DTAA/WOT0549,PC-0304,2010-06-02 04:51:00,4.0,login,,,,1,Suspicious login hour
DTAA/CRC0996,PC-4117,2010-06-02 05:00:00,5.0,login,,,,1,Suspicious login hour
DTAA/JCC0998,PC-0211,2010-06-02 05:06:00,5.0,login,,,,1,Suspicious login hour
DTAA/CRC0996,PC-4117,2010-06-02 05:10:00,5.0,login,,,,1,Suspicious login hour
DTAA/ELD1000,PC-3024,2010-06-02 05:13:00,5.0,login,,,,1,Suspicious login hour
DTAA/ARS0993,PC-3236,2010-06-02 05:17:00,5.0,login,,,,1,Suspicious login hour
DTAA/MVW0630,PC-2005,2010-06-02 05:27:00,5.0,login,,,,1,Suspicious login hour
DTAA/PJL0320,PC-1233,2010-06-02 05:30:00,5.0,login,,,,1,Suspicious login hour
DTAA/IRC0991,PC-2894,2010-06-02 05:57:00,5.0,login,,,,1,Suspicious login hour
DTAA/ARC0677,PC-0465,2010-06-02 21:00:00,21.0,login,,,,1,Suspicious login hour
DTAA/ODW0839,PC-1940,2010-06-02 21:02:00,21.0,login,,,,1,Suspicious login hour
DTAA/CLN0999,PC-2364,2010-06-02 21:02:00,21.0,login,,,,1,Suspicious login hour
DTAA/CLB0995,PC-3140,2010-06-02 21:10:00,21.0,login,,,,1,Suspicious login hour
DTAA/VAH0262,PC-1398,2010-06-02 21:14:00,21.0,login,,,,1,Suspicious login hour
DTAA/NAT0252,PC-1796,2010-06-02 21:16:00,21.0,login,,,,1,Suspicious login hour
DTAA/SKL0881,PC-1581,2010-06-02 21:16:00,21.0,login,,,,1,Suspicious login hour
DTAA/JTT0989,PC-2555,2010-06-02 21:18:00,21.0,login,,,,1,Suspicious login hour
DTAA/KEE0997,PC-1175,2010-06-02 21:24:00,21.0,login,,,,1,Suspicious login hour
DTAA/NDS0490,PC-2549,2010-06-02 21:32:00,21.0,login,,,,1,Suspicious login hour
DTAA/CLB0995,PC-3140,2010-06-02 21:45:00,21.0,login,,,,1,Suspicious login hour
DTAA/ELD1000,PC-2967,2010-06-02 21:55:00,21.0,login,,,,1,Suspicious login hour
DTAA/CTH0856,PC-4677,2010-06-02 22:17:00,22.0,login,,,,1,Suspicious login hour
DTAA/ELD1000,PC-2967,2010-06-02 22:19:00,22.0,login,,,,1,Suspicious login hour
DTAA/CRC0996,PC-3326,2010-06-02 22:39:00,22.0,login,,,,1,Suspicious login hour
DTAA/CRC0996,PC-3326,2010-06-02 22:58:00,22.0,login,,,,1,Suspicious login hour
DTAA/IKH0904,PC-3664,2010-06-02 22:59:00,22.0,login,,,,1,Suspicious login hour
DTAA/IRC0991,PC-3889,2010-06-02 23:09:00,23.0,login,,,,1,Suspicious login hour
DTAA/CLN0999,PC-2507,2010-06-02 23:12:00,23.0,login,,,,1,Suspicious login hour
DTAA/NDS0490,PC-2549,2010-06-02 23:27:00,23.0,login,,,,1,Suspicious login hour
DTAA/IRC0991,PC-3889,2010-06-02 23:34:00,23.0,login,,,,1,Suspicious login hour
DTAA/CLN0999,PC-2507,2010-06-02 23:35:00,23.0,login,,,,1,Suspicious login hour
DTAA/CRC0996,PC-1381,2010-06-02 23:56:00,23.0,login,,,,1,Suspicious login hour
DTAA/IRC0991,PC-0639,2010-06-02 23:58:00,23.0,login,,,,1,Suspicious login hour
DTAA/BJM0992,PC-4445,2010-06-03 00:25:00,0.0,login,,,,1,Suspicious login hour
DTAA/CRC0996,PC-1381,2010-06-03 00:29:00,0.0,login,,,,1,Suspicious login hour
DTAA/PCM0846,PC-1898,2010-06-03 00:29:00,0.0,login,,,,1,Suspicious login hour
DTAA/DDK0417,PC-0980,2010-06-03 00:31:00,0.0,login,,,,1,Suspicious login hour
DTAA/IRC0991,PC-0639,2010-06-03 00:41:00,0.0,login,,,,1,Suspicious login hour
DTAA/DDK0417,PC-0980,2010-06-03 00:47:00,0.0,login,,,,1,Suspicious login hour
DTAA/BJM0992,PC-4445,2010-06-03 00:54:00,0.0,login,,,,1,Suspicious login hour
DTAA/ZAB0889,PC-2844,2010-06-03 00:58:00,0.0,login,,,,1,Suspicious login hour
DTAA/JTT0989,PC-4919,2010-06-03 01:17:00,1.0,login,,,,1,Suspicious login hour
DTAA/JTT0989,PC-4919,2010-06-03 01:26:00,1.0,login,,,,1,Suspicious login hour
DTAA/WCN0570,PC-3651,2010-06-03 01:34:00,1.0,login,,,,1,Suspicious login hour
DTAA/ZAB0889,PC-2844,2010-06-03 01:40:00,1.0,login,,,,1,Suspicious login hour
DTAA/IRC0991,PC-3049,2010-06-03 01:40:00,1.0,login,,,,1,Suspicious login hour
DTAA/IRC0991,PC-3049,2010-06-03 01:44:00,1.0,login,,,,1,Suspicious login hour
DTAA/PKM0092,PC-0731,2010-06-03 02:30:00,2.0,login,,,,1,Suspicious login hour
DTAA/SJH0588,PC-2512,2010-06-03 02:48:00,2.0,login,,,,1,Suspicious login hour
DTAA/JCC0998,PC-1334,2010-06-03 03:04:00,3.0,login,,,,1,Suspicious login hour
DTAA/STF0145,PC-0191,2010-06-03 03:09:00,3.0,login,,,,1,Suspicious login hour
DTAA/IRC0991,PC-2712,2010-06-03 03:14:00,3.0,login,,,,1,Suspicious login hour
DTAA/CLB0995,PC-3096,2010-06-03 03:17:00,3.0,login,,,,1,Suspicious login hour
DTAA/CLB0995,PC-3096,2010-06-03 03:29:00,3.0,login,,,,1,Suspicious login hour
DTAA/JCC0998,PC-1334,2010-06-03 03:36:00,3.0,login,,,,1,Suspicious login hour
DTAA/DIS0382,PC-2501,2010-06-03 03:40:00,3.0,login,,,,1,Suspicious login hour
DTAA/SJH0588,PC-2512,2010-06-03 03:50:00,3.0,login,,,,1,Suspicious login hour
DTAA/XCB0445,PC-2710,2010-06-03 03:54:00,3.0,login,,,,1,Suspicious login hour
DTAA/IRC0991,PC-2712,2010-06-03 03:59:00,3.0,login,,,,1,Suspicious login hour
DTAA/KEE0997,PC-1945,2010-06-03 04:06:00,4.0,login,,,,1,Suspicious login hour
DTAA/CLN0999,PC-1575,2010-06-03 04:08:00,4.0,login,,,,1,Suspicious login hour
DTAA/PCM0846,PC-1898,2010-06-03 04:20:00,4.0,login,,,,1,Suspicious login hour
DTAA/DSM0990,PC-0750,2010-06-03 04:20:00,4.0,login,,,,1,Suspicious login hour
DTAA/XCB0445,PC-2710,2010-06-03 04:24:00,4.0,login,,,,1,Suspicious login hour
DTAA/KEE0997,PC-1945,2010-06-03 04:29:00,4.0,login,,,,1,Suspicious login hour
DTAA/GRG0693,PC-3411,2010-06-03 04:30:00,4.0,login,,,,1,Suspicious login hour
DTAA/DSM0990,PC-4438,2010-06-03 04:30:00,4.0,login,,,,1,Suspicious login hour
DTAA/DSM0990,PC-0750,2010-06-03 04:33:00,4.0,login,,,,1,Suspicious login hour
DTAA/CLB0995,PC-3491,2010-06-03 04:40:00,4.0,login,,,,1,Suspicious login hour
DTAA/DIS0382,PC-2501,2010-06-03 04:43:00,4.0,login,,,,1,Suspicious login hour
DTAA/KEE0997,PC-2564,2010-06-03 04:44:00,4.0,login,,,,1,Suspicious login hour
DTAA/DSM0990,PC-4438,2010-06-03 04:44:00,4.0,login,,,,1,Suspicious login hour
DTAA/HCG0731,PC-4643,2010-06-03 04:44:00,4.0,login,,,,1,Suspicious login hour
DTAA/CLN0999,PC-1575,2010-06-03 04:49:00,4.0,login,,,,1,Suspicious login hour
DTAA/WCN0570,PC-3651,2010-06-03 04:54:00,4.0,login,,,,1,Suspicious login hour
DTAA/COS0121,PC-0462,2010-06-03 04:56:00,4.0,login,,,,1,Suspicious login hour
DTAA/DSM0990,PC-1350,2010-06-03 04:57:00,4.0,login,,,,1,Suspicious login hour
DTAA/CLB0995,PC-3491,2010-06-03 05:01:00,5.0,login,,,,1,Suspicious login hour
DTAA/CLN0999,PC-4647,2010-06-03 05:04:00,5.0,login,,,,1,Suspicious login hour
DTAA/KEE0997,PC-2564,2010-06-03 05:06:00,5.0,login,,,,1,Suspicious login hour
DTAA/CLN0999,PC-4647,2010-06-03 05:15:00,5.0,login,,,,1,Suspicious login hour
DTAA/STF0145,PC-0191,2010-06-03 05:19:00,5.0,login,,,,1,Suspicious login hour
DTAA/DFZ0063,PC-4442,2010-06-03 05:27:00,5.0,login,,,,1,Suspicious login hour
DTAA/JTT0989,PC-4616,2010-06-03 05:27:00,5.0,login,,,,1,Suspicious login hour
DTAA/DSM0990,PC-1350,2010-06-03 05:32:00,5.0,login,,,,1,Suspicious login hour
DTAA/JTT0989,PC-4616,2010-06-03 05:40:00,5.0,login,,,,1,Suspicious login hour
DTAA/NDS0490,PC-2549,2010-06-03 05:45:00,5.0,login,,,,1,Suspicious login hour
DTAA/ODW0839,PC-1940,2010-06-03 21:07:00,21.0,login,,,,1,Suspicious login hour
DTAA/CLB0995,PC-0596,2010-06-03 21:07:00,21.0,login,,,,1,Suspicious login hour
DTAA/CLB0995,PC-3128,2010-06-03 21:19:00,21.0,login,,,,1,Suspicious login hour
DTAA/SKL0881,PC-1581,2010-06-03 21:20:00,21.0,login,,,,1,Suspicious login hour
DTAA/NAT0252,PC-1796,2010-06-03 21:22:00,21.0,login,,,,1,Suspicious login hour
DTAA/CGM0994,PC-2488,2010-06-03 21:22:00,21.0,login,,,,1,Suspicious login hour
DTAA/VAH0262,PC-1398,2010-06-03 21:24:00,21.0,login,,,,1,Suspicious login hour
DTAA/CGM0994,PC-2488,2010-06-03 21:25:00,21.0,login,,,,1,Suspicious login hour
DTAA/NDS0490,PC-2549,2010-06-03 21:29:00,21.0,login,,,,1,Suspicious login hour
DTAA/JAH0544,PC-4081,2010-06-03 21:35:00,21.0,login,,,,1,Suspicious login hour
DTAA/CGM0994,PC-0433,2010-06-03 21:44:00,21.0,login,,,,1,Suspicious login hour
DTAA/KEE0997,PC-0010,2010-06-03 21:50:00,21.0,login,,,,1,Suspicious login hour
DTAA/BTW0973,PC-4462,2010-06-03 21:50:00,21.0,login,,,,1,Suspicious login hour
DTAA/ELD1000,PC-0311,2010-06-03 21:57:00,21.0,login,,,,1,Suspicious login hour
DTAA/ELD1000,PC-0311,2010-06-03 22:09:00,22.0,login,,,,1,Suspicious login hour
DTAA/KEE0997,PC-0010,2010-06-03 22:12:00,22.0,login,,,,1,Suspicious login hour
DTAA/AFO0022,PC-2218,2010-06-03 22:23:00,22.0,login,,,,1,Suspicious login hour
DTAA/CGM0994,PC-0433,2010-06-03 22:23:00,22.0,login,,,,1,Suspicious login hour
DTAA/KAD0059,PC-4031,2010-06-03 22:36:00,22.0,login,,,,1,Suspicious login hour
DTAA/KEE0997,PC-2518,2010-06-03 22:40:00,22.0,login,,,,1,Suspicious login hour
DTAA/KEE0997,PC-2518,2010-06-03 22:40:00,22.0,login,,,,1,Suspicious login hour
DTAA/JTT0989,PC-0249,2010-06-03 22:59:00,22.0,login,,,,1,Suspicious login hour
DTAA/DSM0990,PC-3657,2010-06-03 23:03:00,23.0,login,,,,1,Suspicious login hour
DTAA/KAD0059,PC-4031,2010-06-03 23:12:00,23.0,login,,,,1,Suspicious login hour
DTAA/JTT0989,PC-0249,2010-06-03 23:31:00,23.0,login,,,,1,Suspicious login hour
DTAA/CHS0324,PC-3251,2010-06-03 23:32:00,23.0,login,,,,1,Suspicious login hour
DTAA/HNS0858,PC-3790,2010-06-03 23:37:00,23.0,login,,,,1,Suspicious login hour
DTAA/DSM0990,PC-3657,2010-06-03 23:47:00,23.0,login,,,,1,Suspicious login hour
DTAA/KEE0997,PC-0574,2010-06-03 23:51:00,23.0,login,,,,1,Suspicious login hour
DTAA/CSR0189,PC-3494,2010-06-03 23:52:00,23.0,login,,,,1,Suspicious login hour
DTAA/KEE0997,PC-0574,2010-06-04 00:01:00,0.0,login,,,,1,Suspicious login hour
DTAA/BJM0992,PC-3257,2010-06-04 00:04:00,0.0,login,,,,1,Suspicious login hour
DTAA/BJM0992,PC-3257,2010-06-04 00:06:00,0.0,login,,,,1,Suspicious login hour
DTAA/ELD1000,PC-1814,2010-06-04 00:47:00,0.0,login,,,,1,Suspicious login hour
DTAA/CSR0189,PC-3494,2010-06-04 01:01:00,1.0,login,,,,1,Suspicious login hour
DTAA/DSM0990,PC-3249,2010-06-04 01:06:00,1.0,login,,,,1,Suspicious login hour
DTAA/DSM0990,PC-3249,2010-06-04 01:10:00,1.0,login,,,,1,Suspicious login hour
DTAA/JCC0998,PC-4462,2010-06-04 01:10:00,1.0,login,,,,1,Suspicious login hour
DTAA/JCC0998,PC-4462,2010-06-04 01:15:00,1.0,login,,,,1,Suspicious login hour
DTAA/ELD1000,PC-1814,2010-06-04 01:21:00,1.0,login,,,,1,Suspicious login hour
DTAA/DSM0990,PC-3293,2010-06-04 01:55:00,1.0,login,,,,1,Suspicious login hour
DTAA/DSM0990,PC-3293,2010-06-04 01:57:00,1.0,login,,,,1,Suspicious login hour
DTAA/BTW0973,PC-4462,2010-06-04 02:19:00,2.0,login,,,,1,Suspicious login hour
DTAA/FKR0550,PC-2469,2010-06-04 02:26:00,2.0,login,,,,1,Suspicious login hour
DTAA/JTT0989,PC-2553,2010-06-04 02:29:00,2.0,login,,,,1,Suspicious login hour
DTAA/JTT0989,PC-2553,2010-06-04 02:33:00,2.0,login,,,,1,Suspicious login hour
DTAA/ELD1000,PC-1734,2010-06-04 02:53:00,2.0,login,,,,1,Suspicious login hour
DTAA/AFO0022,PC-2218,2010-06-04 03:05:00,3.0,login,,,,1,Suspicious login hour
DTAA/CRC0996,PC-3757,2010-06-04 03:33:00,3.0,login,,,,1,Suspicious login hour
DTAA/ELD1000,PC-1734,2010-06-04 03:36:00,3.0,login,,,,1,Suspicious login hour
DTAA/DSM0990,PC-2526,2010-06-04 03:50:00,3.0,login,,,,1,Suspicious login hour
DTAA/CRC0996,PC-3757,2010-06-04 03:51:00,3.0,login,,,,1,Suspicious login hour
DTAA/FKR0550,PC-2469,2010-06-04 03:56:00,3.0,login,,,,1,Suspicious login hour
DTAA/KEE0997,PC-1127,2010-06-04 04:03:00,4.0,login,,,,1,Suspicious login hour
DTAA/CHS0324,PC-3251,2010-06-04 04:03:00,4.0,login,,,,1,Suspicious login hour
DTAA/KEE0997,PC-1127,2010-06-04 04:03:00,4.0,login,,,,1,Suspicious login hour
DTAA/DSM0990,PC-2526,2010-06-04 04:06:00,4.0,login,,,,1,Suspicious login hour
DTAA/CLN0999,PC-2886,2010-06-04 04:07:00,4.0,login,,,,1,Suspicious login hour
DTAA/JGC0775,PC-2680,2010-06-04 04:41:00,4.0,login,,,,1,Suspicious login hour
DTAA/CHA0174,PC-2751,2010-06-04 04:41:00,4.0,login,,,,1,Suspicious login hour
DTAA/CLN0999,PC-2886,2010-06-04 04:43:00,4.0,login,,,,1,Suspicious login hour
DTAA/CGM0994,PC-2396,2010-06-04 04:49:00,4.0,login,,,,1,Suspicious login hour
DTAA/CHA0174,PC-2751,2010-06-04 05:09:00,5.0,login,,,,1,Suspicious login hour
DTAA/BJM0992,PC-4944,2010-06-04 05:21:00,5.0,login,,,,1,Suspicious login hour
DTAA/CGM0994,PC-2396,2010-06-04 05:24:00,5.0,login,,,,1,Suspicious login hour
DTAA/VNM0127,PC-3456,2010-06-04 05:27:00,5.0,login,,,,1,Suspicious login hour
DTAA/BJM0992,PC-4944,2010-06-04 05:28:00,5.0,login,,,,1,Suspicious login hour
DTAA/JGC0775,PC-2680,2010-06-04 05:33:00,5.0,login,,,,1,Suspicious login hour
DTAA/HNS0858,PC-3790,2010-06-04 05:35:00,5.0,login,,,,1,Suspicious login hour
DTAA/RAH0968,PC-3119,2010-06-04 05:36:00,5.0,login,,,,1,Suspicious login hour
DTAA/CLN0999,PC-0001,2010-06-04 05:38:00,5.0,login,,,,1,Suspicious login hour
DTAA/AIB0797,PC-4147,2010-06-04 05:53:00,5.0,login,,,,1,Suspicious login hour
DTAA/ELD1000,PC-4681,2010-06-04 05:55:00,5.0,login,,,,1,Suspicious login hour
DTAA/ARC0677,PC-0465,2010-06-04 21:00:00,21.0,login,,,,1,Suspicious login hour
DTAA/NAT0252,PC-1796,2010-06-04 21:11:00,21.0,login,,,,1,Suspicious login hour
DTAA/ARS0993,PC-3338,2010-06-04 21:16:00,21.0,login,,,,1,Suspicious login hour
DTAA/VAH0262,PC-1398,2010-06-04 21:20:00,21.0,login,,,,1,Suspicious login hour
DTAA/SKL0881,PC-1581,2010-06-04 21:20:00,21.0,login,,,,1,Suspicious login hour
DTAA/IRC0991,PC-3489,2010-06-04 21:26:00,21.0,login,,,,1,Suspicious login hour
DTAA/NDS0490,PC-2549,2010-06-04 21:27:00,21.0,login,,,,1,Suspicious login hour
DTAA/JCC0998,PC-2216,2010-06-04 21:27:00,21.0,login,,,,1,Suspicious login hour
DTAA/KEE0997,PC-3424,2010-06-04 21:33:00,21.0,login,,,,1,Suspicious login hour
DTAA/IRC0991,PC-2674,2010-06-04 21:36:00,21.0,login,,,,1,Suspicious login hour
DTAA/ARS0993,PC-3338,2010-06-04 21:39:00,21.0,login,,,,1,Suspicious login hour
DTAA/TKH0211,PC-0719,2010-06-04 22:21:00,22.0,login,,,,1,Suspicious login hour
DTAA/IRC0991,PC-2674,2010-06-04 22:21:00,22.0,login,,,,1,Suspicious login hour
DTAA/GKC0919,PC-3647,2010-06-04 22:24:00,22.0,login,,,,1,Suspicious login hour
DTAA/IRC0991,PC-2613,2010-06-04 22:26:00,22.0,login,,,,1,Suspicious login hour
DTAA/ELD1000,PC-3462,2010-06-04 22:45:00,22.0,login,,,,1,Suspicious login hour
DTAA/DSM0990,PC-0500,2010-06-04 22:56:00,22.0,login,,,,1,Suspicious login hour
DTAA/IRC0991,PC-2613,2010-06-04 22:56:00,22.0,login,,,,1,Suspicious login hour
DTAA/ELD1000,PC-0775,2010-06-04 23:00:00,23.0,login,,,,1,Suspicious login hour
DTAA/TKH0211,PC-0719,2010-06-04 23:00:00,23.0,login,,,,1,Suspicious login hour
DTAA/ELD1000,PC-3462,2010-06-04 23:03:00,23.0,login,,,,1,Suspicious login hour
DTAA/JTT0989,PC-1582,2010-06-04 23:09:00,23.0,login,,,,1,Suspicious login hour
DTAA/BJM0992,PC-0632,2010-06-04 23:10:00,23.0,login,,,,1,Suspicious login hour
DTAA/DSM0990,PC-0500,2010-06-04 23:23:00,23.0,login,,,,1,Suspicious login hour
DTAA/IRC0991,PC-0668,2010-06-04 23:25:00,23.0,login,,,,1,Suspicious login hour
DTAA/ELD1000,PC-0775,2010-06-04 23:27:00,23.0,login,,,,1,Suspicious login hour
DTAA/BJM0992,PC-3442,2010-06-04 23:29:00,23.0,login,,,,1,Suspicious login hour
DTAA/IRC0991,PC-1147,2010-06-04 23:31:00,23.0,login,,,,1,Suspicious login hour
DTAA/IRC0991,PC-0668,2010-06-04 23:33:00,23.0,login,,,,1,Suspicious login hour
DTAA/JTT0989,PC-1582,2010-06-04 23:40:00,23.0,login,,,,1,Suspicious login hour
DTAA/IRC0991,PC-1147,2010-06-04 23:40:00,23.0,login,,,,1,Suspicious login hour
DTAA/BJM0992,PC-0632,2010-06-04 23:48:00,23.0,login,,,,1,Suspicious login hour
DTAA/BJM0992,PC-3442,2010-06-05 00:07:00,0.0,login,,,,1,Suspicious login hour
DTAA/AMA0191,PC-4736,2010-06-05 00:12:00,0.0,login,,,,1,Suspicious login hour
DTAA/ABS0726,PC-3698,2010-06-05 00:34:00,0.0,login,,,,1,Suspicious login hour
DTAA/SAH0192,PC-4079,2010-06-05 00:36:00,0.0,login,,,,1,Suspicious login hour
DTAA/XIN0791,PC-2332,2010-06-05 01:33:00,1.0,login,,,,1,Suspicious login hour
DTAA/ABS0726,PC-3698,2010-06-05 01:34:00,1.0,login,,,,1,Suspicious login hour
DTAA/BIR0534,PC-1834,2010-06-05 02:19:00,2.0,login,,,,1,Suspicious login hour
DTAA/AMA0191,PC-4736,2010-06-05 03:34:00,3.0,login,,,,1,Suspicious login hour
DTAA/XIN0791,PC-2332,2010-06-05 03:58:00,3.0,login,,,,1,Suspicious login hour
DTAA/DSM0990,PC-0542,2010-06-07 00:28:00,0.0,login,,,,1,Suspicious login hour
DTAA/CLN0999,PC-1848,2010-06-07 00:34:00,0.0,login,,,,1,Suspicious login hour
DTAA/ELD1000,PC-0196,2010-06-07 00:45:00,0.0,login,,,,1,Suspicious login hour
DTAA/JCC0998,PC-1822,2010-06-07 00:46:00,0.0,login,,,,1,Suspicious login hour
DTAA/DSM0990,PC-0542,2010-06-07 00:56:00,0.0,login,,,,1,Suspicious login hour
DTAA/JCC0998,PC-1822,2010-06-07 01:00:00,1.0,login,,,,1,Suspicious login hour
DTAA/ELD1000,PC-0196,2010-06-07 01:02:00,1.0,login,,,,1,Suspicious login hour
DTAA/CLN0999,PC-1848,2010-06-07 01:17:00,1.0,login,,,,1,Suspicious login hour
DTAA/DSM0990,PC-3310,2010-06-07 01:27:00,1.0,login,,,,1,Suspicious login hour
DTAA/DSM0990,PC-3310,2010-06-07 01:27:00,1.0,login,,,,1,Suspicious login hour
DTAA/KEE0997,PC-3471,2010-06-07 01:31:00,1.0,login,,,,1,Suspicious login hour
DTAA/JTT0989,PC-4736,2010-06-07 01:37:00,1.0,login,,,,1,Suspicious login hour
DTAA/JTT0989,PC-4736,2010-06-07 01:47:00,1.0,login,,,,1,Suspicious login hour
DTAA/KEE0997,PC-3471,2010-06-07 02:05:00,2.0,login,,,,1,Suspicious login hour
DTAA/ELD1000,PC-2501,2010-06-07 02:18:00,2.0,login,,,,1,Suspicious login hour
DTAA/DSM0990,PC-2079,2010-06-07 02:28:00,2.0,login,,,,1,Suspicious login hour
DTAA/ELD1000,PC-2501,2010-06-07 02:45:00,2.0,login,,,,1,Suspicious login hour
DTAA/DSM0990,PC-3385,2010-06-07 02:52:00,2.0,login,,,,1,Suspicious login hour
DTAA/CLB0995,PC-2027,2010-06-07 02:54:00,2.0,login,,,,1,Suspicious login hour
DTAA/CLB0995,PC-2027,2010-06-07 02:59:00,2.0,login,,,,1,Suspicious login hour
DTAA/DSM0990,PC-3385,2010-06-07 03:00:00,3.0,login,,,,1,Suspicious login hour
DTAA/DSM0990,PC-2079,2010-06-07 03:13:00,3.0,login,,,,1,Suspicious login hour
DTAA/BJM0992,PC-2888,2010-06-07 04:12:00,4.0,login,,,,1,Suspicious login hour
DTAA/BJM0992,PC-2888,2010-06-07 04:24:00,4.0,login,,,,1,Suspicious login hour
DTAA/CLN0999,PC-2899,2010-06-07 04:40:00,4.0,login,,,,1,Suspicious login hour
DTAA/CLN0999,PC-2474,2010-06-07 04:42:00,4.0,login,,,,1,Suspicious login hour
DTAA/CLN0999,PC-2474,2010-06-07 04:44:00,4.0,login,,,,1,Suspicious login hour
DTAA/CLN0999,PC-2899,2010-06-07 04:53:00,4.0,login,,,,1,Suspicious login hour
DTAA/IRC0991,PC-3822,2010-06-07 05:12:00,5.0,login,,,,1,Suspicious login hour
DTAA/IRC0991,PC-3822,2010-06-07 05:13:00,5.0,login,,,,1,Suspicious login hour
DTAA/DSM0990,PC-2015,2010-06-07 05:28:00,5.0,login,,,,1,Suspicious login hour
DTAA/ARC0677,PC-0465,2010-06-07 21:00:00,21.0,login,,,,1,Suspicious login hour
DTAA/DSM0990,PC-4291,2010-06-07 21:02:00,21.0,login,,,,1,Suspicious login hour
DTAA/CRC0996,PC-0411,2010-06-07 21:04:00,21.0,login,,,,1,Suspicious login hour
DTAA/JTT0989,PC-4253,2010-06-07 21:04:00,21.0,login,,,,1,Suspicious login hour
DTAA/CLN0999,PC-3210,2010-06-07 21:04:00,21.0,login,,,,1,Suspicious login hour
DTAA/CLN0999,PC-3210,2010-06-07 21:10:00,21.0,login,,,,1,Suspicious login hour
DTAA/VAH0262,PC-1398,2010-06-07 21:10:00,21.0,login,,,,1,Suspicious login hour
DTAA/JCC0998,PC-0513,2010-06-07 21:20:00,21.0,login,,,,1,Suspicious login hour
DTAA/NAT0252,PC-1796,2010-06-07 21:23:00,21.0,login,,,,1,Suspicious login hour
DTAA/SKL0881,PC-1581,2010-06-07 21:24:00,21.0,login,,,,1,Suspicious login hour
DTAA/NDS0490,PC-2549,2010-06-07 21:35:00,21.0,login,,,,1,Suspicious login hour
DTAA/HTC0607,PC-1033,2010-06-07 21:38:00,21.0,login,,,,1,Suspicious login hour
DTAA/ELD1000,PC-3438,2010-06-07 21:54:00,21.0,login,,,,1,Suspicious login hour
DTAA/ASO0023,PC-3990,2010-06-07 22:19:00,22.0,login,,,,1,Suspicious login hour
DTAA/ELD1000,PC-3438,2010-06-07 22:33:00,22.0,login,,,,1,Suspicious login hour
DTAA/KEE0997,PC-4820,2010-06-07 22:39:00,22.0,login,,,,1,Suspicious login hour
DTAA/NDS0490,PC-2549,2010-06-07 22:48:00,22.0,login,,,,1,Suspicious login hour
DTAA/AJA0220,PC-3872,2010-06-07 22:54:00,22.0,login,,,,1,Suspicious login hour
DTAA/DSM0990,PC-2791,2010-06-07 22:54:00,22.0,login,,,,1,Suspicious login hour
DTAA/NHH0566,PC-1651,2010-06-07 23:02:00,23.0,login,,,,1,Suspicious login hour
DTAA/KEE0997,PC-4820,2010-06-07 23:04:00,23.0,login,,,,1,Suspicious login hour
DTAA/DSM0990,PC-2791,2010-06-07 23:18:00,23.0,login,,,,1,Suspicious login hour
DTAA/CLN0999,PC-0553,2010-06-07 23:58:00,23.0,login,,,,1,Suspicious login hour
DTAA/KEE0997,PC-3221,2010-06-08 00:12:00,0.0,login,,,,1,Suspicious login hour
DTAA/ARS0993,PC-4625,2010-06-08 00:28:00,0.0,login,,,,1,Suspicious login hour
DTAA/CLN0999,PC-0553,2010-06-08 00:38:00,0.0,login,,,,1,Suspicious login hour
DTAA/CLB0995,PC-3070,2010-06-08 00:43:00,0.0,login,,,,1,Suspicious login hour
DTAA/ARS0993,PC-4625,2010-06-08 00:43:00,0.0,login,,,,1,Suspicious login hour
DTAA/KEE0997,PC-3221,2010-06-08 00:45:00,0.0,login,,,,1,Suspicious login hour
DTAA/DSM0990,PC-1898,2010-06-08 00:50:00,0.0,login,,,,1,Suspicious login hour
DTAA/CLN0999,PC-1592,2010-06-08 00:51:00,0.0,login,,,,1,Suspicious login hour
DTAA/CLN0999,PC-1592,2010-06-08 01:00:00,1.0,login,,,,1,Suspicious login hour
DTAA/HTS0265,PC-1744,2010-06-08 01:05:00,1.0,login,,,,1,Suspicious login hour
DTAA/ELD1000,PC-4905,2010-06-08 01:06:00,1.0,login,,,,1,Suspicious login hour
DTAA/CLB0995,PC-3070,2010-06-08 01:21:00,1.0,login,,,,1,Suspicious login hour
DTAA/ELD1000,PC-4905,2010-06-08 01:26:00,1.0,login,,,,1,Suspicious login hour
DTAA/DSM0990,PC-1898,2010-06-08 01:32:00,1.0,login,,,,1,Suspicious login hour
DTAA/DSM0990,PC-2088,2010-06-08 01:44:00,1.0,login,,,,1,Suspicious login hour
DTAA/CLN0999,PC-4863,2010-06-08 01:51:00,1.0,login,,,,1,Suspicious login hour
DTAA/CLN0999,PC-4863,2010-06-08 01:52:00,1.0,login,,,,1,Suspicious login hour
DTAA/ARS0993,PC-3295,2010-06-08 01:52:00,1.0,login,,,,1,Suspicious login hour
DTAA/IRC0991,PC-1418,2010-06-08 01:55:00,1.0,login,,,,1,Suspicious login hour
DTAA/CGM0994,PC-2173,2010-06-08 01:56:00,1.0,login,,,,1,Suspicious login hour
DTAA/DSM0990,PC-2088,2010-06-08 02:00:00,2.0,login,,,,1,Suspicious login hour
DTAA/ABS0726,PC-3698,2010-06-08 02:09:00,2.0,login,,,,1,Suspicious login hour
DTAA/ARS0993,PC-3295,2010-06-08 02:27:00,2.0,login,,,,1,Suspicious login hour
DTAA/CGM0994,PC-2173,2010-06-08 02:27:00,2.0,login,,,,1,Suspicious login hour
DTAA/IRC0991,PC-1418,2010-06-08 02:32:00,2.0,login,,,,1,Suspicious login hour
DTAA/CLB0995,PC-1398,2010-06-08 02:33:00,2.0,login,,,,1,Suspicious login hour
DTAA/EOS0972,PC-4981,2010-06-08 02:44:00,2.0,login,,,,1,Suspicious login hour
DTAA/IRC0991,PC-3391,2010-06-08 02:55:00,2.0,login,,,,1,Suspicious login hour
DTAA/BJM0992,PC-1189,2010-06-08 02:56:00,2.0,login,,,,1,Suspicious login hour
DTAA/BJM0992,PC-1189,2010-06-08 03:06:00,3.0,login,,,,1,Suspicious login hour
DTAA/CLB0995,PC-1398,2010-06-08 03:10:00,3.0,login,,,,1,Suspicious login hour
DTAA/IRC0991,PC-3391,2010-06-08 03:23:00,3.0,login,,,,1,Suspicious login hour
DTAA/KEE0997,PC-4705,2010-06-08 03:26:00,3.0,login,,,,1,Suspicious login hour
DTAA/JGC0775,PC-2680,2010-06-08 03:36:00,3.0,login,,,,1,Suspicious login hour
DTAA/KEE0997,PC-4705,2010-06-08 03:41:00,3.0,login,,,,1,Suspicious login hour
DTAA/JTT0989,PC-4532,2010-06-08 04:01:00,4.0,login,,,,1,Suspicious login hour
DTAA/JTT0989,PC-2542,2010-06-08 04:03:00,4.0,login,,,,1,Suspicious login hour
DTAA/EOS0972,PC-4981,2010-06-08 04:06:00,4.0,login,,,,1,Suspicious login hour
DTAA/JTT0989,PC-4532,2010-06-08 04:06:00,4.0,login,,,,1,Suspicious login hour
DTAA/HTS0265,PC-1744,2010-06-08 04:19:00,4.0,login,,,,1,Suspicious login hour
DTAA/JTT0989,PC-2542,2010-06-08 04:25:00,4.0,login,,,,1,Suspicious login hour
DTAA/ABS0726,PC-3698,2010-06-08 04:32:00,4.0,login,,,,1,Suspicious login hour
DTAA/JCC0998,PC-4962,2010-06-08 04:33:00,4.0,login,,,,1,Suspicious login hour
DTAA/NHH0566,PC-1651,2010-06-08 04:36:00,4.0,login,,,,1,Suspicious login hour
DTAA/JCC0998,PC-4962,2010-06-08 04:39:00,4.0,login,,,,1,Suspicious login hour
DTAA/NDS0490,PC-2549,2010-06-08 04:57:00,4.0,login,,,,1,Suspicious login hour
DTAA/JGC0775,PC-2680,2010-06-08 05:06:00,5.0,login,,,,1,Suspicious login hour
DTAA/AIB0797,PC-4147,2010-06-08 05:22:00,5.0,login,,,,1,Suspicious login hour
DTAA/CLN0999,PC-4580,2010-06-08 05:41:00,5.0,login,,,,1,Suspicious login hour
DTAA/CGM0994,PC-0318,2010-06-08 05:48:00,5.0,login,,,,1,Suspicious login hour
DTAA/ODW0839,PC-1940,2010-06-08 21:06:00,21.0,login,,,,1,Suspicious login hour
DTAA/SKL0881,PC-1581,2010-06-08 21:11:00,21.0,login,,,,1,Suspicious login hour
DTAA/VAH0262,PC-1398,2010-06-08 21:12:00,21.0,login,,,,1,Suspicious login hour
DTAA/NAT0252,PC-1796,2010-06-08 21:16:00,21.0,login,,,,1,Suspicious login hour
DTAA/JCC0998,PC-1441,2010-06-08 21:27:00,21.0,login,,,,1,Suspicious login hour
DTAA/NDS0490,PC-2549,2010-06-08 21:32:00,21.0,login,,,,1,Suspicious login hour
DTAA/JCC0998,PC-1441,2010-06-08 21:41:00,21.0,login,,,,1,Suspicious login hour
DTAA/JCC0998,PC-4002,2010-06-08 21:42:00,21.0,login,,,,1,Suspicious login hour
DTAA/GYT0279,PC-2791,2010-06-08 21:45:00,21.0,login,,,,1,Suspicious login hour
DTAA/ARS0993,PC-1859,2010-06-08 21:50:00,21.0,login,,,,1,Suspicious login hour
DTAA/ARS0993,PC-1859,2010-06-08 22:00:00,22.0,login,,,,1,Suspicious login hour
DTAA/NHL0253,PC-3339,2010-06-08 22:01:00,22.0,login,,,,1,Suspicious login hour
DTAA/BJM0992,PC-4158,2010-06-08 22:04:00,22.0,login,,,,1,Suspicious login hour
DTAA/PUH0847,PC-2550,2010-06-08 22:14:00,22.0,login,,,,1,Suspicious login hour
DTAA/KEE0997,PC-0026,2010-06-08 22:15:00,22.0,login,,,,1,Suspicious login hour
DTAA/BJM0992,PC-4158,2010-06-08 22:16:00,22.0,login,,,,1,Suspicious login hour
DTAA/KEE0997,PC-0026,2010-06-08 22:19:00,22.0,login,,,,1,Suspicious login hour
DTAA/JCC0998,PC-4002,2010-06-08 22:25:00,22.0,login,,,,1,Suspicious login hour
DTAA/JAH0544,PC-4081,2010-06-08 22:26:00,22.0,login,,,,1,Suspicious login hour
DTAA/CGM0994,PC-1950,2010-06-08 22:41:00,22.0,login,,,,1,Suspicious login hour
DTAA/CGM0994,PC-1950,2010-06-08 22:48:00,22.0,login,,,,1,Suspicious login hour
DTAA/CGM0994,PC-0845,2010-06-08 22:56:00,22.0,login,,,,1,Suspicious login hour
DTAA/CGM0994,PC-0845,2010-06-08 23:00:00,23.0,login,,,,1,Suspicious login hour
DTAA/ELD1000,PC-3560,2010-06-08 23:41:00,23.0,login,,,,1,Suspicious login hour
DTAA/ELD1000,PC-3560,2010-06-08 23:42:00,23.0,login,,,,1,Suspicious login hour
DTAA/BJM0992,PC-3645,2010-06-08 23:45:00,23.0,login,,,,1,Suspicious login hour
DTAA/BJM0992,PC-3645,2010-06-08 23:55:00,23.0,login,,,,1,Suspicious login hour
DTAA/DSM0990,PC-1074,2010-06-08 23:59:00,23.0,login,,,,1,Suspicious login hour
DTAA/JCC0998,PC-4525,2010-06-09 00:16:00,0.0,login,,,,1,Suspicious login hour
DTAA/DSM0990,PC-1074,2010-06-09 00:22:00,0.0,login,,,,1,Suspicious login hour
DTAA/CGM0994,PC-3980,2010-06-09 00:29:00,0.0,login,,,,1,Suspicious login hour
DTAA/SJH0588,PC-2512,2010-06-09 00:31:00,0.0,login,,,,1,Suspicious login hour
DTAA/CLN0999,PC-1792,2010-06-09 00:32:00,0.0,login,,,,1,Suspicious login hour
DTAA/JCC0998,PC-4525,2010-06-09 00:34:00,0.0,login,,,,1,Suspicious login hour
DTAA/CLB0995,PC-0639,2010-06-09 00:37:00,0.0,login,,,,1,Suspicious login hour
DTAA/CGM0994,PC-3980,2010-06-09 00:39:00,0.0,login,,,,1,Suspicious login hour
DTAA/BJM0992,PC-3355,2010-06-09 00:48:00,0.0,login,,,,1,Suspicious login hour
DTAA/CLB0995,PC-0639,2010-06-09 01:05:00,1.0,login,,,,1,Suspicious login hour
DTAA/CLN0999,PC-1792,2010-06-09 01:12:00,1.0,login,,,,1,Suspicious login hour
DTAA/BJM0992,PC-3355,2010-06-09 01:19:00,1.0,login,,,,1,Suspicious login hour
DTAA/IRC0991,PC-4750,2010-06-09 01:59:00,1.0,login,,,,1,Suspicious login hour
DTAA/ARS0993,PC-3889,2010-06-09 02:05:00,2.0,login,,,,1,Suspicious login hour
DTAA/SJH0588,PC-2512,2010-06-09 02:09:00,2.0,login,,,,1,Suspicious login hour
DTAA/IRC0991,PC-4750,2010-06-09 02:12:00,2.0,login,,,,1,Suspicious login hour
DTAA/ARS0993,PC-3889,2010-06-09 02:30:00,2.0,login,,,,1,Suspicious login hour
DTAA/TPC0102,PC-1945,2010-06-09 02:36:00,2.0,login,,,,1,Suspicious login hour
DTAA/CLN0999,PC-3459,2010-06-09 02:51:00,2.0,login,,,,1,Suspicious login hour
DTAA/CGM0994,PC-0462,2010-06-09 03:05:00,3.0,login,,,,1,Suspicious login hour
DTAA/BAF0379,PC-3645,2010-06-09 03:10:00,3.0,login,,,,1,Suspicious login hour
DTAA/CLN0999,PC-3459,2010-06-09 03:13:00,3.0,login,,,,1,Suspicious login hour
DTAA/LJR0772,PC-3780,2010-06-09 03:14:00,3.0,login,,,,1,Suspicious login hour
DTAA/CGM0994,PC-0462,2010-06-09 03:21:00,3.0,login,,,,1,Suspicious login hour
DTAA/IRC0991,PC-1199,2010-06-09 03:24:00,3.0,login,,,,1,Suspicious login hour
DTAA/CRC0996,PC-4162,2010-06-09 03:28:00,3.0,login,,,,1,Suspicious login hour
DTAA/ARS0993,PC-2020,2010-06-09 03:36:00,3.0,login,,,,1,Suspicious login hour
DTAA/GYT0279,PC-2791,2010-06-09 03:44:00,3.0,login,,,,1,Suspicious login hour
DTAA/ARS0993,PC-2020,2010-06-09 03:44:00,3.0,login,,,,1,Suspicious login hour
DTAA/IRC0991,PC-1199,2010-06-09 03:57:00,3.0,login,,,,1,Suspicious login hour
DTAA/TPC0102,PC-1945,2010-06-09 03:59:00,3.0,login,,,,1,Suspicious login hour
DTAA/CRC0996,PC-4162,2010-06-09 04:00:00,4.0,login,,,,1,Suspicious login hour
DTAA/BJM0992,PC-1800,2010-06-09 04:03:00,4.0,login,,,,1,Suspicious login hour
DTAA/CRC0996,PC-4359,2010-06-09 04:09:00,4.0,login,,,,1,Suspicious login hour
DTAA/BJM0992,PC-1800,2010-06-09 04:09:00,4.0,login,,,,1,Suspicious login hour
DTAA/CRC0996,PC-4359,2010-06-09 04:10:00,4.0,login,,,,1,Suspicious login hour
DTAA/CLN0999,PC-1985,2010-06-09 04:34:00,4.0,login,,,,1,Suspicious login hour
DTAA/IAG0152,PC-3521,2010-06-09 04:37:00,4.0,login,,,,1,Suspicious login hour
DTAA/LJR0772,PC-3780,2010-06-09 04:42:00,4.0,login,,,,1,Suspicious login hour
DTAA/JMM0759,PC-3490,2010-06-09 04:57:00,4.0,login,,,,1,Suspicious login hour
DTAA/CLN0999,PC-1985,2010-06-09 04:57:00,4.0,login,,,,1,Suspicious login hour
DTAA/BAF0379,PC-3645,2010-06-09 04:59:00,4.0,login,,,,1,Suspicious login hour
DTAA/CLB0995,PC-2047,2010-06-09 05:17:00,5.0,login,,,,1,Suspicious login hour
DTAA/CLN0999,PC-1740,2010-06-09 05:21:00,5.0,login,,,,1,Suspicious login hour
DTAA/JMM0759,PC-3490,2010-06-09 05:22:00,5.0,login,,,,1,Suspicious login hour
DTAA/ELD1000,PC-2338,2010-06-09 05:22:00,5.0,login,,,,1,Suspicious login hour
DTAA/CLB0995,PC-4656,2010-06-09 05:25:00,5.0,login,,,,1,Suspicious login hour
DTAA/EMR0242,PC-1306,2010-06-09 05:26:00,5.0,login,,,,1,Suspicious login hour
DTAA/JBL0450,PC-2338,2010-06-09 05:27:00,5.0,login,,,,1,Suspicious login hour
DTAA/IAG0152,PC-3521,2010-06-09 05:28:00,5.0,login,,,,1,Suspicious login hour
DTAA/CLB0995,PC-2047,2010-06-09 05:35:00,5.0,login,,,,1,Suspicious login hour
DTAA/CLB0995,PC-3326,2010-06-09 05:36:00,5.0,login,,,,1,Suspicious login hour
DTAA/ELD1000,PC-2365,2010-06-09 05:38:00,5.0,login,,,,1,Suspicious login hour
DTAA/CLB0995,PC-4656,2010-06-09 05:42:00,5.0,login,,,,1,Suspicious login hour
DTAA/KEE0997,PC-2782,2010-06-09 05:43:00,5.0,login,,,,1,Suspicious login hour
DTAA/OYR0801,PC-0088,2010-06-09 05:45:00,5.0,login,,,,1,Suspicious login hour
DTAA/KEE0997,PC-2782,2010-06-09 05:52:00,5.0,login,,,,1,Suspicious login hour
DTAA/JCC0998,PC-4246,2010-06-09 05:53:00,5.0,login,,,,1,Suspicious login hour
DTAA/CLB0995,PC-3326,2010-06-09 05:53:00,5.0,login,,,,1,Suspicious login hour
DTAA/ELD1000,PC-2338,2010-06-09 05:55:00,5.0,login,,,,1,Suspicious login hour
DTAA/ARC0677,PC-0465,2010-06-09 21:03:00,21.0,login,,,,1,Suspicious login hour
DTAA/ODW0839,PC-1940,2010-06-09 21:07:00,21.0,login,,,,1,Suspicious login hour
DTAA/JCC0998,PC-0969,2010-06-09 21:12:00,21.0,login,,,,1,Suspicious login hour
DTAA/SKL0881,PC-1581,2010-06-09 21:13:00,21.0,login,,,,1,Suspicious login hour
DTAA/VAH0262,PC-1398,2010-06-09 21:22:00,21.0,login,,,,1,Suspicious login hour
DTAA/NAT0252,PC-1796,2010-06-09 21:23:00,21.0,login,,,,1,Suspicious login hour
DTAA/NDS0490,PC-2549,2010-06-09 21:37:00,21.0,login,,,,1,Suspicious login hour
DTAA/CGM0994,PC-3022,2010-06-09 21:39:00,21.0,login,,,,1,Suspicious login hour
DTAA/BTW0973,PC-4462,2010-06-09 21:41:00,21.0,login,,,,1,Suspicious login hour
DTAA/BIR0534,PC-1834,2010-06-09 22:01:00,22.0,login,,,,1,Suspicious login hour
DTAA/CGM0994,PC-3022,2010-06-09 22:11:00,22.0,login,,,,1,Suspicious login hour
DTAA/IRC0991,PC-3167,2010-06-09 22:12:00,22.0,login,,,,1,Suspicious login hour
DTAA/BJM0992,PC-4454,2010-06-09 22:13:00,22.0,login,,,,1,Suspicious login hour
DTAA/CLB0995,PC-1324,2010-06-09 22:23:00,22.0,login,,,,1,Suspicious login hour
DTAA/ARS0993,PC-4184,2010-06-09 22:33:00,22.0,login,,,,1,Suspicious login hour
DTAA/IRC0991,PC-3167,2010-06-09 22:45:00,22.0,login,,,,1,Suspicious login hour
DTAA/ARS0993,PC-4184,2010-06-09 22:55:00,22.0,login,,,,1,Suspicious login hour
DTAA/BJM0992,PC-4454,2010-06-09 22:55:00,22.0,login,,,,1,Suspicious login hour
DTAA/CLB0995,PC-1324,2010-06-09 22:57:00,22.0,login,,,,1,Suspicious login hour
DTAA/WOT0549,PC-0304,2010-06-09 22:58:00,22.0,login,,,,1,Suspicious login hour
DTAA/JCC0998,PC-0702,2010-06-09 23:10:00,23.0,login,,,,1,Suspicious login hour
DTAA/JCC0998,PC-0702,2010-06-09 23:36:00,23.0,login,,,,1,Suspicious login hour
DTAA/ARS0993,PC-1522,2010-06-09 23:45:00,23.0,login,,,,1,Suspicious login hour
DTAA/ELD1000,PC-3148,2010-06-09 23:54:00,23.0,login,,,,1,Suspicious login hour
DTAA/BJM0992,PC-2488,2010-06-10 00:07:00,0.0,login,,,,1,Suspicious login hour
DTAA/ELD1000,PC-3148,2010-06-10 00:23:00,0.0,login,,,,1,Suspicious login hour
DTAA/ARS0993,PC-1522,2010-06-10 00:27:00,0.0,login,,,,1,Suspicious login hour
DTAA/CGM0994,PC-0311,2010-06-10 00:34:00,0.0,login,,,,1,Suspicious login hour
DTAA/CLB0995,PC-2564,2010-06-10 00:35:00,0.0,login,,,,1,Suspicious login hour
DTAA/CLB0995,PC-2549,2010-06-10 00:36:00,0.0,login,,,,1,Suspicious login hour
DTAA/CGM0994,PC-0311,2010-06-10 00:40:00,0.0,login,,,,1,Suspicious login hour
DTAA/BJM0992,PC-2488,2010-06-10 00:42:00,0.0,login,,,,1,Suspicious login hour
DTAA/BIR0534,PC-1834,2010-06-10 00:51:00,0.0,login,,,,1,Suspicious login hour
DTAA/CLB0995,PC-2549,2010-06-10 00:53:00,0.0,login,,,,1,Suspicious login hour
DTAA/MQL0135,PC-4656,2010-06-10 01:10:00,1.0,login,,,,1,Suspicious login hour
DTAA/CLB0995,PC-2564,2010-06-10 01:13:00,1.0,login,,,,1,Suspicious login hour
DTAA/JCC0998,PC-1458,2010-06-10 01:37:00,1.0,login,,,,1,Suspicious login hour
DTAA/JCC0998,PC-1458,2010-06-10 02:14:00,2.0,login,,,,1,Suspicious login hour
DTAA/NDM0893,PC-0322,2010-06-10 02:27:00,2.0,login,,,,1,Suspicious login hour
DTAA/JCS0873,PC-1560,2010-06-10 02:36:00,2.0,login,,,,1,Suspicious login hour
DTAA/MCH0530,PC-4577,2010-06-10 02:37:00,2.0,login,,,,1,Suspicious login hour
DTAA/CLB0995,PC-4445,2010-06-10 02:51:00,2.0,login,,,,1,Suspicious login hour
DTAA/JCC0998,PC-1761,2010-06-10 03:06:00,3.0,login,,,,1,Suspicious login hour
DTAA/DSM0990,PC-0057,2010-06-10 03:08:00,3.0,login,,,,1,Suspicious login hour
DTAA/CLB0995,PC-3676,2010-06-10 03:16:00,3.0,login,,,,1,Suspicious login hour
DTAA/NDM0893,PC-0322,2010-06-10 03:18:00,3.0,login,,,,1,Suspicious login hour
DTAA/WOT0549,PC-0304,2010-06-10 03:20:00,3.0,login,,,,1,Suspicious login hour
DTAA/CLB0995,PC-4445,2010-06-10 03:32:00,3.0,login,,,,1,Suspicious login hour
DTAA/DSM0990,PC-0057,2010-06-10 03:34:00,3.0,login,,,,1,Suspicious login hour
DTAA/CRC0996,PC-3698,2010-06-10 03:45:00,3.0,login,,,,1,Suspicious login hour
DTAA/JCC0998,PC-1761,2010-06-10 03:49:00,3.0,login,,,,1,Suspicious login hour
DTAA/CLB0995,PC-3676,2010-06-10 03:57:00,3.0,login,,,,1,Suspicious login hour
DTAA/JCC0998,PC-0750,2010-06-10 04:11:00,4.0,login,,,,1,Suspicious login hour
DTAA/CRC0996,PC-3698,2010-06-10 04:17:00,4.0,login,,,,1,Suspicious login hour
DTAA/JCC0998,PC-0750,2010-06-10 04:24:00,4.0,login,,,,1,Suspicious login hour
DTAA/BJM0992,PC-4252,2010-06-10 04:24:00,4.0,login,,,,1,Suspicious login hour
DTAA/JCS0873,PC-1560,2010-06-10 04:28:00,4.0,login,,,,1,Suspicious login hour
DTAA/CRC0996,PC-0011,2010-06-10 04:28:00,4.0,login,,,,1,Suspicious login hour
DTAA/BTW0973,PC-4462,2010-06-10 04:32:00,4.0,login,,,,1,Suspicious login hour
DTAA/AJA0220,PC-3872,2010-06-10 04:49:00,4.0,login,,,,1,Suspicious login hour
DTAA/BJM0992,PC-4252,2010-06-10 04:56:00,4.0,login,,,,1,Suspicious login hour
DTAA/CRC0996,PC-0011,2010-06-10 05:09:00,5.0,login,,,,1,Suspicious login hour
DTAA/AJA0220,PC-3872,2010-06-10 05:22:00,5.0,login,,,,1,Suspicious login hour
DTAA/MCF0427,PC-3754,2010-06-10 05:56:00,5.0,login,,,,1,Suspicious login hour
DTAA/CGM0994,PC-2149,2010-06-10 21:01:00,21.0,login,,,,1,Suspicious login hour
DTAA/ARC0677,PC-0465,2010-06-10 21:02:00,21.0,login,,,,1,Suspicious login hour
DTAA/ODW0839,PC-1940,2010-06-10 21:05:00,21.0,login,,,,1,Suspicious login hour
DTAA/VAH0262,PC-1398,2010-06-10 21:12:00,21.0,login,,,,1,Suspicious login hour
DTAA/KEE0997,PC-1374,2010-06-10 21:13:00,21.0,login,,,,1,Suspicious login hour
DTAA/NAT0252,PC-1796,2010-06-10 21:17:00,21.0,login,,,,1,Suspicious login hour
DTAA/SKL0881,PC-1581,2010-06-10 21:21:00,21.0,login,,,,1,Suspicious login hour
DTAA/CGM0994,PC-2149,2010-06-10 21:25:00,21.0,login,,,,1,Suspicious login hour
DTAA/AGW0182,PC-4531,2010-06-10 21:30:00,21.0,login,,,,1,Suspicious login hour
DTAA/NDS0490,PC-2549,2010-06-10 21:32:00,21.0,login,,,,1,Suspicious login hour
DTAA/JCC0998,PC-2520,2010-06-10 21:44:00,21.0,login,,,,1,Suspicious login hour
DTAA/AGW0182,PC-4531,2010-06-10 21:46:00,21.0,login,,,,1,Suspicious login hour
DTAA/NHH0566,PC-1651,2010-06-10 21:49:00,21.0,login,,,,1,Suspicious login hour
DTAA/JCC0998,PC-2520,2010-06-10 21:50:00,21.0,login,,,,1,Suspicious login hour
DTAA/ARS0993,PC-2902,2010-06-10 22:03:00,22.0,login,,,,1,Suspicious login hour
DTAA/ARS0993,PC-0184,2010-06-10 22:06:00,22.0,login,,,,1,Suspicious login hour
DTAA/CRC0996,PC-4479,2010-06-10 22:11:00,22.0,login,,,,1,Suspicious login hour
DTAA/CMF0339,PC-1939,2010-06-10 22:11:00,22.0,login,,,,1,Suspicious login hour
DTAA/ASO0023,PC-3990,2010-06-10 22:22:00,22.0,login,,,,1,Suspicious login hour
DTAA/CRC0996,PC-4479,2010-06-10 22:36:00,22.0,login,,,,1,Suspicious login hour
DTAA/ARS0993,PC-2902,2010-06-10 22:38:00,22.0,login,,,,1,Suspicious login hour
DTAA/ARS0993,PC-0184,2010-06-10 22:40:00,22.0,login,,,,1,Suspicious login hour
DTAA/CLN0999,PC-1331,2010-06-10 23:10:00,23.0,login,,,,1,Suspicious login hour
DTAA/STF0145,PC-0191,2010-06-10 23:15:00,23.0,login,,,,1,Suspicious login hour
DTAA/JCC0998,PC-3657,2010-06-10 23:23:00,23.0,login,,,,1,Suspicious login hour
DTAA/CLN0999,PC-1331,2010-06-10 23:25:00,23.0,login,,,,1,Suspicious login hour
DTAA/JCC0998,PC-3657,2010-06-10 23:37:00,23.0,login,,,,1,Suspicious login hour
DTAA/CLB0995,PC-0010,2010-06-10 23:47:00,23.0,login,,,,1,Suspicious login hour
DTAA/CLB0995,PC-0010,2010-06-10 23:53:00,23.0,login,,,,1,Suspicious login hour
DTAA/ARS0993,PC-0593,2010-06-10 23:55:00,23.0,login,,,,1,Suspicious login hour
DTAA/ARS0993,PC-0593,2010-06-10 23:58:00,23.0,login,,,,1,Suspicious login hour
DTAA/CLB0995,PC-4462,2010-06-11 00:32:00,0.0,login,,,,1,Suspicious login hour
DTAA/CLN0999,PC-0869,2010-06-11 00:41:00,0.0,login,,,,1,Suspicious login hour
DTAA/DSM0990,PC-3338,2010-06-11 00:49:00,0.0,login,,,,1,Suspicious login hour
DTAA/DSM0990,PC-3338,2010-06-11 00:54:00,0.0,login,,,,1,Suspicious login hour
DTAA/PJL0320,PC-1233,2010-06-11 01:00:00,1.0,login,,,,1,Suspicious login hour
DTAA/JTT0989,PC-4600,2010-06-11 01:08:00,1.0,login,,,,1,Suspicious login hour
DTAA/COS0121,PC-0462,2010-06-11 01:10:00,1.0,login,,,,1,Suspicious login hour
DTAA/DIS0382,PC-2501,2010-06-11 01:11:00,1.0,login,,,,1,Suspicious login hour
DTAA/CLB0995,PC-4462,2010-06-11 01:17:00,1.0,login,,,,1,Suspicious login hour
DTAA/CLN0999,PC-0869,2010-06-11 01:18:00,1.0,login,,,,1,Suspicious login hour
DTAA/BJM0992,PC-3366,2010-06-11 01:20:00,1.0,login,,,,1,Suspicious login hour
DTAA/IRC0991,PC-3293,2010-06-11 01:28:00,1.0,login,,,,1,Suspicious login hour
DTAA/DFZ0063,PC-4442,2010-06-11 01:28:00,1.0,login,,,,1,Suspicious login hour
DTAA/KEE0997,PC-2460,2010-06-11 01:30:00,1.0,login,,,,1,Suspicious login hour
DTAA/KEE0997,PC-2460,2010-06-11 01:31:00,1.0,login,,,,1,Suspicious login hour
DTAA/BJM0992,PC-3366,2010-06-11 01:35:00,1.0,login,,,,1,Suspicious login hour
DTAA/CLB0995,PC-4270,2010-06-11 01:40:00,1.0,login,,,,1,Suspicious login hour
DTAA/JTT0989,PC-4600,2010-06-11 01:46:00,1.0,login,,,,1,Suspicious login hour
DTAA/CLB0995,PC-4270,2010-06-11 01:46:00,1.0,login,,,,1,Suspicious login hour
DTAA/IKH0904,PC-3664,2010-06-11 01:57:00,1.0,login,,,,1,Suspicious login hour
DTAA/IRC0991,PC-3293,2010-06-11 02:08:00,2.0,login,,,,1,Suspicious login hour
DTAA/CLN0999,PC-4952,2010-06-11 02:33:00,2.0,login,,,,1,Suspicious login hour
DTAA/IRC0991,PC-1203,2010-06-11 02:34:00,2.0,login,,,,1,Suspicious login hour
DTAA/DFZ0063,PC-4442,2010-06-11 02:35:00,2.0,login,,,,1,Suspicious login hour
DTAA/CLN0999,PC-4952,2010-06-11 02:37:00,2.0,login,,,,1,Suspicious login hour
DTAA/JTT0989,PC-0820,2010-06-11 02:37:00,2.0,login,,,,1,Suspicious login hour
DTAA/IRC0991,PC-1203,2010-06-11 02:41:00,2.0,login,,,,1,Suspicious login hour
DTAA/JTT0989,PC-0820,2010-06-11 02:43:00,2.0,login,,,,1,Suspicious login hour
DTAA/CRC0996,PC-3949,2010-06-11 02:49:00,2.0,login,,,,1,Suspicious login hour
DTAA/IRC0991,PC-0500,2010-06-11 02:51:00,2.0,login,,,,1,Suspicious login hour
DTAA/CTH0856,PC-4677,2010-06-11 02:59:00,2.0,login,,,,1,Suspicious login hour
DTAA/IRC0991,PC-0500,2010-06-11 03:03:00,3.0,login,,,,1,Suspicious login hour
DTAA/JCC0998,PC-3476,2010-06-11 03:24:00,3.0,login,,,,1,Suspicious login hour
DTAA/CRC0996,PC-3949,2010-06-11 03:31:00,3.0,login,,,,1,Suspicious login hour
DTAA/BJM0992,PC-2333,2010-06-11 03:31:00,3.0,login,,,,1,Suspicious login hour
DTAA/JCC0998,PC-3476,2010-06-11 03:46:00,3.0,login,,,,1,Suspicious login hour
DTAA/CMF0339,PC-1939,2010-06-11 03:52:00,3.0,login,,,,1,Suspicious login hour
DTAA/JLL0301,PC-0807,2010-06-11 03:54:00,3.0,login,,,,1,Suspicious login hour
DTAA/CLN0999,PC-1717,2010-06-11 03:57:00,3.0,login,,,,1,Suspicious login hour
DTAA/CLN0999,PC-1717,2010-06-11 03:58:00,3.0,login,,,,1,Suspicious login hour
DTAA/DIS0382,PC-2501,2010-06-11 04:01:00,4.0,login,,,,1,Suspicious login hour
DTAA/BJM0992,PC-2333,2010-06-11 04:15:00,4.0,login,,,,1,Suspicious login hour
DTAA/CGM0994,PC-0799,2010-06-11 04:18:00,4.0,login,,,,1,Suspicious login hour
DTAA/CGM0994,PC-0799,2010-06-11 04:22:00,4.0,login,,,,1,Suspicious login hour
DTAA/STF0145,PC-0191,2010-06-11 04:30:00,4.0,login,,,,1,Suspicious login hour
DTAA/CRC0996,PC-3425,2010-06-11 04:33:00,4.0,login,,,,1,Suspicious login hour
DTAA/CRC0996,PC-3425,2010-06-11 04:36:00,4.0,login,,,,1,Suspicious login hour
DTAA/PCM0846,PC-1898,2010-06-11 04:50:00,4.0,login,,,,1,Suspicious login hour
DTAA/NDS0490,PC-2549,2010-06-11 04:55:00,4.0,login,,,,1,Suspicious login hour
DTAA/SHR0025,PC-0288,2010-06-11 05:06:00,5.0,login,,,,1,Suspicious login hour
DTAA/JCC0998,PC-1857,2010-06-11 05:13:00,5.0,login,,,,1,Suspicious login hour
DTAA/SHR0025,PC-0288,2010-06-11 05:18:00,5.0,login,,,,1,Suspicious login hour
DTAA/PCM0846,PC-1898,2010-06-11 05:30:00,5.0,login,,,,1,Suspicious login hour
DTAA/PJL0320,PC-1233,2010-06-11 05:44:00,5.0,login,,,,1,Suspicious login hour
DTAA/ELD1000,PC-2005,2010-06-11 05:50:00,5.0,login,,,,1,Suspicious login hour
DTAA/JCC0998,PC-1857,2010-06-11 05:55:00,5.0,login,,,,1,Suspicious login hour
DTAA/ODW0839,PC-1940,2010-06-11 21:04:00,21.0,login,,,,1,Suspicious login hour
DTAA/ARC0677,PC-0465,2010-06-11 21:07:00,21.0,login,,,,1,Suspicious login hour
DTAA/VAH0262,PC-1398,2010-06-11 21:12:00,21.0,login,,,,1,Suspicious login hour
DTAA/NAT0252,PC-1796,2010-06-11 21:14:00,21.0,login,,,,1,Suspicious login hour
DTAA/SKL0881,PC-1581,2010-06-11 21:19:00,21.0,login,,,,1,Suspicious login hour
DTAA/IRC0991,PC-4305,2010-06-11 21:28:00,21.0,login,,,,1,Suspicious login hour
DTAA/NDS0490,PC-2549,2010-06-11 21:32:00,21.0,login,,,,1,Suspicious login hour
DTAA/JMM0759,PC-3490,2010-06-11 21:40:00,21.0,login,,,,1,Suspicious login hour
DTAA/CGM0994,PC-1120,2010-06-11 21:41:00,21.0,login,,,,1,Suspicious login hour
DTAA/ARS0993,PC-0209,2010-06-11 21:41:00,21.0,login,,,,1,Suspicious login hour
DTAA/ARS0993,PC-0209,2010-06-11 22:00:00,22.0,login,,,,1,Suspicious login hour
DTAA/CGM0994,PC-1120,2010-06-11 22:01:00,22.0,login,,,,1,Suspicious login hour
DTAA/RBY0065,PC-2214,2010-06-11 22:19:00,22.0,login,,,,1,Suspicious login hour
DTAA/JTT0989,PC-3109,2010-06-11 23:13:00,23.0,login,,,,1,Suspicious login hour
DTAA/JCC0998,PC-2396,2010-06-11 23:14:00,23.0,login,,,,1,Suspicious login hour
DTAA/ELD1000,PC-2613,2010-06-11 23:15:00,23.0,login,,,,1,Suspicious login hour
DTAA/JTT0989,PC-3109,2010-06-11 23:25:00,23.0,login,,,,1,Suspicious login hour
DTAA/SDC0032,PC-3081,2010-06-11 23:26:00,23.0,login,,,,1,Suspicious login hour
DTAA/MSV0506,PC-3240,2010-06-11 23:27:00,23.0,login,,,,1,Suspicious login hour
DTAA/ELD1000,PC-2613,2010-06-11 23:27:00,23.0,login,,,,1,Suspicious login hour
DTAA/SJH0588,PC-2512,2010-06-11 23:41:00,23.0,login,,,,1,Suspicious login hour
DTAA/MSV0506,PC-3240,2010-06-11 23:53:00,23.0,login,,,,1,Suspicious login hour
DTAA/JCC0998,PC-2396,2010-06-11 23:57:00,23.0,login,,,,1,Suspicious login hour
DTAA/CTH0082,PC-4582,2010-06-12 00:09:00,0.0,login,,,,1,Suspicious login hour
DTAA/JGC0775,PC-2680,2010-06-12 00:55:00,0.0,login,,,,1,Suspicious login hour
DTAA/JGC0775,PC-2680,2010-06-12 01:06:00,1.0,login,,,,1,Suspicious login hour
DTAA/CTH0082,PC-4582,2010-06-12 01:08:00,1.0,login,,,,1,Suspicious login hour
DTAA/SJH0588,PC-2512,2010-06-12 01:12:00,1.0,login,,,,1,Suspicious login hour
DTAA/FKR0550,PC-2469,2010-06-12 01:52:00,1.0,login,,,,1,Suspicious login hour
DTAA/SAP0304,PC-1331,2010-06-12 01:57:00,1.0,login,,,,1,Suspicious login hour
DTAA/JMM0759,PC-3490,2010-06-12 02:21:00,2.0,login,,,,1,Suspicious login hour
DTAA/RAH0968,PC-3119,2010-06-12 02:43:00,2.0,login,,,,1,Suspicious login hour
DTAA/DDK0417,PC-0980,2010-06-12 03:13:00,3.0,login,,,,1,Suspicious login hour
DTAA/SDC0032,PC-3081,2010-06-12 03:25:00,3.0,login,,,,1,Suspicious login hour
DTAA/SAP0304,PC-1331,2010-06-12 04:35:00,4.0,login,,,,1,Suspicious login hour
DTAA/HCG0731,PC-4643,2010-06-12 04:49:00,4.0,login,,,,1,Suspicious login hour
DTAA/RBY0065,PC-2214,2010-06-12 04:56:00,4.0,login,,,,1,Suspicious login hour
DTAA/FKR0550,PC-2469,2010-06-12 04:58:00,4.0,login,,,,1,Suspicious login hour
DTAA/DDK0417,PC-0980,2010-06-12 05:26:00,5.0,login,,,,1,Suspicious login hour
DTAA/HCG0731,PC-4643,2010-06-12 05:32:00,5.0,login,,,,1,Suspicious login hour
DTAA/CGM0994,PC-2332,2010-07-01 00:10:00,0.0,login,,,,1,Suspicious login hour
DTAA/BJM0992,PC-3284,2010-07-01 00:14:00,0.0,login,,,,1,Suspicious login hour
DTAA/BJM0992,PC-3284,2010-07-01 00:17:00,0.0,login,,,,1,Suspicious login hour
DTAA/IKH0904,PC-3664,2010-07-01 00:52:00,0.0,login,,,,1,Suspicious login hour
DTAA/CGM0994,PC-0174,2010-07-01 00:58:00,0.0,login,,,,1,Suspicious login hour
DTAA/MCH0530,PC-4577,2010-07-01 01:01:00,1.0,login,,,,1,Suspicious login hour
DTAA/CGM0994,PC-0174,2010-07-01 01:20:00,1.0,login,,,,1,Suspicious login hour
DTAA/BJM0992,PC-1655,2010-07-01 02:20:00,2.0,login,,,,1,Suspicious login hour
DTAA/NDM0893,PC-0322,2010-07-01 02:21:00,2.0,login,,,,1,Suspicious login hour
DTAA/KEE0997,PC-2520,2010-07-01 02:38:00,2.0,login,,,,1,Suspicious login hour
DTAA/TKH0211,PC-0719,2010-07-01 02:41:00,2.0,login,,,,1,Suspicious login hour
DTAA/CLN0999,PC-0146,2010-07-01 02:41:00,2.0,login,,,,1,Suspicious login hour
DTAA/BJM0992,PC-1655,2010-07-01 02:44:00,2.0,login,,,,1,Suspicious login hour
DTAA/CLN0999,PC-0146,2010-07-01 02:48:00,2.0,login,,,,1,Suspicious login hour
DTAA/WOT0549,PC-0304,2010-07-01 02:50:00,2.0,login,,,,1,Suspicious login hour
DTAA/KEE0997,PC-2520,2010-07-01 03:02:00,3.0,login,,,,1,Suspicious login hour
DTAA/IRC0991,PC-0457,2010-07-01 03:03:00,3.0,login,,,,1,Suspicious login hour
DTAA/CRC0996,PC-4499,2010-07-01 03:19:00,3.0,login,,,,1,Suspicious login hour
DTAA/BJM0992,PC-1877,2010-07-01 03:21:00,3.0,login,,,,1,Suspicious login hour
DTAA/CRC0996,PC-4499,2010-07-01 03:31:00,3.0,login,,,,1,Suspicious login hour
DTAA/IRC0991,PC-0457,2010-07-01 03:32:00,3.0,login,,,,1,Suspicious login hour
DTAA/ASO0023,PC-3990,2010-07-01 03:39:00,3.0,login,,,,1,Suspicious login hour
DTAA/CRC0996,PC-1458,2010-07-01 03:41:00,3.0,login,,,,1,Suspicious login hour
DTAA/CGM0994,PC-0726,2010-07-01 03:54:00,3.0,login,,,,1,Suspicious login hour
DTAA/BJM0992,PC-1877,2010-07-01 04:01:00,4.0,login,,,,1,Suspicious login hour
DTAA/ASO0023,PC-3990,2010-07-01 04:04:00,4.0,login,,,,1,Suspicious login hour
DTAA/CGM0994,PC-0726,2010-07-01 04:16:00,4.0,login,,,,1,Suspicious login hour
DTAA/CRC0996,PC-1458,2010-07-01 04:18:00,4.0,login,,,,1,Suspicious login hour
DTAA/STF0145,PC-0191,2010-07-01 04:29:00,4.0,login,,,,1,Suspicious login hour
DTAA/NDM0893,PC-0322,2010-07-01 04:45:00,4.0,login,,,,1,Suspicious login hour
DTAA/KEE0997,PC-1331,2010-07-01 04:46:00,4.0,login,,,,1,Suspicious login hour
DTAA/BIR0534,PC-1834,2010-07-01 04:48:00,4.0,login,,,,1,Suspicious login hour
DTAA/RBC0879,PC-1261,2010-07-01 04:50:00,4.0,login,,,,1,Suspicious login hour
DTAA/DSM0990,PC-2333,2010-07-01 04:52:00,4.0,login,,,,1,Suspicious login hour
DTAA/KEE0997,PC-1331,2010-07-01 05:03:00,5.0,login,,,,1,Suspicious login hour
DTAA/CMF0339,PC-1939,2010-07-01 05:04:00,5.0,login,,,,1,Suspicious login hour
DTAA/AJA0220,PC-3872,2010-07-01 05:05:00,5.0,login,,,,1,Suspicious login hour
DTAA/DFZ0063,PC-4442,2010-07-01 05:09:00,5.0,login,,,,1,Suspicious login hour
DTAA/TKH0211,PC-0719,2010-07-01 05:14:00,5.0,login,,,,1,Suspicious login hour
DTAA/DSM0990,PC-2333,2010-07-01 05:21:00,5.0,login,,,,1,Suspicious login hour
DTAA/CMF0339,PC-1939,2010-07-01 05:26:00,5.0,login,,,,1,Suspicious login hour
DTAA/BTW0973,PC-4462,2010-07-01 05:37:00,5.0,login,,,,1,Suspicious login hour
DTAA/AFO0022,PC-2218,2010-07-01 05:39:00,5.0,login,,,,1,Suspicious login hour
DTAA/RBC0879,PC-1261,2010-07-01 05:45:00,5.0,login,,,,1,Suspicious login hour
DTAA/CGM0994,PC-0820,2010-07-01 05:51:00,5.0,login,,,,1,Suspicious login hour
DTAA/CRC0996,PC-2809,2010-07-01 05:55:00,5.0,login,,,,1,Suspicious login hour
DTAA/DSM0990,PC-1120,2010-07-01 05:59:00,5.0,login,,,,1,Suspicious login hour
DTAA/ARC0677,PC-0465,2010-07-01 21:02:00,21.0,login,,,,1,Suspicious login hour
DTAA/JCC0998,PC-3049,2010-07-01 21:03:00,21.0,login,,,,1,Suspicious login hour
DTAA/ODW0839,PC-1940,2010-07-01 21:09:00,21.0,login,,,,1,Suspicious login hour
DTAA/VAH0262,PC-1398,2010-07-01 21:10:00,21.0,login,,,,1,Suspicious login hour
DTAA/SKL0881,PC-1581,2010-07-01 21:10:00,21.0,login,,,,1,Suspicious login hour
DTAA/KEE0997,PC-2166,2010-07-01 21:12:00,21.0,login,,,,1,Suspicious login hour
DTAA/NAT0252,PC-1796,2010-07-01 21:14:00,21.0,login,,,,1,Suspicious login hour
DTAA/FKR0550,PC-2469,2010-07-01 21:15:00,21.0,login,,,,1,Suspicious login hour
DTAA/BJM0992,PC-4757,2010-07-01 21:20:00,21.0,login,,,,1,Suspicious login hour
DTAA/KEE0997,PC-3363,2010-07-01 21:22:00,21.0,login,,,,1,Suspicious login hour
DTAA/NDS0490,PC-2549,2010-07-01 21:29:00,21.0,login,,,,1,Suspicious login hour
DTAA/ARS0993,PC-2121,2010-07-01 21:29:00,21.0,login,,,,1,Suspicious login hour
DTAA/CLN0999,PC-0847,2010-07-01 21:30:00,21.0,login,,,,1,Suspicious login hour
DTAA/JTT0989,PC-2840,2010-07-01 21:34:00,21.0,login,,,,1,Suspicious login hour
DTAA/ARS0993,PC-2121,2010-07-01 21:36:00,21.0,login,,,,1,Suspicious login hour
DTAA/KEE0997,PC-2166,2010-07-01 21:44:00,21.0,login,,,,1,Suspicious login hour
DTAA/PJL0320,PC-1233,2010-07-01 21:46:00,21.0,login,,,,1,Suspicious login hour
DTAA/PJL0320,PC-1233,2010-07-01 21:51:00,21.0,login,,,,1,Suspicious login hour
DTAA/KEE0997,PC-3363,2010-07-01 21:52:00,21.0,login,,,,1,Suspicious login hour
DTAA/CLN0999,PC-0847,2010-07-01 21:57:00,21.0,login,,,,1,Suspicious login hour
DTAA/DIS0382,PC-2501,2010-07-01 22:13:00,22.0,login,,,,1,Suspicious login hour
DTAA/ARS0993,PC-3462,2010-07-01 22:15:00,22.0,login,,,,1,Suspicious login hour
DTAA/ARS0993,PC-3462,2010-07-01 22:30:00,22.0,login,,,,1,Suspicious login hour
DTAA/FKR0550,PC-2469,2010-07-01 22:39:00,22.0,login,,,,1,Suspicious login hour
DTAA/ARS0993,PC-3489,2010-07-01 23:10:00,23.0,login,,,,1,Suspicious login hour
DTAA/SHR0025,PC-0288,2010-07-01 23:21:00,23.0,login,,,,1,Suspicious login hour
DTAA/ARS0993,PC-3338,2010-07-01 23:23:00,23.0,login,,,,1,Suspicious login hour
DTAA/ARS0993,PC-3489,2010-07-01 23:33:00,23.0,login,,,,1,Suspicious login hour
DTAA/ARS0993,PC-3338,2010-07-01 23:51:00,23.0,login,,,,1,Suspicious login hour
DTAA/KEE0997,PC-1057,2010-07-01 23:53:00,23.0,login,,,,1,Suspicious login hour
DTAA/BJM0992,PC-4606,2010-07-01 23:59:00,23.0,login,,,,1,Suspicious login hour
DTAA/KEE0997,PC-1057,2010-07-02 00:03:00,0.0,login,,,,1,Suspicious login hour
DTAA/JCC0998,PC-1345,2010-07-02 00:12:00,0.0,login,,,,1,Suspicious login hour
DTAA/CGM0994,PC-3302,2010-07-02 00:18:00,0.0,login,,,,1,Suspicious login hour
DTAA/BJM0992,PC-4606,2010-07-02 00:23:00,0.0,login,,,,1,Suspicious login hour
DTAA/KEE0997,PC-0805,2010-07-02 00:23:00,0.0,login,,,,1,Suspicious login hour
DTAA/DSM0990,PC-1303,2010-07-02 00:28:00,0.0,login,,,,1,Suspicious login hour
DTAA/JCC0998,PC-1345,2010-07-02 00:33:00,0.0,login,,,,1,Suspicious login hour
DTAA/ELD1000,PC-4682,2010-07-02 00:39:00,0.0,login,,,,1,Suspicious login hour
DTAA/CGM0994,PC-3302,2010-07-02 00:43:00,0.0,login,,,,1,Suspicious login hour
DTAA/JLL0301,PC-0807,2010-07-02 00:47:00,0.0,login,,,,1,Suspicious login hour
DTAA/DSM0990,PC-1303,2010-07-02 00:53:00,0.0,login,,,,1,Suspicious login hour
DTAA/CGM0994,PC-0081,2010-07-02 00:56:00,0.0,login,,,,1,Suspicious login hour
DTAA/KEE0997,PC-0805,2010-07-02 01:01:00,1.0,login,,,,1,Suspicious login hour
DTAA/JGC0775,PC-2680,2010-07-02 01:04:00,1.0,login,,,,1,Suspicious login hour
DTAA/JCC0998,PC-3185,2010-07-02 01:05:00,1.0,login,,,,1,Suspicious login hour
DTAA/CGM0994,PC-0081,2010-07-02 01:11:00,1.0,login,,,,1,Suspicious login hour
DTAA/ELD1000,PC-1203,2010-07-02 01:13:00,1.0,login,,,,1,Suspicious login hour
DTAA/JCC0998,PC-3185,2010-07-02 01:17:00,1.0,login,,,,1,Suspicious login hour
DTAA/ELD1000,PC-4682,2010-07-02 01:21:00,1.0,login,,,,1,Suspicious login hour
DTAA/CRC0996,PC-0131,2010-07-02 01:27:00,1.0,login,,,,1,Suspicious login hour
DTAA/ELD1000,PC-1203,2010-07-02 01:33:00,1.0,login,,,,1,Suspicious login hour
DTAA/COS0121,PC-0462,2010-07-02 01:38:00,1.0,login,,,,1,Suspicious login hour
DTAA/JCC0998,PC-4319,2010-07-02 01:53:00,1.0,login,,,,1,Suspicious login hour
DTAA/KEE0997,PC-3656,2010-07-02 01:57:00,1.0,login,,,,1,Suspicious login hour
DTAA/JCC0998,PC-4319,2010-07-02 02:00:00,2.0,login,,,,1,Suspicious login hour
DTAA/KEE0997,PC-3656,2010-07-02 02:06:00,2.0,login,,,,1,Suspicious login hour
DTAA/CRC0996,PC-0131,2010-07-02 02:11:00,2.0,login,,,,1,Suspicious login hour
DTAA/ELD1000,PC-2753,2010-07-02 02:15:00,2.0,login,,,,1,Suspicious login hour
DTAA/DIS0382,PC-2501,2010-07-02 02:16:00,2.0,login,,,,1,Suspicious login hour
DTAA/JCC0998,PC-0313,2010-07-02 02:25:00,2.0,login,,,,1,Suspicious login hour
DTAA/ELD1000,PC-2753,2010-07-02 02:35:00,2.0,login,,,,1,Suspicious login hour
DTAA/CRC0996,PC-3344,2010-07-02 03:04:00,3.0,login,,,,1,Suspicious login hour
DTAA/JCC0998,PC-0313,2010-07-02 03:07:00,3.0,login,,,,1,Suspicious login hour
DTAA/AGW0182,PC-4531,2010-07-02 03:36:00,3.0,login,,,,1,Suspicious login hour
DTAA/JGC0775,PC-2680,2010-07-02 03:44:00,3.0,login,,,,1,Suspicious login hour
DTAA/COS0121,PC-0462,2010-07-02 03:44:00,3.0,login,,,,1,Suspicious login hour
DTAA/CTH0856,PC-4677,2010-07-02 03:47:00,3.0,login,,,,1,Suspicious login hour
DTAA/CRC0996,PC-3344,2010-07-02 03:48:00,3.0,login,,,,1,Suspicious login hour
DTAA/CLB0995,PC-2049,2010-07-02 04:06:00,4.0,login,,,,1,Suspicious login hour
DTAA/CLB0995,PC-2049,2010-07-02 04:37:00,4.0,login,,,,1,Suspicious login hour
DTAA/ELD1000,PC-2052,2010-07-02 04:41:00,4.0,login,,,,1,Suspicious login hour
DTAA/CLN0999,PC-0530,2010-07-02 04:42:00,4.0,login,,,,1,Suspicious login hour
DTAA/CLN0999,PC-0530,2010-07-02 04:54:00,4.0,login,,,,1,Suspicious login hour
DTAA/CTH0856,PC-4677,2010-07-02 04:55:00,4.0,login,,,,1,Suspicious login hour
DTAA/SHR0025,PC-0288,2010-07-02 04:59:00,4.0,login,,,,1,Suspicious login hour
DTAA/ELD1000,PC-2052,2010-07-02 05:13:00,5.0,login,,,,1,Suspicious login hour
DTAA/PCM0846,PC-1898,2010-07-02 05:22:00,5.0,login,,,,1,Suspicious login hour
DTAA/DSM0990,PC-4681,2010-07-02 05:23:00,5.0,login,,,,1,Suspicious login hour
DTAA/ELD1000,PC-0310,2010-07-02 05:24:00,5.0,login,,,,1,Suspicious login hour
DTAA/CGM0994,PC-0544,2010-07-02 05:53:00,5.0,login,,,,1,Suspicious login hour
DTAA/DSM0990,PC-4296,2010-07-02 05:54:00,5.0,login,,,,1,Suspicious login hour
DTAA/SKL0881,PC-1581,2010-07-02 21:12:00,21.0,login,,,,1,Suspicious login hour
DTAA/VAH0262,PC-1398,2010-07-02 21:12:00,21.0,login,,,,1,Suspicious login hour
DTAA/DSM0990,PC-4983,2010-07-02 21:16:00,21.0,login,,,,1,Suspicious login hour
DTAA/DSM0990,PC-4983,2010-07-02 21:21:00,21.0,login,,,,1,Suspicious login hour
DTAA/NAT0252,PC-1796,2010-07-02 21:22:00,21.0,login,,,,1,Suspicious login hour
DTAA/KEE0997,PC-3366,2010-07-02 21:29:00,21.0,login,,,,1,Suspicious login hour
DTAA/NDS0490,PC-2549,2010-07-02 21:37:00,21.0,login,,,,1,Suspicious login hour
DTAA/DSM0990,PC-3165,2010-07-02 21:45:00,21.0,login,,,,1,Suspicious login hour
DTAA/ARS0993,PC-2106,2010-07-02 21:49:00,21.0,login,,,,1,Suspicious login hour
DTAA/CGM0994,PC-0590,2010-07-02 21:59:00,21.0,login,,,,1,Suspicious login hour
DTAA/CGM0994,PC-0590,2010-07-02 22:24:00,22.0,login,,,,1,Suspicious login hour
DTAA/DSM0990,PC-3165,2010-07-02 22:26:00,22.0,login,,,,1,Suspicious login hour
DTAA/CLB0995,PC-1436,2010-07-02 22:31:00,22.0,login,,,,1,Suspicious login hour
DTAA/ARS0993,PC-2106,2010-07-02 22:34:00,22.0,login,,,,1,Suspicious login hour
DTAA/CSR0189,PC-3494,2010-07-02 22:43:00,22.0,login,,,,1,Suspicious login hour
DTAA/KEE0997,PC-3713,2010-07-02 22:45:00,22.0,login,,,,1,Suspicious login hour
DTAA/IRC0991,PC-0209,2010-07-02 23:01:00,23.0,login,,,,1,Suspicious login hour
DTAA/ARS0993,PC-1857,2010-07-02 23:07:00,23.0,login,,,,1,Suspicious login hour
DTAA/CRC0996,PC-2847,2010-07-02 23:09:00,23.0,login,,,,1,Suspicious login hour
DTAA/CLB0995,PC-1436,2010-07-02 23:14:00,23.0,login,,,,1,Suspicious login hour
DTAA/SAP0304,PC-1331,2010-07-02 23:15:00,23.0,login,,,,1,Suspicious login hour
DTAA/IRC0991,PC-0209,2010-07-02 23:20:00,23.0,login,,,,1,Suspicious login hour
DTAA/JCC0998,PC-2979,2010-07-02 23:21:00,23.0,login,,,,1,Suspicious login hour
DTAA/KEE0997,PC-3713,2010-07-02 23:22:00,23.0,login,,,,1,Suspicious login hour
DTAA/CRC0996,PC-2033,2010-07-02 23:26:00,23.0,login,,,,1,Suspicious login hour
DTAA/ELD1000,PC-3476,2010-07-02 23:30:00,23.0,login,,,,1,Suspicious login hour
DTAA/JMM0759,PC-3490,2010-07-02 23:41:00,23.0,login,,,,1,Suspicious login hour
DTAA/ARS0993,PC-1857,2010-07-02 23:49:00,23.0,login,,,,1,Suspicious login hour
DTAA/CRC0996,PC-2847,2010-07-02 23:50:00,23.0,login,,,,1,Suspicious login hour
DTAA/JCC0998,PC-2979,2010-07-02 23:50:00,23.0,login,,,,1,Suspicious login hour
DTAA/AIB0797,PC-4147,2010-07-02 23:54:00,23.0,login,,,,1,Suspicious login hour
DTAA/CRC0996,PC-2033,2010-07-02 23:54:00,23.0,login,,,,1,Suspicious login hour
DTAA/ELD1000,PC-3476,2010-07-03 00:10:00,0.0,login,,,,1,Suspicious login hour
DTAA/DDK0417,PC-0980,2010-07-03 00:18:00,0.0,login,,,,1,Suspicious login hour
DTAA/MSV0506,PC-3240,2010-07-03 00:26:00,0.0,login,,,,1,Suspicious login hour
DTAA/ZAB0889,PC-2844,2010-07-03 00:45:00,0.0,login,,,,1,Suspicious login hour
DTAA/AIB0797,PC-4147,2010-07-03 00:53:00,0.0,login,,,,1,Suspicious login hour
DTAA/SAP0304,PC-1331,2010-07-03 01:33:00,1.0,login,,,,1,Suspicious login hour
DTAA/MSV0506,PC-3240,2010-07-03 01:38:00,1.0,login,,,,1,Suspicious login hour
DTAA/MVW0630,PC-2005,2010-07-03 01:41:00,1.0,login,,,,1,Suspicious login hour
DTAA/RAH0968,PC-3119,2010-07-03 02:09:00,2.0,login,,,,1,Suspicious login hour
DTAA/RAH0968,PC-3119,2010-07-03 02:15:00,2.0,login,,,,1,Suspicious login hour
DTAA/CDZ0056,PC-4052,2010-07-03 02:47:00,2.0,login,,,,1,Suspicious login hour
DTAA/HCG0731,PC-4643,2010-07-03 03:32:00,3.0,login,,,,1,Suspicious login hour
DTAA/CTH0082,PC-4582,2010-07-03 04:05:00,4.0,login,,,,1,Suspicious login hour
DTAA/CDZ0056,PC-4052,2010-07-03 04:12:00,4.0,login,,,,1,Suspicious login hour
DTAA/SJH0588,PC-2512,2010-07-03 04:27:00,4.0,login,,,,1,Suspicious login hour
DTAA/CTH0082,PC-4582,2010-07-03 04:29:00,4.0,login,,,,1,Suspicious login hour
DTAA/DDK0417,PC-0980,2010-07-03 04:38:00,4.0,login,,,,1,Suspicious login hour
DTAA/ZAB0889,PC-2844,2010-07-03 04:55:00,4.0,login,,,,1,Suspicious login hour
DTAA/SJH0588,PC-2512,2010-07-03 05:24:00,5.0,login,,,,1,Suspicious login hour
DTAA/MVW0630,PC-2005,2010-07-03 05:59:00,5.0,login,,,,1,Suspicious login hour
DTAA/ARS0993,PC-4873,2010-07-06 00:06:00,0.0,login,,,,1,Suspicious login hour
DTAA/ARS0993,PC-4873,2010-07-06 00:16:00,0.0,login,,,,1,Suspicious login hour
DTAA/KEE0997,PC-4580,2010-07-06 00:49:00,0.0,login,,,,1,Suspicious login hour
DTAA/KEE0997,PC-0094,2010-07-06 01:02:00,1.0,login,,,,1,Suspicious login hour
DTAA/KEE0997,PC-4580,2010-07-06 01:11:00,1.0,login,,,,1,Suspicious login hour
DTAA/CLB0995,PC-4292,2010-07-06 01:26:00,1.0,login,,,,1,Suspicious login hour
DTAA/DSM0990,PC-1107,2010-07-06 01:30:00,1.0,login,,,,1,Suspicious login hour
DTAA/KEE0997,PC-0094,2010-07-06 01:33:00,1.0,login,,,,1,Suspicious login hour
DTAA/CRC0996,PC-4679,2010-07-06 01:40:00,1.0,login,,,,1,Suspicious login hour
DTAA/CLB0995,PC-4292,2010-07-06 01:40:00,1.0,login,,,,1,Suspicious login hour
DTAA/ARS0993,PC-0980,2010-07-06 01:53:00,1.0,login,,,,1,Suspicious login hour
DTAA/ARS0993,PC-0980,2010-07-06 01:54:00,1.0,login,,,,1,Suspicious login hour
DTAA/DSM0990,PC-0232,2010-07-06 01:59:00,1.0,login,,,,1,Suspicious login hour
DTAA/DSM0990,PC-1107,2010-07-06 02:00:00,2.0,login,,,,1,Suspicious login hour
DTAA/DSM0990,PC-0232,2010-07-06 02:02:00,2.0,login,,,,1,Suspicious login hour
DTAA/DSM0990,PC-0845,2010-07-06 02:06:00,2.0,login,,,,1,Suspicious login hour
DTAA/CRC0996,PC-4679,2010-07-06 02:08:00,2.0,login,,,,1,Suspicious login hour
DTAA/KEE0997,PC-3990,2010-07-06 02:23:00,2.0,login,,,,1,Suspicious login hour
DTAA/CLB0995,PC-3736,2010-07-06 02:26:00,2.0,login,,,,1,Suspicious login hour
DTAA/CLB0995,PC-3736,2010-07-06 02:31:00,2.0,login,,,,1,Suspicious login hour
DTAA/KEE0997,PC-3990,2010-07-06 02:37:00,2.0,login,,,,1,Suspicious login hour
DTAA/DSM0990,PC-0845,2010-07-06 02:49:00,2.0,login,,,,1,Suspicious login hour
DTAA/CRC0996,PC-1892,2010-07-06 03:02:00,3.0,login,,,,1,Suspicious login hour
DTAA/CRC0996,PC-4328,2010-07-06 03:35:00,3.0,login,,,,1,Suspicious login hour
DTAA/CRC0996,PC-1892,2010-07-06 03:35:00,3.0,login,,,,1,Suspicious login hour
DTAA/CRC0996,PC-4328,2010-07-06 03:42:00,3.0,login,,,,1,Suspicious login hour
DTAA/CLN0999,PC-2407,2010-07-06 03:54:00,3.0,login,,,,1,Suspicious login hour
DTAA/KEE0997,PC-4359,2010-07-06 03:58:00,3.0,login,,,,1,Suspicious login hour
DTAA/KEE0997,PC-4359,2010-07-06 04:03:00,4.0,login,,,,1,Suspicious login hour
DTAA/CLN0999,PC-0598,2010-07-06 04:10:00,4.0,login,,,,1,Suspicious login hour
DTAA/JCC0998,PC-2082,2010-07-06 04:17:00,4.0,login,,,,1,Suspicious login hour
DTAA/CLN0999,PC-2407,2010-07-06 04:21:00,4.0,login,,,,1,Suspicious login hour
DTAA/CLN0999,PC-0598,2010-07-06 04:27:00,4.0,login,,,,1,Suspicious login hour
DTAA/CRC0996,PC-3885,2010-07-06 04:46:00,4.0,login,,,,1,Suspicious login hour
DTAA/ELD1000,PC-0472,2010-07-06 04:47:00,4.0,login,,,,1,Suspicious login hour
DTAA/BJM0992,PC-3614,2010-07-06 04:57:00,4.0,login,,,,1,Suspicious login hour
DTAA/JCC0998,PC-2082,2010-07-06 05:02:00,5.0,login,,,,1,Suspicious login hour
DTAA/ELD1000,PC-0472,2010-07-06 05:08:00,5.0,login,,,,1,Suspicious login hour
DTAA/IRC0991,PC-2350,2010-07-06 05:09:00,5.0,login,,,,1,Suspicious login hour
DTAA/CRC0996,PC-3885,2010-07-06 05:13:00,5.0,login,,,,1,Suspicious login hour
DTAA/ELD1000,PC-0075,2010-07-06 05:20:00,5.0,login,,,,1,Suspicious login hour
DTAA/BJM0992,PC-3614,2010-07-06 05:32:00,5.0,login,,,,1,Suspicious login hour
DTAA/IRC0991,PC-2350,2010-07-06 05:41:00,5.0,login,,,,1,Suspicious login hour
DTAA/ELD1000,PC-0075,2010-07-06 05:46:00,5.0,login,,,,1,Suspicious login hour
DTAA/ARC0677,PC-0465,2010-07-06 21:04:00,21.0,login,,,,1,Suspicious login hour
DTAA/ODW0839,PC-1940,2010-07-06 21:08:00,21.0,login,,,,1,Suspicious login hour
DTAA/SKL0881,PC-1581,2010-07-06 21:13:00,21.0,login,,,,1,Suspicious login hour
DTAA/VAH0262,PC-1398,2010-07-06 21:15:00,21.0,login,,,,1,Suspicious login hour
DTAA/BJM0992,PC-3653,2010-07-06 21:15:00,21.0,login,,,,1,Suspicious login hour
DTAA/NAT0252,PC-1796,2010-07-06 21:19:00,21.0,login,,,,1,Suspicious login hour
DTAA/PJL0320,PC-1233,2010-07-06 21:24:00,21.0,login,,,,1,Suspicious login hour
DTAA/NDS0490,PC-2549,2010-07-06 21:33:00,21.0,login,,,,1,Suspicious login hour
DTAA/KAD0059,PC-4031,2010-07-06 21:33:00,21.0,login,,,,1,Suspicious login hour
DTAA/ELD1000,PC-0212,2010-07-06 21:37:00,21.0,login,,,,1,Suspicious login hour
DTAA/ELD1000,PC-0212,2010-07-06 22:00:00,22.0,login,,,,1,Suspicious login hour
DTAA/BJM0992,PC-2555,2010-07-06 22:06:00,22.0,login,,,,1,Suspicious login hour
DTAA/BJM0992,PC-2555,2010-07-06 22:12:00,22.0,login,,,,1,Suspicious login hour
DTAA/ELD1000,PC-0434,2010-07-06 22:15:00,22.0,login,,,,1,Suspicious login hour
DTAA/CRC0996,PC-2188,2010-07-06 22:23:00,22.0,login,,,,1,Suspicious login hour
DTAA/JTT0989,PC-2393,2010-07-06 22:24:00,22.0,login,,,,1,Suspicious login hour
DTAA/SRN0275,PC-3531,2010-07-06 22:24:00,22.0,login,,,,1,Suspicious login hour
DTAA/CHS0324,PC-3251,2010-07-06 22:24:00,22.0,login,,,,1,Suspicious login hour
DTAA/CRC0996,PC-2188,2010-07-06 22:39:00,22.0,login,,,,1,Suspicious login hour
DTAA/IRC0991,PC-0417,2010-07-06 22:40:00,22.0,login,,,,1,Suspicious login hour
DTAA/ELD1000,PC-0434,2010-07-06 22:42:00,22.0,login,,,,1,Suspicious login hour
DTAA/JTT0989,PC-2393,2010-07-06 22:45:00,22.0,login,,,,1,Suspicious login hour
DTAA/AIB0797,PC-4147,2010-07-06 22:52:00,22.0,login,,,,1,Suspicious login hour
DTAA/IRC0991,PC-0417,2010-07-06 22:54:00,22.0,login,,,,1,Suspicious login hour
DTAA/CSC0297,PC-2848,2010-07-06 23:25:00,23.0,login,,,,1,Suspicious login hour
DTAA/CGM0994,PC-1438,2010-07-06 23:31:00,23.0,login,,,,1,Suspicious login hour
DTAA/CLB0995,PC-3160,2010-07-06 23:37:00,23.0,login,,,,1,Suspicious login hour
DTAA/CLB0995,PC-2490,2010-07-06 23:39:00,23.0,login,,,,1,Suspicious login hour
DTAA/VNM0127,PC-3456,2010-07-06 23:47:00,23.0,login,,,,1,Suspicious login hour
DTAA/CLB0995,PC-3160,2010-07-06 23:56:00,23.0,login,,,,1,Suspicious login hour
DTAA/CGM0994,PC-1438,2010-07-07 00:00:00,0.0,login,,,,1,Suspicious login hour
DTAA/HTC0607,PC-1033,2010-07-07 00:02:00,0.0,login,,,,1,Suspicious login hour
DTAA/CLB0995,PC-2490,2010-07-07 00:17:00,0.0,login,,,,1,Suspicious login hour
DTAA/ARS0993,PC-1792,2010-07-07 00:23:00,0.0,login,,,,1,Suspicious login hour
DTAA/VNM0127,PC-3456,2010-07-07 00:27:00,0.0,login,,,,1,Suspicious login hour
DTAA/ARS0993,PC-1792,2010-07-07 00:30:00,0.0,login,,,,1,Suspicious login hour
DTAA/EMR0242,PC-1306,2010-07-07 00:55:00,0.0,login,,,,1,Suspicious login hour
DTAA/CSC0297,PC-2848,2010-07-07 01:21:00,1.0,login,,,,1,Suspicious login hour
DTAA/DJW0368,PC-2518,2010-07-07 01:25:00,1.0,login,,,,1,Suspicious login hour
DTAA/CRC0996,PC-4923,2010-07-07 01:38:00,1.0,login,,,,1,Suspicious login hour
DTAA/CGM0994,PC-0211,2010-07-07 01:39:00,1.0,login,,,,1,Suspicious login hour
DTAA/EMR0242,PC-1306,2010-07-07 01:48:00,1.0,login,,,,1,Suspicious login hour
DTAA/CRC0996,PC-4923,2010-07-07 01:49:00,1.0,login,,,,1,Suspicious login hour
DTAA/CGM0994,PC-0211,2010-07-07 02:04:00,2.0,login,,,,1,Suspicious login hour
DTAA/KAD0059,PC-4031,2010-07-07 02:11:00,2.0,login,,,,1,Suspicious login hour
DTAA/KEE0997,PC-2020,2010-07-07 02:14:00,2.0,login,,,,1,Suspicious login hour
DTAA/IMB0473,PC-4682,2010-07-07 02:26:00,2.0,login,,,,1,Suspicious login hour
DTAA/KEE0997,PC-2020,2010-07-07 02:30:00,2.0,login,,,,1,Suspicious login hour
DTAA/CRC0996,PC-0731,2010-07-07 02:56:00,2.0,login,,,,1,Suspicious login hour
DTAA/CLB0995,PC-3545,2010-07-07 03:20:00,3.0,login,,,,1,Suspicious login hour
DTAA/JCC0998,PC-4818,2010-07-07 03:21:00,3.0,login,,,,1,Suspicious login hour
DTAA/ELD1000,PC-1201,2010-07-07 03:25:00,3.0,login,,,,1,Suspicious login hour
DTAA/CLB0995,PC-3545,2010-07-07 03:33:00,3.0,login,,,,1,Suspicious login hour
DTAA/JCC0998,PC-4818,2010-07-07 03:37:00,3.0,login,,,,1,Suspicious login hour
DTAA/CRC0996,PC-0731,2010-07-07 03:41:00,3.0,login,,,,1,Suspicious login hour
DTAA/SRN0275,PC-3531,2010-07-07 03:48:00,3.0,login,,,,1,Suspicious login hour
DTAA/CLB0995,PC-0198,2010-07-07 04:00:00,4.0,login,,,,1,Suspicious login hour
DTAA/ELD1000,PC-1201,2010-07-07 04:07:00,4.0,login,,,,1,Suspicious login hour
DTAA/CLB0995,PC-0198,2010-07-07 04:14:00,4.0,login,,,,1,Suspicious login hour
DTAA/ARS0993,PC-0698,2010-07-07 04:21:00,4.0,login,,,,1,Suspicious login hour
DTAA/ARS0993,PC-0698,2010-07-07 04:25:00,4.0,login,,,,1,Suspicious login hour
DTAA/PJL0320,PC-1233,2010-07-07 04:44:00,4.0,login,,,,1,Suspicious login hour
DTAA/CHS0324,PC-3251,2010-07-07 04:58:00,4.0,login,,,,1,Suspicious login hour
DTAA/IMB0473,PC-4682,2010-07-07 05:15:00,5.0,login,,,,1,Suspicious login hour
DTAA/IRC0991,PC-4221,2010-07-07 05:17:00,5.0,login,,,,1,Suspicious login hour
DTAA/IRC0991,PC-4221,2010-07-07 05:24:00,5.0,login,,,,1,Suspicious login hour
DTAA/AIB0797,PC-4147,2010-07-07 05:32:00,5.0,login,,,,1,Suspicious login hour
DTAA/CRC0996,PC-0903,2010-07-07 05:44:00,5.0,login,,,,1,Suspicious login hour
DTAA/CTH0856,PC-4677,2010-07-07 05:48:00,5.0,login,,,,1,Suspicious login hour
DTAA/ARC0677,PC-0465,2010-07-07 21:06:00,21.0,login,,,,1,Suspicious login hour
DTAA/ELD1000,PC-0136,2010-07-07 21:10:00,21.0,login,,,,1,Suspicious login hour
DTAA/NAT0252,PC-1796,2010-07-07 21:11:00,21.0,login,,,,1,Suspicious login hour
DTAA/VAH0262,PC-1398,2010-07-07 21:13:00,21.0,login,,,,1,Suspicious login hour
DTAA/JTT0989,PC-1800,2010-07-07 21:17:00,21.0,login,,,,1,Suspicious login hour
DTAA/SKL0881,PC-1581,2010-07-07 21:20:00,21.0,login,,,,1,Suspicious login hour
DTAA/ARS0993,PC-1589,2010-07-07 21:24:00,21.0,login,,,,1,Suspicious login hour
DTAA/NDS0490,PC-2549,2010-07-07 21:31:00,21.0,login,,,,1,Suspicious login hour
DTAA/ELD1000,PC-0136,2010-07-07 21:32:00,21.0,login,,,,1,Suspicious login hour
DTAA/ARS0993,PC-1589,2010-07-07 21:32:00,21.0,login,,,,1,Suspicious login hour
DTAA/CRC0996,PC-2518,2010-07-07 21:33:00,21.0,login,,,,1,Suspicious login hour
DTAA/CRC0996,PC-2518,2010-07-07 21:48:00,21.0,login,,,,1,Suspicious login hour
DTAA/AJP0553,PC-1270,2010-07-07 22:00:00,22.0,login,,,,1,Suspicious login hour
DTAA/IRC0991,PC-0268,2010-07-07 22:06:00,22.0,login,,,,1,Suspicious login hour
DTAA/DSM0990,PC-1586,2010-07-07 22:08:00,22.0,login,,,,1,Suspicious login hour
DTAA/DSM0990,PC-1586,2010-07-07 22:17:00,22.0,login,,,,1,Suspicious login hour
DTAA/IRC0991,PC-0268,2010-07-07 22:31:00,22.0,login,,,,1,Suspicious login hour
DTAA/CRC0996,PC-1924,2010-07-07 22:34:00,22.0,login,,,,1,Suspicious login hour
DTAA/ELD1000,PC-4067,2010-07-07 22:37:00,22.0,login,,,,1,Suspicious login hour
DTAA/ELD1000,PC-4067,2010-07-07 22:57:00,22.0,login,,,,1,Suspicious login hour
DTAA/DSM0990,PC-1519,2010-07-07 22:58:00,22.0,login,,,,1,Suspicious login hour
DTAA/DSM0990,PC-2137,2010-07-07 23:02:00,23.0,login,,,,1,Suspicious login hour
DTAA/DSM0990,PC-1519,2010-07-07 23:16:00,23.0,login,,,,1,Suspicious login hour
DTAA/CRC0996,PC-1924,2010-07-07 23:16:00,23.0,login,,,,1,Suspicious login hour
DTAA/DSM0990,PC-2137,2010-07-07 23:18:00,23.0,login,,,,1,Suspicious login hour
DTAA/ARS0993,PC-2601,2010-07-07 23:59:00,23.0,login,,,,1,Suspicious login hour
DTAA/ELD1000,PC-1655,2010-07-08 00:08:00,0.0,login,,,,1,Suspicious login hour
DTAA/ARS0993,PC-2601,2010-07-08 00:26:00,0.0,login,,,,1,Suspicious login hour
DTAA/CLN0999,PC-3902,2010-07-08 00:40:00,0.0,login,,,,1,Suspicious login hour
DTAA/CLN0999,PC-0146,2010-07-08 00:44:00,0.0,login,,,,1,Suspicious login hour
DTAA/JTT0989,PC-1494,2010-07-08 00:49:00,0.0,login,,,,1,Suspicious login hour
DTAA/ELD1000,PC-1655,2010-07-08 00:53:00,0.0,login,,,,1,Suspicious login hour
DTAA/IRC0991,PC-3866,2010-07-08 00:57:00,0.0,login,,,,1,Suspicious login hour
DTAA/CDZ0056,PC-4052,2010-07-08 00:59:00,0.0,login,,,,1,Suspicious login hour
DTAA/IRC0991,PC-4724,2010-07-08 01:03:00,1.0,login,,,,1,Suspicious login hour
DTAA/CLN0999,PC-0146,2010-07-08 01:12:00,1.0,login,,,,1,Suspicious login hour
DTAA/BJM0992,PC-2745,2010-07-08 01:17:00,1.0,login,,,,1,Suspicious login hour
DTAA/CLN0999,PC-3902,2010-07-08 01:18:00,1.0,login,,,,1,Suspicious login hour
DTAA/JTT0989,PC-1494,2010-07-08 01:26:00,1.0,login,,,,1,Suspicious login hour
DTAA/CGM0994,PC-0726,2010-07-08 01:29:00,1.0,login,,,,1,Suspicious login hour
DTAA/IRC0991,PC-3866,2010-07-08 01:29:00,1.0,login,,,,1,Suspicious login hour
DTAA/BJM0992,PC-2745,2010-07-08 01:30:00,1.0,login,,,,1,Suspicious login hour
DTAA/IRC0991,PC-4724,2010-07-08 01:36:00,1.0,login,,,,1,Suspicious login hour
DTAA/CDZ0056,PC-4052,2010-07-08 01:48:00,1.0,login,,,,1,Suspicious login hour
DTAA/BJM0992,PC-4499,2010-07-08 01:53:00,1.0,login,,,,1,Suspicious login hour
DTAA/ARS0993,PC-1214,2010-07-08 01:53:00,1.0,login,,,,1,Suspicious login hour
DTAA/HNS0858,PC-3790,2010-07-08 01:58:00,1.0,login,,,,1,Suspicious login hour
DTAA/AJP0553,PC-1270,2010-07-08 02:00:00,2.0,login,,,,1,Suspicious login hour
DTAA/CGM0994,PC-0726,2010-07-08 02:06:00,2.0,login,,,,1,Suspicious login hour
DTAA/ARS0993,PC-1214,2010-07-08 02:10:00,2.0,login,,,,1,Suspicious login hour
DTAA/BJM0992,PC-4499,2010-07-08 02:24:00,2.0,login,,,,1,Suspicious login hour
DTAA/HNS0858,PC-3790,2010-07-08 02:42:00,2.0,login,,,,1,Suspicious login hour
DTAA/JAH0544,PC-4081,2010-07-08 02:45:00,2.0,login,,,,1,Suspicious login hour
DTAA/CRC0996,PC-1212,2010-07-08 02:57:00,2.0,login,,,,1,Suspicious login hour
DTAA/PUH0847,PC-2550,2010-07-08 03:00:00,3.0,login,,,,1,Suspicious login hour
DTAA/DSM0990,PC-0691,2010-07-08 03:03:00,3.0,login,,,,1,Suspicious login hour
DTAA/KEE0997,PC-0080,2010-07-08 03:06:00,3.0,login,,,,1,Suspicious login hour
DTAA/CRC0996,PC-1212,2010-07-08 03:09:00,3.0,login,,,,1,Suspicious login hour
DTAA/DSM0990,PC-0691,2010-07-08 03:19:00,3.0,login,,,,1,Suspicious login hour
DTAA/KEE0997,PC-0080,2010-07-08 03:21:00,3.0,login,,,,1,Suspicious login hour
DTAA/AKW0582,PC-0891,2010-07-08 03:38:00,3.0,login,,,,1,Suspicious login hour
DTAA/CGM0994,PC-3714,2010-07-08 03:46:00,3.0,login,,,,1,Suspicious login hour
DTAA/ELD1000,PC-0221,2010-07-08 03:49:00,3.0,login,,,,1,Suspicious login hour
DTAA/CGM0994,PC-3714,2010-07-08 03:50:00,3.0,login,,,,1,Suspicious login hour
DTAA/CTF0687,PC-2959,2010-07-08 03:56:00,3.0,login,,,,1,Suspicious login hour
DTAA/ELD1000,PC-0221,2010-07-08 04:07:00,4.0,login,,,,1,Suspicious login hour
DTAA/PUH0847,PC-2550,2010-07-08 04:26:00,4.0,login,,,,1,Suspicious login hour
DTAA/JCC0998,PC-1057,2010-07-08 04:37:00,4.0,login,,,,1,Suspicious login hour
DTAA/BJM0992,PC-2644,2010-07-08 04:51:00,4.0,login,,,,1,Suspicious login hour
DTAA/JCC0998,PC-2550,2010-07-08 04:52:00,4.0,login,,,,1,Suspicious login hour
DTAA/JCC0998,PC-1569,2010-07-08 04:57:00,4.0,login,,,,1,Suspicious login hour
DTAA/JCC0998,PC-1057,2010-07-08 05:02:00,5.0,login,,,,1,Suspicious login hour
DTAA/BJM0992,PC-2644,2010-07-08 05:02:00,5.0,login,,,,1,Suspicious login hour
DTAA/BJM0992,PC-2718,2010-07-08 05:12:00,5.0,login,,,,1,Suspicious login hour
DTAA/CRC0996,PC-1183,2010-07-08 05:19:00,5.0,login,,,,1,Suspicious login hour
DTAA/CRC0996,PC-1183,2010-07-08 05:20:00,5.0,login,,,,1,Suspicious login hour
DTAA/JCC0998,PC-2550,2010-07-08 05:23:00,5.0,login,,,,1,Suspicious login hour
DTAA/BJM0992,PC-2718,2010-07-08 05:36:00,5.0,login,,,,1,Suspicious login hour
DTAA/JAH0544,PC-4081,2010-07-08 05:39:00,5.0,login,,,,1,Suspicious login hour
DTAA/JCC0998,PC-1569,2010-07-08 05:39:00,5.0,login,,,,1,Suspicious login hour
DTAA/ARS0993,PC-2809,2010-07-08 05:46:00,5.0,login,,,,1,Suspicious login hour
DTAA/CLN0999,PC-3096,2010-07-08 05:57:00,5.0,login,,,,1,Suspicious login hour
DTAA/ODW0839,PC-1940,2010-07-08 21:04:00,21.0,login,,,,1,Suspicious login hour
DTAA/JMM0759,PC-3490,2010-07-08 21:09:00,21.0,login,,,,1,Suspicious login hour
DTAA/AJA0220,PC-3872,2010-07-08 21:11:00,21.0,login,,,,1,Suspicious login hour
DTAA/IRC0991,PC-1179,2010-07-08 21:12:00,21.0,login,,,,1,Suspicious login hour
DTAA/VAH0262,PC-1398,2010-07-08 21:14:00,21.0,login,,,,1,Suspicious login hour
DTAA/JTT0989,PC-1112,2010-07-08 21:16:00,21.0,login,,,,1,Suspicious login hour
DTAA/SKL0881,PC-1581,2010-07-08 21:19:00,21.0,login,,,,1,Suspicious login hour
DTAA/NAT0252,PC-1796,2010-07-08 21:23:00,21.0,login,,,,1,Suspicious login hour
DTAA/NDS0490,PC-2549,2010-07-08 21:28:00,21.0,login,,,,1,Suspicious login hour
DTAA/JTT0989,PC-1112,2010-07-08 21:31:00,21.0,login,,,,1,Suspicious login hour
DTAA/IRC0991,PC-1179,2010-07-08 21:51:00,21.0,login,,,,1,Suspicious login hour
DTAA/NDM0893,PC-0322,2010-07-08 22:04:00,22.0,login,,,,1,Suspicious login hour
DTAA/KEE0997,PC-4828,2010-07-08 22:21:00,22.0,login,,,,1,Suspicious login hour
DTAA/KEE0997,PC-4828,2010-07-08 22:27:00,22.0,login,,,,1,Suspicious login hour
DTAA/IRC0991,PC-2683,2010-07-08 22:30:00,22.0,login,,,,1,Suspicious login hour
DTAA/BJM0992,PC-1575,2010-07-08 22:52:00,22.0,login,,,,1,Suspicious login hour
DTAA/JCC0998,PC-3251,2010-07-08 22:59:00,22.0,login,,,,1,Suspicious login hour
DTAA/BJM0992,PC-1575,2010-07-08 23:01:00,23.0,login,,,,1,Suspicious login hour
DTAA/IRC0991,PC-2683,2010-07-08 23:02:00,23.0,login,,,,1,Suspicious login hour
DTAA/JCC0998,PC-3251,2010-07-08 23:27:00,23.0,login,,,,1,Suspicious login hour
DTAA/DSM0990,PC-1435,2010-07-08 23:35:00,23.0,login,,,,1,Suspicious login hour
DTAA/DSM0990,PC-1435,2010-07-09 00:05:00,0.0,login,,,,1,Suspicious login hour
DTAA/JTT0989,PC-3632,2010-07-09 00:08:00,0.0,login,,,,1,Suspicious login hour
DTAA/ELD1000,PC-2230,2010-07-09 00:12:00,0.0,login,,,,1,Suspicious login hour
DTAA/ELD1000,PC-2230,2010-07-09 00:18:00,0.0,login,,,,1,Suspicious login hour
DTAA/JTT0989,PC-3632,2010-07-09 00:33:00,0.0,login,,,,1,Suspicious login hour
DTAA/JCC0998,PC-2643,2010-07-09 00:39:00,0.0,login,,,,1,Suspicious login hour
DTAA/JTT0989,PC-0805,2010-07-09 00:44:00,0.0,login,,,,1,Suspicious login hour
DTAA/CLN0999,PC-0310,2010-07-09 00:45:00,0.0,login,,,,1,Suspicious login hour
DTAA/DSM0990,PC-2701,2010-07-09 00:51:00,0.0,login,,,,1,Suspicious login hour
DTAA/DSM0990,PC-2701,2010-07-09 00:52:00,0.0,login,,,,1,Suspicious login hour
DTAA/JTT0989,PC-0805,2010-07-09 01:06:00,1.0,login,,,,1,Suspicious login hour
DTAA/JCC0998,PC-2643,2010-07-09 01:09:00,1.0,login,,,,1,Suspicious login hour
DTAA/CLN0999,PC-0310,2010-07-09 01:11:00,1.0,login,,,,1,Suspicious login hour
DTAA/CRC0996,PC-0238,2010-07-09 01:18:00,1.0,login,,,,1,Suspicious login hour
DTAA/CRC0996,PC-0238,2010-07-09 01:19:00,1.0,login,,,,1,Suspicious login hour
DTAA/CLN0999,PC-3490,2010-07-09 01:22:00,1.0,login,,,,1,Suspicious login hour
DTAA/CLN0999,PC-3401,2010-07-09 01:30:00,1.0,login,,,,1,Suspicious login hour
DTAA/RBC0879,PC-1261,2010-07-09 01:35:00,1.0,login,,,,1,Suspicious login hour
DTAA/CLN0999,PC-3490,2010-07-09 01:49:00,1.0,login,,,,1,Suspicious login hour
DTAA/CLN0999,PC-3401,2010-07-09 02:02:00,2.0,login,,,,1,Suspicious login hour
DTAA/NDM0893,PC-0322,2010-07-09 02:23:00,2.0,login,,,,1,Suspicious login hour
DTAA/IRC0991,PC-3512,2010-07-09 02:33:00,2.0,login,,,,1,Suspicious login hour
DTAA/MCF0427,PC-3754,2010-07-09 02:44:00,2.0,login,,,,1,Suspicious login hour
DTAA/CLN0999,PC-1303,2010-07-09 02:46:00,2.0,login,,,,1,Suspicious login hour
DTAA/BAF0379,PC-3645,2010-07-09 02:48:00,2.0,login,,,,1,Suspicious login hour
DTAA/CRC0996,PC-3457,2010-07-09 03:14:00,3.0,login,,,,1,Suspicious login hour
DTAA/CLN0999,PC-1303,2010-07-09 03:16:00,3.0,login,,,,1,Suspicious login hour
DTAA/IRC0991,PC-3512,2010-07-09 03:16:00,3.0,login,,,,1,Suspicious login hour
DTAA/DSM0990,PC-1302,2010-07-09 03:37:00,3.0,login,,,,1,Suspicious login hour
DTAA/CLN0999,PC-3757,2010-07-09 03:39:00,3.0,login,,,,1,Suspicious login hour
DTAA/DSM0990,PC-1302,2010-07-09 03:40:00,3.0,login,,,,1,Suspicious login hour
DTAA/JCS0873,PC-1560,2010-07-09 03:40:00,3.0,login,,,,1,Suspicious login hour
DTAA/CRC0996,PC-3457,2010-07-09 03:47:00,3.0,login,,,,1,Suspicious login hour
DTAA/BAF0379,PC-3645,2010-07-09 03:53:00,3.0,login,,,,1,Suspicious login hour
DTAA/CGM0994,PC-1700,2010-07-09 03:53:00,3.0,login,,,,1,Suspicious login hour
DTAA/CLN0999,PC-3757,2010-07-09 03:54:00,3.0,login,,,,1,Suspicious login hour
DTAA/DSM0990,PC-2106,2010-07-09 03:56:00,3.0,login,,,,1,Suspicious login hour
DTAA/JCC0998,PC-4598,2010-07-09 03:56:00,3.0,login,,,,1,Suspicious login hour
DTAA/WOT0549,PC-0304,2010-07-09 04:00:00,4.0,login,,,,1,Suspicious login hour
DTAA/ARS0993,PC-3165,2010-07-09 04:05:00,4.0,login,,,,1,Suspicious login hour
DTAA/CRC0996,PC-4695,2010-07-09 04:07:00,4.0,login,,,,1,Suspicious login hour
DTAA/DSM0990,PC-2106,2010-07-09 04:14:00,4.0,login,,,,1,Suspicious login hour
DTAA/JCC0998,PC-4598,2010-07-09 04:16:00,4.0,login,,,,1,Suspicious login hour
DTAA/ARS0993,PC-3165,2010-07-09 04:18:00,4.0,login,,,,1,Suspicious login hour
DTAA/CRC0996,PC-4695,2010-07-09 04:18:00,4.0,login,,,,1,Suspicious login hour
DTAA/JCC0998,PC-3424,2010-07-09 04:29:00,4.0,login,,,,1,Suspicious login hour
DTAA/CGM0994,PC-1700,2010-07-09 04:34:00,4.0,login,,,,1,Suspicious login hour
DTAA/HTS0265,PC-1744,2010-07-09 04:53:00,4.0,login,,,,1,Suspicious login hour
DTAA/JCC0998,PC-3424,2010-07-09 04:59:00,4.0,login,,,,1,Suspicious login hour
DTAA/JTT0989,PC-2734,2010-07-09 05:51:00,5.0,login,,,,1,Suspicious login hour
DTAA/RBC0879,PC-1261,2010-07-09 05:52:00,5.0,login,,,,1,Suspicious login hour
DTAA/MIC0914,PC-3326,2010-07-09 05:54:00,5.0,login,,,,1,Suspicious login hour
DTAA/HTS0265,PC-1744,2010-07-09 05:58:00,5.0,login,,,,1,Suspicious login hour
DTAA/JTT0989,PC-3232,2010-07-09 05:58:00,5.0,login,,,,1,Suspicious login hour
DTAA/ODW0839,PC-1940,2010-07-09 21:02:00,21.0,login,,,,1,Suspicious login hour
DTAA/ARC0677,PC-0465,2010-07-09 21:02:00,21.0,login,,,,1,Suspicious login hour
DTAA/JCC0998,PC-3083,2010-07-09 21:05:00,21.0,login,,,,1,Suspicious login hour
DTAA/CLB0995,PC-4171,2010-07-09 21:05:00,21.0,login,,,,1,Suspicious login hour
DTAA/DSM0990,PC-2493,2010-07-09 21:07:00,21.0,login,,,,1,Suspicious login hour
DTAA/JCC0998,PC-3083,2010-07-09 21:10:00,21.0,login,,,,1,Suspicious login hour
DTAA/NAT0252,PC-1796,2010-07-09 21:15:00,21.0,login,,,,1,Suspicious login hour
DTAA/SKL0881,PC-1581,2010-07-09 21:20:00,21.0,login,,,,1,Suspicious login hour
DTAA/VAH0262,PC-1398,2010-07-09 21:20:00,21.0,login,,,,1,Suspicious login hour
DTAA/NHH0566,PC-1651,2010-07-09 21:23:00,21.0,login,,,,1,Suspicious login hour
DTAA/DSM0990,PC-3200,2010-07-09 21:32:00,21.0,login,,,,1,Suspicious login hour
DTAA/NDS0490,PC-2549,2010-07-09 21:38:00,21.0,login,,,,1,Suspicious login hour
DTAA/DSM0990,PC-2493,2010-07-09 21:40:00,21.0,login,,,,1,Suspicious login hour
DTAA/ELD1000,PC-2469,2010-07-09 22:03:00,22.0,login,,,,1,Suspicious login hour
DTAA/DSM0990,PC-3200,2010-07-09 22:14:00,22.0,login,,,,1,Suspicious login hour
DTAA/CLN0999,PC-3425,2010-07-09 22:20:00,22.0,login,,,,1,Suspicious login hour
DTAA/ELD1000,PC-2469,2010-07-09 22:29:00,22.0,login,,,,1,Suspicious login hour
DTAA/TPC0102,PC-1945,2010-07-09 22:32:00,22.0,login,,,,1,Suspicious login hour
DTAA/IRC0991,PC-2034,2010-07-09 22:38:00,22.0,login,,,,1,Suspicious login hour
DTAA/CLN0999,PC-3425,2010-07-09 22:40:00,22.0,login,,,,1,Suspicious login hour
DTAA/IAG0152,PC-3521,2010-07-09 22:44:00,22.0,login,,,,1,Suspicious login hour
DTAA/EMR0242,PC-1306,2010-07-09 22:57:00,22.0,login,,,,1,Suspicious login hour
DTAA/IRC0991,PC-2034,2010-07-09 23:07:00,23.0,login,,,,1,Suspicious login hour
DTAA/DSM0990,PC-3021,2010-07-09 23:12:00,23.0,login,,,,1,Suspicious login hour
DTAA/DSM0990,PC-3021,2010-07-09 23:26:00,23.0,login,,,,1,Suspicious login hour
DTAA/NDS0490,PC-2549,2010-07-09 23:43:00,23.0,login,,,,1,Suspicious login hour
DTAA/DSM0990,PC-2882,2010-07-09 23:51:00,23.0,login,,,,1,Suspicious login hour
DTAA/ELD1000,PC-4507,2010-07-09 23:52:00,23.0,login,,,,1,Suspicious login hour
DTAA/DSM0990,PC-2882,2010-07-09 23:59:00,23.0,login,,,,1,Suspicious login hour
DTAA/ASO0023,PC-3990,2010-07-10 00:28:00,0.0,login,,,,1,Suspicious login hour
DTAA/ELD1000,PC-4507,2010-07-10 00:37:00,0.0,login,,,,1,Suspicious login hour
DTAA/ZAB0889,PC-2844,2010-07-10 00:49:00,0.0,login,,,,1,Suspicious login hour
DTAA/NHH0566,PC-1651,2010-07-10 01:00:00,1.0,login,,,,1,Suspicious login hour
DTAA/LJR0772,PC-3780,2010-07-10 01:25:00,1.0,login,,,,1,Suspicious login hour
DTAA/TPC0102,PC-1945,2010-07-10 01:28:00,1.0,login,,,,1,Suspicious login hour
DTAA/LJR0772,PC-3780,2010-07-10 02:01:00,2.0,login,,,,1,Suspicious login hour
DTAA/ZAB0889,PC-2844,2010-07-10 02:05:00,2.0,login,,,,1,Suspicious login hour
DTAA/FKR0550,PC-2469,2010-07-10 03:29:00,3.0,login,,,,1,Suspicious login hour
DTAA/JLL0301,PC-0807,2010-07-10 04:06:00,4.0,login,,,,1,Suspicious login hour
DTAA/NDS0490,PC-2549,2010-07-10 04:33:00,4.0,login,,,,1,Suspicious login hour
DTAA/ASO0023,PC-3990,2010-07-10 05:05:00,5.0,login,,,,1,Suspicious login hour
DTAA/PJL0320,PC-1233,2010-07-10 05:13:00,5.0,login,,,,1,Suspicious login hour
DTAA/PJL0320,PC-1233,2010-07-10 05:59:00,5.0,login,,,,1,Suspicious login hour
DTAA/ARS0993,PC-0323,2010-07-12 00:09:00,0.0,login,,,,1,Suspicious login hour
DTAA/CGM0994,PC-3993,2010-07-12 00:27:00,0.0,login,,,,1,Suspicious login hour
DTAA/DSM0990,PC-4052,2010-07-12 00:28:00,0.0,login,,,,1,Suspicious login hour
DTAA/ARS0993,PC-0323,2010-07-12 00:32:00,0.0,login,,,,1,Suspicious login hour
DTAA/DSM0990,PC-4052,2010-07-12 00:42:00,0.0,login,,,,1,Suspicious login hour
DTAA/CGM0994,PC-3993,2010-07-12 01:11:00,1.0,login,,,,1,Suspicious login hour
DTAA/CGM0994,PC-3675,2010-07-12 02:09:00,2.0,login,,,,1,Suspicious login hour
DTAA/CGM0994,PC-3675,2010-07-12 02:23:00,2.0,login,,,,1,Suspicious login hour
DTAA/DSM0990,PC-3784,2010-07-12 02:40:00,2.0,login,,,,1,Suspicious login hour
DTAA/ELD1000,PC-1649,2010-07-12 02:59:00,2.0,login,,,,1,Suspicious login hour
DTAA/DSM0990,PC-3784,2010-07-12 03:04:00,3.0,login,,,,1,Suspicious login hour
DTAA/JCC0998,PC-2554,2010-07-12 03:17:00,3.0,login,,,,1,Suspicious login hour
DTAA/CLB0995,PC-0214,2010-07-12 03:20:00,3.0,login,,,,1,Suspicious login hour
DTAA/KEE0997,PC-1605,2010-07-12 03:34:00,3.0,login,,,,1,Suspicious login hour
DTAA/KEE0997,PC-1605,2010-07-12 03:37:00,3.0,login,,,,1,Suspicious login hour
DTAA/ELD1000,PC-1649,2010-07-12 03:38:00,3.0,login,,,,1,Suspicious login hour
DTAA/CLB0995,PC-0214,2010-07-12 03:45:00,3.0,login,,,,1,Suspicious login hour
DTAA/JCC0998,PC-2554,2010-07-12 03:49:00,3.0,login,,,,1,Suspicious login hour
DTAA/IRC0991,PC-2462,2010-07-12 04:33:00,4.0,login,,,,1,Suspicious login hour
DTAA/ARS0993,PC-1591,2010-07-12 04:38:00,4.0,login,,,,1,Suspicious login hour
DTAA/ARS0993,PC-1591,2010-07-12 04:45:00,4.0,login,,,,1,Suspicious login hour
DTAA/DSM0990,PC-0445,2010-07-12 04:57:00,4.0,login,,,,1,Suspicious login hour
DTAA/IRC0991,PC-2462,2010-07-12 05:04:00,5.0,login,,,,1,Suspicious login hour
DTAA/CLB0995,PC-2967,2010-07-12 05:12:00,5.0,login,,,,1,Suspicious login hour
DTAA/CGM0994,PC-4642,2010-07-12 05:19:00,5.0,login,,,,1,Suspicious login hour
DTAA/CLB0995,PC-2967,2010-07-12 05:20:00,5.0,login,,,,1,Suspicious login hour
DTAA/ELD1000,PC-0028,2010-07-12 05:25:00,5.0,login,,,,1,Suspicious login hour
DTAA/CGM0994,PC-4642,2010-07-12 05:28:00,5.0,login,,,,1,Suspicious login hour
DTAA/DSM0990,PC-0445,2010-07-12 05:33:00,5.0,login,,,,1,Suspicious login hour
DTAA/JTT0989,PC-4132,2010-07-12 21:00:00,21.0,login,,,,1,Suspicious login hour
DTAA/JCC0998,PC-4718,2010-07-12 21:02:00,21.0,login,,,,1,Suspicious login hour
DTAA/ARC0677,PC-0465,2010-07-12 21:05:00,21.0,login,,,,1,Suspicious login hour
DTAA/JCC0998,PC-4718,2010-07-12 21:09:00,21.0,login,,,,1,Suspicious login hour
DTAA/NAT0252,PC-1796,2010-07-12 21:19:00,21.0,login,,,,1,Suspicious login hour
DTAA/VAH0262,PC-1398,2010-07-12 21:20:00,21.0,login,,,,1,Suspicious login hour
DTAA/SKL0881,PC-1581,2010-07-12 21:23:00,21.0,login,,,,1,Suspicious login hour
DTAA/CLN0999,PC-3867,2010-07-12 21:33:00,21.0,login,,,,1,Suspicious login hour
DTAA/NDS0490,PC-2549,2010-07-12 21:34:00,21.0,login,,,,1,Suspicious login hour
DTAA/CLN0999,PC-1434,2010-07-12 21:40:00,21.0,login,,,,1,Suspicious login hour
DTAA/CLN0999,PC-3867,2010-07-12 21:41:00,21.0,login,,,,1,Suspicious login hour
DTAA/CLN0999,PC-4525,2010-07-12 21:49:00,21.0,login,,,,1,Suspicious login hour
DTAA/CLN0999,PC-1434,2010-07-12 21:51:00,21.0,login,,,,1,Suspicious login hour
DTAA/CLB0995,PC-1859,2010-07-12 21:57:00,21.0,login,,,,1,Suspicious login hour
DTAA/CLB0995,PC-1859,2010-07-12 22:03:00,22.0,login,,,,1,Suspicious login hour
DTAA/CLN0999,PC-3471,2010-07-12 22:08:00,22.0,login,,,,1,Suspicious login hour
DTAA/CLN0999,PC-4525,2010-07-12 22:20:00,22.0,login,,,,1,Suspicious login hour
DTAA/KEE0997,PC-4856,2010-07-12 22:27:00,22.0,login,,,,1,Suspicious login hour
DTAA/KEE0997,PC-4856,2010-07-12 22:33:00,22.0,login,,,,1,Suspicious login hour
DTAA/CLN0999,PC-3471,2010-07-12 22:42:00,22.0,login,,,,1,Suspicious login hour
DTAA/MSV0506,PC-3240,2010-07-12 22:46:00,22.0,login,,,,1,Suspicious login hour
DTAA/ELD1000,PC-3107,2010-07-12 22:50:00,22.0,login,,,,1,Suspicious login hour
DTAA/ELD1000,PC-3107,2010-07-12 23:07:00,23.0,login,,,,1,Suspicious login hour
DTAA/CLB0995,PC-3910,2010-07-12 23:10:00,23.0,login,,,,1,Suspicious login hour
DTAA/CRC0996,PC-3070,2010-07-12 23:12:00,23.0,login,,,,1,Suspicious login hour
DTAA/BJM0992,PC-2474,2010-07-12 23:20:00,23.0,login,,,,1,Suspicious login hour
DTAA/CLB0995,PC-3910,2010-07-12 23:47:00,23.0,login,,,,1,Suspicious login hour
DTAA/CRC0996,PC-3070,2010-07-12 23:51:00,23.0,login,,,,1,Suspicious login hour
DTAA/CLB0995,PC-4692,2010-08-02 00:21:00,0.0,login,,,,1,Suspicious login hour
DTAA/CLB0995,PC-4692,2010-08-02 00:39:00,0.0,login,,,,1,Suspicious login hour
DTAA/KEE0997,PC-2554,2010-08-02 00:53:00,0.0,login,,,,1,Suspicious login hour
DTAA/JTT0989,PC-2632,2010-08-02 01:02:00,1.0,login,,,,1,Suspicious login hour
DTAA/KEE0997,PC-2554,2010-08-02 01:02:00,1.0,login,,,,1,Suspicious login hour
DTAA/JTT0989,PC-2632,2010-08-02 01:06:00,1.0,login,,,,1,Suspicious login hour
DTAA/CLB0995,PC-2474,2010-08-02 02:06:00,2.0,login,,,,1,Suspicious login hour
DTAA/BJM0992,PC-4079,2010-08-02 02:11:00,2.0,login,,,,1,Suspicious login hour
DTAA/CLB0995,PC-2474,2010-08-02 02:33:00,2.0,login,,,,1,Suspicious login hour
DTAA/BJM0992,PC-4079,2010-08-02 02:55:00,2.0,login,,,,1,Suspicious login hour
DTAA/IRC0991,PC-2359,2010-08-02 03:08:00,3.0,login,,,,1,Suspicious login hour
DTAA/IRC0991,PC-2359,2010-08-02 03:43:00,3.0,login,,,,1,Suspicious login hour
DTAA/JCC0998,PC-4052,2010-08-02 04:06:00,4.0,login,,,,1,Suspicious login hour
DTAA/JCC0998,PC-4052,2010-08-02 04:15:00,4.0,login,,,,1,Suspicious login hour
DTAA/JCC0998,PC-0416,2010-08-02 04:17:00,4.0,login,,,,1,Suspicious login hour
DTAA/JCC0998,PC-0416,2010-08-02 04:31:00,4.0,login,,,,1,Suspicious login hour
DTAA/KEE0997,PC-2365,2010-08-02 04:35:00,4.0,login,,,,1,Suspicious login hour
DTAA/KEE0997,PC-2365,2010-08-02 04:42:00,4.0,login,,,,1,Suspicious login hour
DTAA/DSM0990,PC-0768,2010-08-02 04:59:00,4.0,login,,,,1,Suspicious login hour
DTAA/DSM0990,PC-0768,2010-08-02 05:14:00,5.0,login,,,,1,Suspicious login hour
DTAA/IRC0991,PC-1021,2010-08-02 05:16:00,5.0,login,,,,1,Suspicious login hour
DTAA/ELD1000,PC-1343,2010-08-02 05:30:00,5.0,login,,,,1,Suspicious login hour
DTAA/IRC0991,PC-1021,2010-08-02 05:44:00,5.0,login,,,,1,Suspicious login hour
DTAA/ARS0993,PC-0323,2010-08-02 05:47:00,5.0,login,,,,1,Suspicious login hour
DTAA/ELD1000,PC-1343,2010-08-02 05:55:00,5.0,login,,,,1,Suspicious login hour
DTAA/ARC0677,PC-0465,2010-08-02 21:03:00,21.0,login,,,,1,Suspicious login hour
DTAA/CRC0996,PC-4738,2010-08-02 21:06:00,21.0,login,,,,1,Suspicious login hour
DTAA/CGM0994,PC-2501,2010-08-02 21:06:00,21.0,login,,,,1,Suspicious login hour
DTAA/ELD1000,PC-3588,2010-08-02 21:09:00,21.0,login,,,,1,Suspicious login hour
DTAA/VAH0262,PC-1398,2010-08-02 21:10:00,21.0,login,,,,1,Suspicious login hour
DTAA/PMB0702,PC-1792,2010-08-02 21:14:00,21.0,login,,,,1,Suspicious login hour
DTAA/BIR0534,PC-1834,2010-08-02 21:17:00,21.0,login,,,,1,Suspicious login hour
DTAA/SKL0881,PC-1581,2010-08-02 21:19:00,21.0,login,,,,1,Suspicious login hour
DTAA/NAT0252,PC-1796,2010-08-02 21:20:00,21.0,login,,,,1,Suspicious login hour
DTAA/JTT0989,PC-1782,2010-08-02 21:26:00,21.0,login,,,,1,Suspicious login hour
DTAA/ELD1000,PC-0212,2010-08-02 21:29:00,21.0,login,,,,1,Suspicious login hour
DTAA/ABS0726,PC-3698,2010-08-02 21:30:00,21.0,login,,,,1,Suspicious login hour
DTAA/JTT0989,PC-1665,2010-08-02 21:36:00,21.0,login,,,,1,Suspicious login hour
DTAA/NDS0490,PC-2549,2010-08-02 21:37:00,21.0,login,,,,1,Suspicious login hour
DTAA/ZAB0889,PC-2844,2010-08-02 21:43:00,21.0,login,,,,1,Suspicious login hour
DTAA/ELD1000,PC-2670,2010-08-02 21:50:00,21.0,login,,,,1,Suspicious login hour
DTAA/JTT0989,PC-1381,2010-08-02 21:59:00,21.0,login,,,,1,Suspicious login hour
DTAA/JTT0989,PC-1665,2010-08-02 22:03:00,22.0,login,,,,1,Suspicious login hour
DTAA/JHD0512,PC-2683,2010-08-02 22:04:00,22.0,login,,,,1,Suspicious login hour
DTAA/JTT0989,PC-1782,2010-08-02 22:06:00,22.0,login,,,,1,Suspicious login hour
DTAA/ELD1000,PC-2670,2010-08-02 22:06:00,22.0,login,,,,1,Suspicious login hour
DTAA/JCC0998,PC-4174,2010-08-02 22:08:00,22.0,login,,,,1,Suspicious login hour
DTAA/JCC0998,PC-4174,2010-08-02 22:16:00,22.0,login,,,,1,Suspicious login hour
DTAA/JTT0989,PC-1381,2010-08-02 22:29:00,22.0,login,,,,1,Suspicious login hour
DTAA/JCC0998,PC-3070,2010-08-02 22:36:00,22.0,login,,,,1,Suspicious login hour
DTAA/JTT0989,PC-4293,2010-08-02 22:40:00,22.0,login,,,,1,Suspicious login hour
DTAA/CGM0994,PC-3039,2010-08-02 22:42:00,22.0,login,,,,1,Suspicious login hour
DTAA/CLB0995,PC-2761,2010-08-02 22:49:00,22.0,login,,,,1,Suspicious login hour
DTAA/JTT0989,PC-4293,2010-08-02 22:50:00,22.0,login,,,,1,Suspicious login hour
DTAA/ARS0993,PC-3471,2010-08-02 22:53:00,22.0,login,,,,1,Suspicious login hour
DTAA/BJM0992,PC-4184,2010-08-02 22:57:00,22.0,login,,,,1,Suspicious login hour
DTAA/BJM0992,PC-4184,2010-08-02 22:58:00,22.0,login,,,,1,Suspicious login hour
DTAA/CGM0994,PC-3039,2010-08-02 23:00:00,23.0,login,,,,1,Suspicious login hour
DTAA/KEE0997,PC-1005,2010-08-02 23:08:00,23.0,login,,,,1,Suspicious login hour
DTAA/KEE0997,PC-1005,2010-08-02 23:10:00,23.0,login,,,,1,Suspicious login hour
DTAA/JCC0998,PC-3070,2010-08-02 23:14:00,23.0,login,,,,1,Suspicious login hour
DTAA/CRC0996,PC-2894,2010-08-02 23:16:00,23.0,login,,,,1,Suspicious login hour
DTAA/CGM0994,PC-0028,2010-08-02 23:16:00,23.0,login,,,,1,Suspicious login hour
DTAA/ARS0993,PC-3471,2010-08-02 23:19:00,23.0,login,,,,1,Suspicious login hour
DTAA/CLB0995,PC-2761,2010-08-02 23:29:00,23.0,login,,,,1,Suspicious login hour
DTAA/JHD0512,PC-2683,2010-08-02 23:30:00,23.0,login,,,,1,Suspicious login hour
DTAA/CRC0996,PC-2894,2010-08-02 23:37:00,23.0,login,,,,1,Suspicious login hour
DTAA/CRC0996,PC-2549,2010-08-02 23:43:00,23.0,login,,,,1,Suspicious login hour
DTAA/CGM0994,PC-0028,2010-08-02 23:45:00,23.0,login,,,,1,Suspicious login hour
DTAA/IRC0991,PC-4531,2010-08-02 23:50:00,23.0,login,,,,1,Suspicious login hour
DTAA/CRC0996,PC-2549,2010-08-02 23:55:00,23.0,login,,,,1,Suspicious login hour
DTAA/JTT0989,PC-1243,2010-08-02 23:59:00,23.0,login,,,,1,Suspicious login hour
DTAA/IRC0991,PC-4531,2010-08-03 00:00:00,0.0,login,,,,1,Suspicious login hour
DTAA/CLB0995,PC-0563,2010-08-03 00:05:00,0.0,login,,,,1,Suspicious login hour
DTAA/CRC0996,PC-1093,2010-08-03 00:13:00,0.0,login,,,,1,Suspicious login hour
DTAA/CRC0996,PC-1093,2010-08-03 00:19:00,0.0,login,,,,1,Suspicious login hour
DTAA/CLB0995,PC-0563,2010-08-03 00:22:00,0.0,login,,,,1,Suspicious login hour
DTAA/JBL0450,PC-2338,2010-08-03 00:22:00,0.0,login,,,,1,Suspicious login hour
DTAA/JTT0989,PC-1243,2010-08-03 00:28:00,0.0,login,,,,1,Suspicious login hour
DTAA/IRC0991,PC-4600,2010-08-03 01:05:00,1.0,login,,,,1,Suspicious login hour
DTAA/JBL0450,PC-2338,2010-08-03 01:17:00,1.0,login,,,,1,Suspicious login hour
DTAA/IRC0991,PC-4600,2010-08-03 01:22:00,1.0,login,,,,1,Suspicious login hour
DTAA/SDC0032,PC-3081,2010-08-03 01:35:00,1.0,login,,,,1,Suspicious login hour
DTAA/EOS0972,PC-4981,2010-08-03 01:38:00,1.0,login,,,,1,Suspicious login hour
DTAA/AJP0553,PC-1270,2010-08-03 01:42:00,1.0,login,,,,1,Suspicious login hour
DTAA/CLB0995,PC-1730,2010-08-03 02:11:00,2.0,login,,,,1,Suspicious login hour
DTAA/AFO0022,PC-2218,2010-08-03 02:18:00,2.0,login,,,,1,Suspicious login hour
DTAA/CLB0995,PC-1730,2010-08-03 02:30:00,2.0,login,,,,1,Suspicious login hour
DTAA/CGM0994,PC-0659,2010-08-03 02:34:00,2.0,login,,,,1,Suspicious login hour
DTAA/ABS0726,PC-3698,2010-08-03 02:44:00,2.0,login,,,,1,Suspicious login hour
DTAA/EOS0972,PC-4981,2010-08-03 02:56:00,2.0,login,,,,1,Suspicious login hour
DTAA/CGM0994,PC-0659,2010-08-03 03:09:00,3.0,login,,,,1,Suspicious login hour
DTAA/ELD1000,PC-1139,2010-08-03 03:22:00,3.0,login,,,,1,Suspicious login hour
DTAA/SDC0032,PC-3081,2010-08-03 03:30:00,3.0,login,,,,1,Suspicious login hour
DTAA/CGM0994,PC-2420,2010-08-03 03:32:00,3.0,login,,,,1,Suspicious login hour
DTAA/AJA0220,PC-3872,2010-08-03 03:49:00,3.0,login,,,,1,Suspicious login hour
DTAA/JTT0989,PC-3140,2010-08-03 03:52:00,3.0,login,,,,1,Suspicious login hour
DTAA/ELD1000,PC-1139,2010-08-03 04:03:00,4.0,login,,,,1,Suspicious login hour
DTAA/MVW0630,PC-2005,2010-08-03 04:04:00,4.0,login,,,,1,Suspicious login hour
DTAA/CRC0996,PC-2580,2010-08-03 04:05:00,4.0,login,,,,1,Suspicious login hour
DTAA/CGM0994,PC-2420,2010-08-03 04:13:00,4.0,login,,,,1,Suspicious login hour
DTAA/ZAB0889,PC-2844,2010-08-03 04:19:00,4.0,login,,,,1,Suspicious login hour
DTAA/ELD1000,PC-1512,2010-08-03 04:22:00,4.0,login,,,,1,Suspicious login hour
DTAA/JTT0989,PC-3140,2010-08-03 04:35:00,4.0,login,,,,1,Suspicious login hour
DTAA/ELD1000,PC-1512,2010-08-03 04:35:00,4.0,login,,,,1,Suspicious login hour
DTAA/CGM0994,PC-4606,2010-08-03 04:44:00,4.0,login,,,,1,Suspicious login hour
DTAA/CRC0996,PC-2580,2010-08-03 04:48:00,4.0,login,,,,1,Suspicious login hour
DTAA/CRC0996,PC-3363,2010-08-03 04:49:00,4.0,login,,,,1,Suspicious login hour
DTAA/PMB0702,PC-1792,2010-08-03 04:50:00,4.0,login,,,,1,Suspicious login hour
DTAA/BIR0534,PC-1834,2010-08-03 04:59:00,4.0,login,,,,1,Suspicious login hour
DTAA/CGM0994,PC-4606,2010-08-03 05:10:00,5.0,login,,,,1,Suspicious login hour
DTAA/BJM0992,PC-2902,2010-08-03 05:18:00,5.0,login,,,,1,Suspicious login hour
DTAA/CRC0996,PC-4292,2010-08-03 05:20:00,5.0,login,,,,1,Suspicious login hour
DTAA/CRC0996,PC-3363,2010-08-03 05:33:00,5.0,login,,,,1,Suspicious login hour
DTAA/CLN0999,PC-2216,2010-08-03 05:43:00,5.0,login,,,,1,Suspicious login hour
DTAA/BJM0992,PC-4438,2010-08-03 05:51:00,5.0,login,,,,1,Suspicious login hour
DTAA/CLN0999,PC-2216,2010-08-03 05:55:00,5.0,login,,,,1,Suspicious login hour
DTAA/BJM0992,PC-2902,2010-08-03 05:56:00,5.0,login,,,,1,Suspicious login hour
DTAA/MVW0630,PC-2005,2010-08-03 05:59:00,5.0,login,,,,1,Suspicious login hour
DTAA/CRC0996,PC-2780,2010-08-03 05:59:00,5.0,login,,,,1,Suspicious login hour
DTAA/JCC0998,PC-3521,2010-08-03 21:06:00,21.0,login,,,,1,Suspicious login hour
DTAA/CLB0995,PC-0668,2010-08-03 21:08:00,21.0,login,,,,1,Suspicious login hour
DTAA/SKL0881,PC-1581,2010-08-03 21:12:00,21.0,login,,,,1,Suspicious login hour
DTAA/VAH0262,PC-1398,2010-08-03 21:13:00,21.0,login,,,,1,Suspicious login hour
DTAA/AIB0797,PC-4147,2010-08-03 21:14:00,21.0,login,,,,1,Suspicious login hour
DTAA/IRC0991,PC-3319,2010-08-03 21:15:00,21.0,login,,,,1,Suspicious login hour
DTAA/NAT0252,PC-1796,2010-08-03 21:19:00,21.0,login,,,,1,Suspicious login hour
DTAA/GRS0372,PC-2242,2010-08-03 21:19:00,21.0,login,,,,1,Suspicious login hour
DTAA/IRC0991,PC-4305,2010-08-03 21:30:00,21.0,login,,,,1,Suspicious login hour
DTAA/BJM0992,PC-3614,2010-08-03 21:30:00,21.0,login,,,,1,Suspicious login hour
DTAA/NDS0490,PC-2549,2010-08-03 21:35:00,21.0,login,,,,1,Suspicious login hour
DTAA/CGM0994,PC-0174,2010-08-03 21:41:00,21.0,login,,,,1,Suspicious login hour
DTAA/CRC0996,PC-0632,2010-08-03 21:46:00,21.0,login,,,,1,Suspicious login hour
DTAA/JGC0775,PC-2680,2010-08-03 21:47:00,21.0,login,,,,1,Suspicious login hour
DTAA/KEE0997,PC-1313,2010-08-03 21:48:00,21.0,login,,,,1,Suspicious login hour
DTAA/CRC0996,PC-0632,2010-08-03 21:48:00,21.0,login,,,,1,Suspicious login hour
DTAA/KEE0997,PC-1950,2010-08-03 21:48:00,21.0,login,,,,1,Suspicious login hour
DTAA/CRC0996,PC-2605,2010-08-03 21:49:00,21.0,login,,,,1,Suspicious login hour
DTAA/KEE0997,PC-1950,2010-08-03 21:50:00,21.0,login,,,,1,Suspicious login hour
DTAA/KEE0997,PC-1313,2010-08-03 21:52:00,21.0,login,,,,1,Suspicious login hour
DTAA/CRC0996,PC-2605,2010-08-03 21:55:00,21.0,login,,,,1,Suspicious login hour
DTAA/DIS0382,PC-2501,2010-08-03 22:00:00,22.0,login,,,,1,Suspicious login hour
DTAA/RBC0583,PC-1380,2010-08-03 22:00:00,22.0,login,,,,1,Suspicious login hour
DTAA/DSM0990,PC-1120,2010-08-03 22:08:00,22.0,login,,,,1,Suspicious login hour
DTAA/IRC0991,PC-4305,2010-08-03 22:10:00,22.0,login,,,,1,Suspicious login hour
DTAA/DSM0990,PC-3192,2010-08-03 22:11:00,22.0,login,,,,1,Suspicious login hour
DTAA/JTT0989,PC-3234,2010-08-03 22:16:00,22.0,login,,,,1,Suspicious login hour
DTAA/DSM0990,PC-1120,2010-08-03 22:18:00,22.0,login,,,,1,Suspicious login hour
DTAA/CGM0994,PC-0174,2010-08-03 22:22:00,22.0,login,,,,1,Suspicious login hour
DTAA/JTT0989,PC-3234,2010-08-03 22:24:00,22.0,login,,,,1,Suspicious login hour
DTAA/JTT0989,PC-4479,2010-08-03 22:40:00,22.0,login,,,,1,Suspicious login hour
DTAA/CGM0994,PC-0686,2010-08-03 22:43:00,22.0,login,,,,1,Suspicious login hour
DTAA/JCC0998,PC-4584,2010-08-03 22:44:00,22.0,login,,,,1,Suspicious login hour
DTAA/DSM0990,PC-3192,2010-08-03 22:44:00,22.0,login,,,,1,Suspicious login hour
DTAA/JCC0998,PC-4584,2010-08-03 22:45:00,22.0,login,,,,1,Suspicious login hour
DTAA/JTT0989,PC-4479,2010-08-03 22:49:00,22.0,login,,,,1,Suspicious login hour
DTAA/LJR0772,PC-3780,2010-08-03 22:50:00,22.0,login,,,,1,Suspicious login hour
DTAA/ARS0993,PC-1771,2010-08-03 23:01:00,23.0,login,,,,1,Suspicious login hour
DTAA/CGM0994,PC-0686,2010-08-03 23:10:00,23.0,login,,,,1,Suspicious login hour
DTAA/LJR0772,PC-3780,2010-08-03 23:17:00,23.0,login,,,,1,Suspicious login hour
DTAA/AIB0797,PC-4147,2010-08-03 23:19:00,23.0,login,,,,1,Suspicious login hour
DTAA/BJM0992,PC-3295,2010-08-03 23:22:00,23.0,login,,,,1,Suspicious login hour
DTAA/ARS0993,PC-1771,2010-08-03 23:43:00,23.0,login,,,,1,Suspicious login hour
DTAA/ELD1000,PC-1118,2010-08-03 23:59:00,23.0,login,,,,1,Suspicious login hour
DTAA/BJM0992,PC-3295,2010-08-04 00:02:00,0.0,login,,,,1,Suspicious login hour
DTAA/AMA0191,PC-4736,2010-08-04 00:06:00,0.0,login,,,,1,Suspicious login hour
DTAA/ELD1000,PC-1118,2010-08-04 00:15:00,0.0,login,,,,1,Suspicious login hour
DTAA/JTT0989,PC-3022,2010-08-04 00:20:00,0.0,login,,,,1,Suspicious login hour
DTAA/DFZ0063,PC-4442,2010-08-04 00:35:00,0.0,login,,,,1,Suspicious login hour
DTAA/JTT0989,PC-3022,2010-08-04 00:45:00,0.0,login,,,,1,Suspicious login hour
DTAA/CLB0995,PC-1514,2010-08-04 00:47:00,0.0,login,,,,1,Suspicious login hour
DTAA/DJW0368,PC-2518,2010-08-04 00:50:00,0.0,login,,,,1,Suspicious login hour
DTAA/RBC0583,PC-1380,2010-08-04 00:57:00,0.0,login,,,,1,Suspicious login hour
DTAA/CLB0995,PC-1514,2010-08-04 01:23:00,1.0,login,,,,1,Suspicious login hour
DTAA/CLK0383,PC-0419,2010-08-04 01:45:00,1.0,login,,,,1,Suspicious login hour
DTAA/KEE0997,PC-2564,2010-08-04 01:45:00,1.0,login,,,,1,Suspicious login hour
DTAA/IAG0152,PC-3521,2010-08-04 02:13:00,2.0,login,,,,1,Suspicious login hour
DTAA/KEE0997,PC-2564,2010-08-04 02:21:00,2.0,login,,,,1,Suspicious login hour
DTAA/JGC0775,PC-2680,2010-08-04 02:21:00,2.0,login,,,,1,Suspicious login hour
DTAA/CLN0999,PC-1147,2010-08-04 02:22:00,2.0,login,,,,1,Suspicious login hour
DTAA/CRC0996,PC-0750,2010-08-04 02:30:00,2.0,login,,,,1,Suspicious login hour
DTAA/CRC0996,PC-0750,2010-08-04 02:33:00,2.0,login,,,,1,Suspicious login hour
DTAA/ARS0993,PC-4076,2010-08-04 02:49:00,2.0,login,,,,1,Suspicious login hour
DTAA/CLN0999,PC-1147,2010-08-04 02:50:00,2.0,login,,,,1,Suspicious login hour
DTAA/IRC0991,PC-1011,2010-08-04 02:55:00,2.0,login,,,,1,Suspicious login hour
DTAA/DJW0368,PC-2518,2010-08-04 02:56:00,2.0,login,,,,1,Suspicious login hour
DTAA/ARS0993,PC-4935,2010-08-04 03:21:00,3.0,login,,,,1,Suspicious login hour
DTAA/ARS0993,PC-1651,2010-08-04 03:23:00,3.0,login,,,,1,Suspicious login hour
DTAA/IRC0991,PC-1011,2010-08-04 03:29:00,3.0,login,,,,1,Suspicious login hour
DTAA/ARS0993,PC-1651,2010-08-04 03:33:00,3.0,login,,,,1,Suspicious login hour
DTAA/ARS0993,PC-4076,2010-08-04 03:34:00,3.0,login,,,,1,Suspicious login hour
DTAA/ARS0993,PC-2525,2010-08-04 03:42:00,3.0,login,,,,1,Suspicious login hour
DTAA/CTF0687,PC-2959,2010-08-04 03:56:00,3.0,login,,,,1,Suspicious login hour
DTAA/ARS0993,PC-4935,2010-08-04 03:57:00,3.0,login,,,,1,Suspicious login hour
DTAA/ARS0993,PC-2525,2010-08-04 03:58:00,3.0,login,,,,1,Suspicious login hour
DTAA/DFZ0063,PC-4442,2010-08-04 04:17:00,4.0,login,,,,1,Suspicious login hour
DTAA/GRS0372,PC-2242,2010-08-04 04:28:00,4.0,login,,,,1,Suspicious login hour
DTAA/CLK0383,PC-0419,2010-08-04 04:42:00,4.0,login,,,,1,Suspicious login hour
DTAA/IAG0152,PC-3521,2010-08-04 04:49:00,4.0,login,,,,1,Suspicious login hour
DTAA/AMA0191,PC-4736,2010-08-04 04:49:00,4.0,login,,,,1,Suspicious login hour
DTAA/HCG0731,PC-4643,2010-08-04 05:04:00,5.0,login,,,,1,Suspicious login hour
DTAA/CTH0856,PC-4677,2010-08-04 05:55:00,5.0,login,,,,1,Suspicious login hour
DTAA/ODW0839,PC-1940,2010-08-04 21:01:00,21.0,login,,,,1,Suspicious login hour
DTAA/ARS0993,PC-3980,2010-08-04 21:02:00,21.0,login,,,,1,Suspicious login hour
DTAA/ARC0677,PC-0465,2010-08-04 21:08:00,21.0,login,,,,1,Suspicious login hour
DTAA/JTT0989,PC-0548,2010-08-04 21:12:00,21.0,login,,,,1,Suspicious login hour
DTAA/NAT0252,PC-1796,2010-08-04 21:14:00,21.0,login,,,,1,Suspicious login hour
DTAA/ARS0993,PC-3980,2010-08-04 21:15:00,21.0,login,,,,1,Suspicious login hour
DTAA/VAH0262,PC-1398,2010-08-04 21:16:00,21.0,login,,,,1,Suspicious login hour
DTAA/HTC0607,PC-1033,2010-08-04 21:22:00,21.0,login,,,,1,Suspicious login hour
DTAA/SKL0881,PC-1581,2010-08-04 21:22:00,21.0,login,,,,1,Suspicious login hour
DTAA/ASO0023,PC-3990,2010-08-04 21:23:00,21.0,login,,,,1,Suspicious login hour
DTAA/NDS0490,PC-2549,2010-08-04 21:32:00,21.0,login,,,,1,Suspicious login hour
DTAA/JTT0989,PC-0548,2010-08-04 21:51:00,21.0,login,,,,1,Suspicious login hour
DTAA/ASO0023,PC-3990,2010-08-04 22:11:00,22.0,login,,,,1,Suspicious login hour
DTAA/DSM0990,PC-2121,2010-08-04 22:20:00,22.0,login,,,,1,Suspicious login hour
DTAA/CHS0324,PC-3251,2010-08-04 22:24:00,22.0,login,,,,1,Suspicious login hour
DTAA/CRC0996,PC-1717,2010-08-04 22:38:00,22.0,login,,,,1,Suspicious login hour
DTAA/DSM0990,PC-2121,2010-08-04 22:42:00,22.0,login,,,,1,Suspicious login hour
DTAA/CRC0996,PC-1717,2010-08-04 23:22:00,23.0,login,,,,1,Suspicious login hour
DTAA/FKR0550,PC-2469,2010-08-04 23:22:00,23.0,login,,,,1,Suspicious login hour
DTAA/HTC0607,PC-1033,2010-08-04 23:29:00,23.0,login,,,,1,Suspicious login hour
DTAA/BJM0992,PC-4664,2010-08-04 23:42:00,23.0,login,,,,1,Suspicious login hour
DTAA/COS0121,PC-0462,2010-08-04 23:48:00,23.0,login,,,,1,Suspicious login hour
DTAA/BJM0992,PC-1249,2010-08-04 23:49:00,23.0,login,,,,1,Suspicious login hour
DTAA/COS0121,PC-0462,2010-08-04 23:54:00,23.0,login,,,,1,Suspicious login hour
DTAA/BJM0992,PC-4664,2010-08-05 00:11:00,0.0,login,,,,1,Suspicious login hour
DTAA/CHS0324,PC-3251,2010-08-05 00:21:00,0.0,login,,,,1,Suspicious login hour
DTAA/CLB0995,PC-2553,2010-08-05 00:24:00,0.0,login,,,,1,Suspicious login hour
DTAA/BJM0992,PC-1249,2010-08-05 00:34:00,0.0,login,,,,1,Suspicious login hour
DTAA/CLB0995,PC-2553,2010-08-05 00:39:00,0.0,login,,,,1,Suspicious login hour
DTAA/ELD1000,PC-2166,2010-08-05 00:47:00,0.0,login,,,,1,Suspicious login hour
DTAA/AKW0582,PC-0891,2010-08-05 00:54:00,0.0,login,,,,1,Suspicious login hour
DTAA/RQH0770,PC-4225,2010-08-05 01:00:00,1.0,login,,,,1,Suspicious login hour
DTAA/JCC0998,PC-3058,2010-08-05 01:06:00,1.0,login,,,,1,Suspicious login hour
DTAA/ELD1000,PC-3965,2010-08-05 01:07:00,1.0,login,,,,1,Suspicious login hour
DTAA/IRC0991,PC-2598,2010-08-05 01:20:00,1.0,login,,,,1,Suspicious login hour
DTAA/ELD1000,PC-3965,2010-08-05 01:22:00,1.0,login,,,,1,Suspicious login hour
DTAA/CLN0999,PC-3657,2010-08-05 01:22:00,1.0,login,,,,1,Suspicious login hour
DTAA/ELD1000,PC-2166,2010-08-05 01:31:00,1.0,login,,,,1,Suspicious login hour
DTAA/JCC0998,PC-3058,2010-08-05 01:33:00,1.0,login,,,,1,Suspicious login hour
DTAA/JAH0544,PC-4081,2010-08-05 01:36:00,1.0,login,,,,1,Suspicious login hour
DTAA/IRC0991,PC-2598,2010-08-05 01:43:00,1.0,login,,,,1,Suspicious login hour
DTAA/EMR0242,PC-1306,2010-08-05 01:49:00,1.0,login,,,,1,Suspicious login hour
DTAA/CLB0995,PC-1914,2010-08-05 01:56:00,1.0,login,,,,1,Suspicious login hour
DTAA/CLB0995,PC-1914,2010-08-05 01:59:00,1.0,login,,,,1,Suspicious login hour
DTAA/CLN0999,PC-3657,2010-08-05 02:01:00,2.0,login,,,,1,Suspicious login hour
DTAA/FKR0550,PC-2469,2010-08-05 02:21:00,2.0,login,,,,1,Suspicious login hour
DTAA/JTT0989,PC-3338,2010-08-05 02:37:00,2.0,login,,,,1,Suspicious login hour
DTAA/ELD1000,PC-3171,2010-08-05 02:59:00,2.0,login,,,,1,Suspicious login hour
DTAA/JTT0989,PC-3338,2010-08-05 02:59:00,2.0,login,,,,1,Suspicious login hour
DTAA/JCC0998,PC-0248,2010-08-05 03:11:00,3.0,login,,,,1,Suspicious login hour
DTAA/ELD1000,PC-3171,2010-08-05 03:12:00,3.0,login,,,,1,Suspicious login hour
DTAA/JCC0998,PC-0248,2010-08-05 03:21:00,3.0,login,,,,1,Suspicious login hour
DTAA/BJM0992,PC-2718,2010-08-05 03:28:00,3.0,login,,,,1,Suspicious login hour
DTAA/ARS0993,PC-2613,2010-08-05 03:52:00,3.0,login,,,,1,Suspicious login hour
DTAA/BJM0992,PC-2718,2010-08-05 03:54:00,3.0,login,,,,1,Suspicious login hour
DTAA/AKW0582,PC-0891,2010-08-05 04:03:00,4.0,login,,,,1,Suspicious login hour
DTAA/ELD1000,PC-0415,2010-08-05 04:21:00,4.0,login,,,,1,Suspicious login hour
DTAA/ELD1000,PC-1436,2010-08-05 04:27:00,4.0,login,,,,1,Suspicious login hour
DTAA/ELD1000,PC-0415,2010-08-05 04:28:00,4.0,login,,,,1,Suspicious login hour
DTAA/ELD1000,PC-3013,2010-08-05 04:29:00,4.0,login,,,,1,Suspicious login hour
DTAA/KEE0997,PC-3947,2010-08-05 04:30:00,4.0,login,,,,1,Suspicious login hour
DTAA/ARS0993,PC-2613,2010-08-05 04:31:00,4.0,login,,,,1,Suspicious login hour
DTAA/ELD1000,PC-1436,2010-08-05 04:56:00,4.0,login,,,,1,Suspicious login hour
DTAA/KEE0997,PC-3947,2010-08-05 05:02:00,5.0,login,,,,1,Suspicious login hour
DTAA/ELD1000,PC-3013,2010-08-05 05:05:00,5.0,login,,,,1,Suspicious login hour
DTAA/JAH0544,PC-4081,2010-08-05 05:20:00,5.0,login,,,,1,Suspicious login hour
DTAA/EMR0242,PC-1306,2010-08-05 05:58:00,5.0,login,,,,1,Suspicious login hour
DTAA/CRC0996,PC-1458,2010-08-05 21:03:00,21.0,login,,,,1,Suspicious login hour
DTAA/ARC0677,PC-0465,2010-08-05 21:05:00,21.0,login,,,,1,Suspicious login hour
DTAA/DSM0990,PC-2846,2010-08-05 21:09:00,21.0,login,,,,1,Suspicious login hour
DTAA/VAH0262,PC-1398,2010-08-05 21:10:00,21.0,login,,,,1,Suspicious login hour
DTAA/NAT0252,PC-1796,2010-08-05 21:15:00,21.0,login,,,,1,Suspicious login hour
DTAA/SAH0192,PC-4079,2010-08-05 21:18:00,21.0,login,,,,1,Suspicious login hour
DTAA/DSM0990,PC-4863,2010-08-05 21:19:00,21.0,login,,,,1,Suspicious login hour
DTAA/SKL0881,PC-1581,2010-08-05 21:20:00,21.0,login,,,,1,Suspicious login hour
DTAA/NDS0490,PC-2549,2010-08-05 21:32:00,21.0,login,,,,1,Suspicious login hour
DTAA/CLB0995,PC-3235,2010-08-05 21:35:00,21.0,login,,,,1,Suspicious login hour
DTAA/DSM0990,PC-2846,2010-08-05 21:37:00,21.0,login,,,,1,Suspicious login hour
DTAA/CLB0995,PC-3235,2010-08-05 21:47:00,21.0,login,,,,1,Suspicious login hour
DTAA/MSV0506,PC-3240,2010-08-05 21:49:00,21.0,login,,,,1,Suspicious login hour
DTAA/ARS0993,PC-4755,2010-08-05 21:54:00,21.0,login,,,,1,Suspicious login hour
DTAA/DSM0990,PC-1582,2010-08-05 22:12:00,22.0,login,,,,1,Suspicious login hour
DTAA/SAH0192,PC-4079,2010-08-05 22:16:00,22.0,login,,,,1,Suspicious login hour
DTAA/ARS0993,PC-4755,2010-08-05 22:24:00,22.0,login,,,,1,Suspicious login hour
DTAA/CRC0996,PC-2701,2010-08-05 22:24:00,22.0,login,,,,1,Suspicious login hour
DTAA/MSV0506,PC-3240,2010-08-05 22:25:00,22.0,login,,,,1,Suspicious login hour
DTAA/DSM0990,PC-1582,2010-08-05 22:27:00,22.0,login,,,,1,Suspicious login hour
DTAA/IRC0991,PC-2282,2010-08-05 22:30:00,22.0,login,,,,1,Suspicious login hour
DTAA/CRC0996,PC-2701,2010-08-05 22:37:00,22.0,login,,,,1,Suspicious login hour
DTAA/IRC0991,PC-2282,2010-08-05 22:42:00,22.0,login,,,,1,Suspicious login hour
DTAA/IMB0473,PC-4682,2010-08-05 22:56:00,22.0,login,,,,1,Suspicious login hour
DTAA/DSM0990,PC-3835,2010-08-05 23:05:00,23.0,login,,,,1,Suspicious login hour
DTAA/DSM0990,PC-3835,2010-08-05 23:25:00,23.0,login,,,,1,Suspicious login hour
DTAA/KEE0997,PC-3737,2010-08-05 23:42:00,23.0,login,,,,1,Suspicious login hour
DTAA/CLN0999,PC-3137,2010-08-05 23:42:00,23.0,login,,,,1,Suspicious login hour
DTAA/CSC0297,PC-2848,2010-08-05 23:44:00,23.0,login,,,,1,Suspicious login hour
DTAA/BJM0992,PC-2889,2010-08-06 00:04:00,0.0,login,,,,1,Suspicious login hour
DTAA/CLN0999,PC-3137,2010-08-06 00:11:00,0.0,login,,,,1,Suspicious login hour
DTAA/KEE0997,PC-3737,2010-08-06 00:13:00,0.0,login,,,,1,Suspicious login hour
DTAA/BJM0992,PC-4952,2010-08-06 00:25:00,0.0,login,,,,1,Suspicious login hour
DTAA/BJM0992,PC-2889,2010-08-06 00:33:00,0.0,login,,,,1,Suspicious login hour
DTAA/ARS0993,PC-2368,2010-08-06 00:44:00,0.0,login,,,,1,Suspicious login hour
DTAA/ARS0993,PC-2368,2010-08-06 00:49:00,0.0,login,,,,1,Suspicious login hour
DTAA/JCS0873,PC-1560,2010-08-06 00:50:00,0.0,login,,,,1,Suspicious login hour
DTAA/BTW0973,PC-4462,2010-08-06 00:54:00,0.0,login,,,,1,Suspicious login hour
DTAA/BJM0992,PC-4952,2010-08-06 01:05:00,1.0,login,,,,1,Suspicious login hour
DTAA/CLB0995,PC-3041,2010-08-06 01:08:00,1.0,login,,,,1,Suspicious login hour
DTAA/JTT0989,PC-2886,2010-08-06 01:19:00,1.0,login,,,,1,Suspicious login hour
DTAA/IMB0473,PC-4682,2010-08-06 01:23:00,1.0,login,,,,1,Suspicious login hour
DTAA/CLB0995,PC-3041,2010-08-06 01:46:00,1.0,login,,,,1,Suspicious login hour
DTAA/CLN0999,PC-3366,2010-08-06 01:47:00,1.0,login,,,,1,Suspicious login hour
DTAA/CGM0994,PC-4327,2010-08-06 01:55:00,1.0,login,,,,1,Suspicious login hour
DTAA/CLN0999,PC-3366,2010-08-06 01:57:00,1.0,login,,,,1,Suspicious login hour
DTAA/CLN0999,PC-3021,2010-08-06 01:57:00,1.0,login,,,,1,Suspicious login hour
DTAA/ELD1000,PC-0209,2010-08-06 02:00:00,2.0,login,,,,1,Suspicious login hour
DTAA/JTT0989,PC-2886,2010-08-06 02:00:00,2.0,login,,,,1,Suspicious login hour
DTAA/ELD1000,PC-0209,2010-08-06 02:08:00,2.0,login,,,,1,Suspicious login hour
DTAA/JTT0989,PC-3269,2010-08-06 02:10:00,2.0,login,,,,1,Suspicious login hour
DTAA/JCC0998,PC-0313,2010-08-06 02:13:00,2.0,login,,,,1,Suspicious login hour
DTAA/CLN0999,PC-2643,2010-08-06 02:26:00,2.0,login,,,,1,Suspicious login hour
DTAA/CGM0994,PC-4327,2010-08-06 02:29:00,2.0,login,,,,1,Suspicious login hour
DTAA/CLN0999,PC-3021,2010-08-06 02:35:00,2.0,login,,,,1,Suspicious login hour
DTAA/JTT0989,PC-3269,2010-08-06 02:41:00,2.0,login,,,,1,Suspicious login hour
DTAA/CLN0999,PC-2643,2010-08-06 02:54:00,2.0,login,,,,1,Suspicious login hour
DTAA/JCC0998,PC-0313,2010-08-06 02:55:00,2.0,login,,,,1,Suspicious login hour
DTAA/IKH0904,PC-3664,2010-08-06 03:02:00,3.0,login,,,,1,Suspicious login hour
DTAA/CRC0996,PC-0081,2010-08-06 03:05:00,3.0,login,,,,1,Suspicious login hour
DTAA/CRC0996,PC-0081,2010-08-06 03:29:00,3.0,login,,,,1,Suspicious login hour
DTAA/CMF0339,PC-1939,2010-08-06 03:38:00,3.0,login,,,,1,Suspicious login hour
DTAA/CSC0297,PC-2848,2010-08-06 03:46:00,3.0,login,,,,1,Suspicious login hour
DTAA/WTA0867,PC-1522,2010-08-06 03:47:00,3.0,login,,,,1,Suspicious login hour
DTAA/CLN0999,PC-4361,2010-08-06 04:01:00,4.0,login,,,,1,Suspicious login hour
DTAA/BJM0992,PC-1337,2010-08-06 04:06:00,4.0,login,,,,1,Suspicious login hour
DTAA/CMF0339,PC-1939,2010-08-06 04:13:00,4.0,login,,,,1,Suspicious login hour
DTAA/BJM0992,PC-1337,2010-08-06 04:18:00,4.0,login,,,,1,Suspicious login hour
DTAA/CLN0999,PC-4361,2010-08-06 04:19:00,4.0,login,,,,1,Suspicious login hour
DTAA/ARS0993,PC-3185,2010-08-06 04:31:00,4.0,login,,,,1,Suspicious login hour
DTAA/ARS0993,PC-3185,2010-08-06 05:00:00,5.0,login,,,,1,Suspicious login hour
DTAA/JCC0998,PC-0502,2010-08-06 05:10:00,5.0,login,,,,1,Suspicious login hour
DTAA/CGM0994,PC-4319,2010-08-06 05:17:00,5.0,login,,,,1,Suspicious login hour
DTAA/HTS0265,PC-1744,2010-08-06 05:18:00,5.0,login,,,,1,Suspicious login hour
DTAA/JCC0998,PC-0502,2010-08-06 05:21:00,5.0,login,,,,1,Suspicious login hour
DTAA/CLN0999,PC-4296,2010-08-06 05:22:00,5.0,login,,,,1,Suspicious login hour
DTAA/PUH0847,PC-2550,2010-08-06 05:25:00,5.0,login,,,,1,Suspicious login hour
DTAA/IKH0904,PC-3664,2010-08-06 05:26:00,5.0,login,,,,1,Suspicious login hour
DTAA/JCC0998,PC-1532,2010-08-06 05:53:00,5.0,login,,,,1,Suspicious login hour
DTAA/KEE0997,PC-3769,2010-08-06 05:54:00,5.0,login,,,,1,Suspicious login hour
DTAA/ELD1000,PC-2493,2010-08-06 21:02:00,21.0,login,,,,1,Suspicious login hour
DTAA/ARC0677,PC-0465,2010-08-06 21:02:00,21.0,login,,,,1,Suspicious login hour
DTAA/ELD1000,PC-4670,2010-08-06 21:07:00,21.0,login,,,,1,Suspicious login hour
DTAA/ODW0839,PC-1940,2010-08-06 21:08:00,21.0,login,,,,1,Suspicious login hour
DTAA/NAT0252,PC-1796,2010-08-06 21:14:00,21.0,login,,,,1,Suspicious login hour
DTAA/KEE0997,PC-3787,2010-08-06 21:19:00,21.0,login,,,,1,Suspicious login hour
DTAA/VAH0262,PC-1398,2010-08-06 21:19:00,21.0,login,,,,1,Suspicious login hour
DTAA/SKL0881,PC-1581,2010-08-06 21:22:00,21.0,login,,,,1,Suspicious login hour
DTAA/ELD1000,PC-2979,2010-08-06 21:25:00,21.0,login,,,,1,Suspicious login hour
DTAA/DSM0990,PC-0440,2010-08-06 21:29:00,21.0,login,,,,1,Suspicious login hour
DTAA/JCC0998,PC-3084,2010-08-06 21:30:00,21.0,login,,,,1,Suspicious login hour
DTAA/NDS0490,PC-2549,2010-08-06 21:33:00,21.0,login,,,,1,Suspicious login hour
DTAA/KEE0997,PC-3787,2010-08-06 21:37:00,21.0,login,,,,1,Suspicious login hour
DTAA/ELD1000,PC-2493,2010-08-06 21:40:00,21.0,login,,,,1,Suspicious login hour
DTAA/CLB0995,PC-1169,2010-08-06 21:51:00,21.0,login,,,,1,Suspicious login hour
DTAA/DSM0990,PC-0440,2010-08-06 21:53:00,21.0,login,,,,1,Suspicious login hour
DTAA/CLB0995,PC-1169,2010-08-06 21:57:00,21.0,login,,,,1,Suspicious login hour
DTAA/JCC0998,PC-3084,2010-08-06 22:11:00,22.0,login,,,,1,Suspicious login hour
DTAA/CLN0999,PC-1803,2010-08-06 22:14:00,22.0,login,,,,1,Suspicious login hour
DTAA/BJM0992,PC-4739,2010-08-06 22:23:00,22.0,login,,,,1,Suspicious login hour
DTAA/DDK0417,PC-0980,2010-08-06 22:34:00,22.0,login,,,,1,Suspicious login hour
DTAA/CLN0999,PC-1803,2010-08-06 22:38:00,22.0,login,,,,1,Suspicious login hour
DTAA/JTT0989,PC-4820,2010-08-06 22:42:00,22.0,login,,,,1,Suspicious login hour
DTAA/JTT0989,PC-4820,2010-08-06 22:44:00,22.0,login,,,,1,Suspicious login hour
DTAA/BJM0992,PC-4739,2010-08-06 22:49:00,22.0,login,,,,1,Suspicious login hour
DTAA/CDZ0056,PC-4052,2010-08-06 23:07:00,23.0,login,,,,1,Suspicious login hour
DTAA/CDZ0056,PC-4052,2010-08-06 23:09:00,23.0,login,,,,1,Suspicious login hour
DTAA/JCC0998,PC-3293,2010-08-06 23:10:00,23.0,login,,,,1,Suspicious login hour
DTAA/AJP0553,PC-1270,2010-08-06 23:22:00,23.0,login,,,,1,Suspicious login hour
DTAA/JCC0998,PC-3293,2010-08-06 23:29:00,23.0,login,,,,1,Suspicious login hour
DTAA/JCC0998,PC-0936,2010-08-06 23:42:00,23.0,login,,,,1,Suspicious login hour
DTAA/JCC0998,PC-2052,2010-08-06 23:54:00,23.0,login,,,,1,Suspicious login hour
DTAA/CLN0999,PC-2882,2010-08-06 23:59:00,23.0,login,,,,1,Suspicious login hour
DTAA/BAF0379,PC-3645,2010-08-07 00:06:00,0.0,login,,,,1,Suspicious login hour
DTAA/CLN0999,PC-2882,2010-08-07 00:17:00,0.0,login,,,,1,Suspicious login hour
DTAA/CLK0383,PC-0419,2010-08-07 00:23:00,0.0,login,,,,1,Suspicious login hour
DTAA/JCC0998,PC-0936,2010-08-07 00:24:00,0.0,login,,,,1,Suspicious login hour
DTAA/JCC0998,PC-2052,2010-08-07 00:25:00,0.0,login,,,,1,Suspicious login hour
DTAA/CLK0383,PC-0419,2010-08-07 00:42:00,0.0,login,,,,1,Suspicious login hour
DTAA/AJA0220,PC-3872,2010-08-07 01:16:00,1.0,login,,,,1,Suspicious login hour
DTAA/HNS0858,PC-3790,2010-08-07 02:16:00,2.0,login,,,,1,Suspicious login hour
DTAA/ZAB0889,PC-2844,2010-08-07 02:37:00,2.0,login,,,,1,Suspicious login hour
DTAA/RBY0065,PC-2214,2010-08-07 02:39:00,2.0,login,,,,1,Suspicious login hour
DTAA/RBY0065,PC-2214,2010-08-07 03:15:00,3.0,login,,,,1,Suspicious login hour
DTAA/DDK0417,PC-0980,2010-08-07 04:00:00,4.0,login,,,,1,Suspicious login hour
DTAA/HNS0858,PC-3790,2010-08-07 04:38:00,4.0,login,,,,1,Suspicious login hour
DTAA/ZAB0889,PC-2844,2010-08-07 04:48:00,4.0,login,,,,1,Suspicious login hour
DTAA/CRC0996,PC-4736,2010-08-09 00:14:00,0.0,login,,,,1,Suspicious login hour
DTAA/CGM0994,PC-2437,2010-08-09 00:18:00,0.0,login,,,,1,Suspicious login hour
DTAA/CGM0994,PC-2437,2010-08-09 00:25:00,0.0,login,,,,1,Suspicious login hour
DTAA/CRC0996,PC-4736,2010-08-09 00:25:00,0.0,login,,,,1,Suspicious login hour
DTAA/CLN0999,PC-1859,2010-08-09 00:42:00,0.0,login,,,,1,Suspicious login hour
DTAA/CLN0999,PC-2975,2010-08-09 00:59:00,0.0,login,,,,1,Suspicious login hour
DTAA/CLN0999,PC-2975,2010-08-09 01:05:00,1.0,login,,,,1,Suspicious login hour
DTAA/CLN0999,PC-1859,2010-08-09 01:18:00,1.0,login,,,,1,Suspicious login hour
DTAA/CLN0999,PC-1591,2010-08-09 01:24:00,1.0,login,,,,1,Suspicious login hour
DTAA/CLN0999,PC-1591,2010-08-09 01:48:00,1.0,login,,,,1,Suspicious login hour
DTAA/JCC0998,PC-3721,2010-08-09 01:58:00,1.0,login,,,,1,Suspicious login hour
DTAA/CLB0995,PC-1605,2010-08-09 02:12:00,2.0,login,,,,1,Suspicious login hour
DTAA/JCC0998,PC-3721,2010-08-09 02:21:00,2.0,login,,,,1,Suspicious login hour
DTAA/KEE0997,PC-2481,2010-08-09 02:35:00,2.0,login,,,,1,Suspicious login hour
DTAA/BJM0992,PC-4174,2010-08-09 02:44:00,2.0,login,,,,1,Suspicious login hour
DTAA/CGM0994,PC-0411,2010-08-09 02:52:00,2.0,login,,,,1,Suspicious login hour
DTAA/CLB0995,PC-1605,2010-08-09 02:52:00,2.0,login,,,,1,Suspicious login hour
DTAA/BJM0992,PC-4174,2010-08-09 02:53:00,2.0,login,,,,1,Suspicious login hour
DTAA/KEE0997,PC-2481,2010-08-09 03:17:00,3.0,login,,,,1,Suspicious login hour
DTAA/CGM0994,PC-0411,2010-08-09 03:20:00,3.0,login,,,,1,Suspicious login hour
DTAA/CRC0996,PC-0214,2010-08-09 03:38:00,3.0,login,,,,1,Suspicious login hour
DTAA/CGM0994,PC-2027,2010-08-09 03:41:00,3.0,login,,,,1,Suspicious login hour
DTAA/CRC0996,PC-0214,2010-08-09 04:06:00,4.0,login,,,,1,Suspicious login hour
DTAA/CGM0994,PC-2027,2010-08-09 04:20:00,4.0,login,,,,1,Suspicious login hour
DTAA/ELD1000,PC-0416,2010-08-09 04:51:00,4.0,login,,,,1,Suspicious login hour
DTAA/ELD1000,PC-0416,2010-08-09 05:28:00,5.0,login,,,,1,Suspicious login hour
DTAA/ELD1000,PC-4079,2010-08-09 05:54:00,5.0,login,,,,1,Suspicious login hour
DTAA/ARC0677,PC-0465,2010-08-09 21:00:00,21.0,login,,,,1,Suspicious login hour
DTAA/KEE0997,PC-2588,2010-08-09 21:04:00,21.0,login,,,,1,Suspicious login hour
DTAA/ELD1000,PC-4162,2010-08-09 21:09:00,21.0,login,,,,1,Suspicious login hour
DTAA/ARS0993,PC-4818,2010-08-09 21:09:00,21.0,login,,,,1,Suspicious login hour
DTAA/NAT0252,PC-1796,2010-08-09 21:12:00,21.0,login,,,,1,Suspicious login hour
DTAA/VAH0262,PC-1398,2010-08-09 21:17:00,21.0,login,,,,1,Suspicious login hour
DTAA/IRC0991,PC-0797,2010-08-09 21:20:00,21.0,login,,,,1,Suspicious login hour
DTAA/SKL0881,PC-1581,2010-08-09 21:21:00,21.0,login,,,,1,Suspicious login hour
DTAA/NDS0490,PC-2549,2010-08-09 21:28:00,21.0,login,,,,1,Suspicious login hour
DTAA/ELD1000,PC-4072,2010-08-09 21:30:00,21.0,login,,,,1,Suspicious login hour
DTAA/CRC0996,PC-1665,2010-08-09 21:35:00,21.0,login,,,,1,Suspicious login hour
DTAA/CRC0996,PC-4656,2010-08-09 21:47:00,21.0,login,,,,1,Suspicious login hour
DTAA/ARS0993,PC-4818,2010-08-09 21:48:00,21.0,login,,,,1,Suspicious login hour
DTAA/ELD1000,PC-4072,2010-08-09 21:52:00,21.0,login,,,,1,Suspicious login hour
DTAA/CRC0996,PC-4656,2010-08-09 21:56:00,21.0,login,,,,1,Suspicious login hour
DTAA/JCC0998,PC-3174,2010-08-09 22:02:00,22.0,login,,,,1,Suspicious login hour
DTAA/CLN0999,PC-0813,2010-08-09 22:09:00,22.0,login,,,,1,Suspicious login hour
DTAA/CRC0996,PC-1665,2010-08-09 22:11:00,22.0,login,,,,1,Suspicious login hour
DTAA/IRC0991,PC-2542,2010-08-09 22:14:00,22.0,login,,,,1,Suspicious login hour
DTAA/IRC0991,PC-2542,2010-08-09 22:26:00,22.0,login,,,,1,Suspicious login hour
DTAA/CLN0999,PC-0813,2010-08-09 22:32:00,22.0,login,,,,1,Suspicious login hour
DTAA/JCC0998,PC-3174,2010-08-09 22:40:00,22.0,login,,,,1,Suspicious login hour
DTAA/KEE0997,PC-4694,2010-08-09 22:41:00,22.0,login,,,,1,Suspicious login hour
DTAA/FKR0550,PC-2469,2010-08-09 22:46:00,22.0,login,,,,1,Suspicious login hour
DTAA/EMR0242,PC-1306,2010-08-09 22:59:00,22.0,login,,,,1,Suspicious login hour
DTAA/KEE0997,PC-4694,2010-08-09 23:05:00,23.0,login,,,,1,Suspicious login hour
DTAA/BJM0992,PC-1005,2010-08-09 23:09:00,23.0,login,,,,1,Suspicious login hour
DTAA/TKH0211,PC-0719,2010-08-09 23:19:00,23.0,login,,,,1,Suspicious login hour
DTAA/FKR0550,PC-2469,2010-08-09 23:27:00,23.0,login,,,,1,Suspicious login hour
DTAA/MSV0506,PC-3240,2010-08-09 23:36:00,23.0,login,,,,1,Suspicious login hour
DTAA/BJM0992,PC-1005,2010-08-09 23:52:00,23.0,login,,,,1,Suspicious login hour
DTAA/DSM0990,PC-4365,2010-08-10 00:14:00,0.0,login,,,,1,Suspicious login hour
DTAA/DSM0990,PC-4365,2010-08-10 00:20:00,0.0,login,,,,1,Suspicious login hour
DTAA/ELD1000,PC-2149,2010-08-10 00:39:00,0.0,login,,,,1,Suspicious login hour
DTAA/KEE0997,PC-3802,2010-08-10 00:45:00,0.0,login,,,,1,Suspicious login hour
DTAA/ELD1000,PC-2149,2010-08-10 01:04:00,1.0,login,,,,1,Suspicious login hour
DTAA/KEE0997,PC-3802,2010-08-10 01:08:00,1.0,login,,,,1,Suspicious login hour
DTAA/CLN0999,PC-4950,2010-08-10 01:38:00,1.0,login,,,,1,Suspicious login hour
DTAA/CDZ0056,PC-4052,2010-08-10 01:38:00,1.0,login,,,,1,Suspicious login hour
DTAA/EMR0242,PC-1306,2010-08-10 01:41:00,1.0,login,,,,1,Suspicious login hour
DTAA/CLN0999,PC-4950,2010-08-10 01:48:00,1.0,login,,,,1,Suspicious login hour
DTAA/CRC0996,PC-1435,2010-08-10 02:07:00,2.0,login,,,,1,Suspicious login hour
DTAA/CLB0995,PC-2644,2010-08-10 02:11:00,2.0,login,,,,1,Suspicious login hour
DTAA/SAP0304,PC-1331,2010-08-10 02:15:00,2.0,login,,,,1,Suspicious login hour
DTAA/CLB0995,PC-2644,2010-08-10 02:25:00,2.0,login,,,,1,Suspicious login hour
DTAA/CDZ0056,PC-4052,2010-08-10 02:25:00,2.0,login,,,,1,Suspicious login hour
DTAA/RLC0442,PC-1467,2010-08-10 02:28:00,2.0,login,,,,1,Suspicious login hour
DTAA/JTT0989,PC-2350,2010-08-10 02:33:00,2.0,login,,,,1,Suspicious login hour
DTAA/CRC0996,PC-1435,2010-08-10 02:38:00,2.0,login,,,,1,Suspicious login hour
DTAA/XIN0791,PC-2332,2010-08-10 02:49:00,2.0,login,,,,1,Suspicious login hour
DTAA/CRC0996,PC-0434,2010-08-10 02:58:00,2.0,login,,,,1,Suspicious login hour
DTAA/XIN0791,PC-2332,2010-08-10 03:01:00,3.0,login,,,,1,Suspicious login hour
DTAA/CRC0996,PC-0434,2010-08-10 03:13:00,3.0,login,,,,1,Suspicious login hour
DTAA/JTT0989,PC-2350,2010-08-10 03:16:00,3.0,login,,,,1,Suspicious login hour
DTAA/CLN0999,PC-4750,2010-08-10 03:48:00,3.0,login,,,,1,Suspicious login hour
DTAA/CLN0999,PC-4750,2010-08-10 03:49:00,3.0,login,,,,1,Suspicious login hour
DTAA/JTT0989,PC-4962,2010-08-10 03:50:00,3.0,login,,,,1,Suspicious login hour
DTAA/CLB0995,PC-0925,2010-08-10 03:50:00,3.0,login,,,,1,Suspicious login hour
DTAA/JTT0989,PC-4962,2010-08-10 03:54:00,3.0,login,,,,1,Suspicious login hour
DTAA/SHR0025,PC-0288,2010-08-10 04:15:00,4.0,login,,,,1,Suspicious login hour
DTAA/CLB0995,PC-0925,2010-08-10 04:15:00,4.0,login,,,,1,Suspicious login hour
DTAA/ARS0993,PC-1199,2010-08-10 04:16:00,4.0,login,,,,1,Suspicious login hour
DTAA/SAP0304,PC-1331,2010-08-10 04:24:00,4.0,login,,,,1,Suspicious login hour
DTAA/TKH0211,PC-0719,2010-08-10 04:37:00,4.0,login,,,,1,Suspicious login hour
DTAA/DSM0990,PC-1313,2010-08-10 04:38:00,4.0,login,,,,1,Suspicious login hour
DTAA/ARS0993,PC-1199,2010-08-10 04:48:00,4.0,login,,,,1,Suspicious login hour
DTAA/DSM0990,PC-1313,2010-08-10 05:03:00,5.0,login,,,,1,Suspicious login hour
DTAA/ARS0993,PC-4246,2010-08-10 05:09:00,5.0,login,,,,1,Suspicious login hour
DTAA/CGM0994,PC-3676,2010-08-10 05:13:00,5.0,login,,,,1,Suspicious login hour
DTAA/RLC0442,PC-1467,2010-08-10 05:29:00,5.0,login,,,,1,Suspicious login hour
DTAA/CGM0994,PC-3676,2010-08-10 05:30:00,5.0,login,,,,1,Suspicious login hour
DTAA/ARS0993,PC-4246,2010-08-10 05:30:00,5.0,login,,,,1,Suspicious login hour
DTAA/CTH0082,PC-4582,2010-08-10 05:49:00,5.0,login,,,,1,Suspicious login hour
DTAA/KEE0997,PC-2173,2010-08-10 21:01:00,21.0,login,,,,1,Suspicious login hour
DTAA/ARC0677,PC-0465,2010-08-10 21:02:00,21.0,login,,,,1,Suspicious login hour
DTAA/ODW0839,PC-1940,2010-08-10 21:02:00,21.0,login,,,,1,Suspicious login hour
DTAA/ARS0993,PC-3902,2010-08-10 21:07:00,21.0,login,,,,1,Suspicious login hour
DTAA/KEE0997,PC-2173,2010-08-10 21:07:00,21.0,login,,,,1,Suspicious login hour
DTAA/ELD1000,PC-3976,2010-08-10 21:09:00,21.0,login,,,,1,Suspicious login hour
DTAA/NAT0252,PC-1796,2010-08-10 21:15:00,21.0,login,,,,1,Suspicious login hour
DTAA/VAH0262,PC-1398,2010-08-10 21:20:00,21.0,login,,,,1,Suspicious login hour
DTAA/SKL0881,PC-1581,2010-08-10 21:22:00,21.0,login,,,,1,Suspicious login hour
DTAA/VNM0127,PC-3456,2010-08-10 21:27:00,21.0,login,,,,1,Suspicious login hour
DTAA/BJM0992,PC-1583,2010-08-10 21:34:00,21.0,login,,,,1,Suspicious login hour
DTAA/NDS0490,PC-2549,2010-08-10 21:35:00,21.0,login,,,,1,Suspicious login hour
DTAA/JCC0998,PC-3669,2010-08-10 21:38:00,21.0,login,,,,1,Suspicious login hour
DTAA/ELD1000,PC-3976,2010-08-10 21:42:00,21.0,login,,,,1,Suspicious login hour
DTAA/IRC0991,PC-3363,2010-08-10 21:47:00,21.0,login,,,,1,Suspicious login hour
DTAA/ARS0993,PC-1104,2010-08-10 21:48:00,21.0,login,,,,1,Suspicious login hour
DTAA/ELD1000,PC-1155,2010-08-10 21:50:00,21.0,login,,,,1,Suspicious login hour
DTAA/BJM0992,PC-1583,2010-08-10 21:55:00,21.0,login,,,,1,Suspicious login hour
DTAA/IRC0991,PC-2088,2010-08-10 21:56:00,21.0,login,,,,1,Suspicious login hour
DTAA/KEE0997,PC-4842,2010-08-10 21:57:00,21.0,login,,,,1,Suspicious login hour
DTAA/IRC0991,PC-3363,2010-08-10 22:02:00,22.0,login,,,,1,Suspicious login hour
DTAA/JCC0998,PC-3669,2010-08-10 22:07:00,22.0,login,,,,1,Suspicious login hour
DTAA/ARS0993,PC-1104,2010-08-10 22:08:00,22.0,login,,,,1,Suspicious login hour
DTAA/IRC0991,PC-0417,2010-08-10 22:17:00,22.0,login,,,,1,Suspicious login hour
DTAA/IRC0991,PC-0417,2010-08-10 22:22:00,22.0,login,,,,1,Suspicious login hour
DTAA/ELD1000,PC-1155,2010-08-10 22:23:00,22.0,login,,,,1,Suspicious login hour
DTAA/IRC0991,PC-2088,2010-08-10 22:28:00,22.0,login,,,,1,Suspicious login hour
DTAA/KEE0997,PC-4842,2010-08-10 22:31:00,22.0,login,,,,1,Suspicious login hour
DTAA/CGM0994,PC-4606,2010-08-10 22:31:00,22.0,login,,,,1,Suspicious login hour
DTAA/CLB0995,PC-4479,2010-08-10 22:35:00,22.0,login,,,,1,Suspicious login hour
DTAA/CLB0995,PC-4479,2010-08-10 22:39:00,22.0,login,,,,1,Suspicious login hour
DTAA/JTT0989,PC-3040,2010-08-10 22:46:00,22.0,login,,,,1,Suspicious login hour
DTAA/AJA0220,PC-3872,2010-08-10 22:50:00,22.0,login,,,,1,Suspicious login hour
DTAA/JCC0998,PC-4600,2010-08-10 22:58:00,22.0,login,,,,1,Suspicious login hour
DTAA/CGM0994,PC-4606,2010-08-10 23:00:00,23.0,login,,,,1,Suspicious login hour
DTAA/JTT0989,PC-3040,2010-08-10 23:04:00,23.0,login,,,,1,Suspicious login hour
DTAA/JCC0998,PC-4600,2010-08-10 23:09:00,23.0,login,,,,1,Suspicious login hour
DTAA/AKS0283,PC-3049,2010-08-10 23:26:00,23.0,login,,,,1,Suspicious login hour
DTAA/CLN0999,PC-4305,2010-08-10 23:40:00,23.0,login,,,,1,Suspicious login hour
DTAA/ELD1000,PC-0799,2010-08-11 00:07:00,0.0,login,,,,1,Suspicious login hour
DTAA/CLN0999,PC-4305,2010-08-11 00:18:00,0.0,login,,,,1,Suspicious login hour
DTAA/RBC0879,PC-1261,2010-08-11 00:19:00,0.0,login,,,,1,Suspicious login hour
DTAA/ELD1000,PC-0799,2010-08-11 00:26:00,0.0,login,,,,1,Suspicious login hour
DTAA/IRC0991,PC-4664,2010-08-11 00:31:00,0.0,login,,,,1,Suspicious login hour
DTAA/BJM0992,PC-3128,2010-08-11 00:32:00,0.0,login,,,,1,Suspicious login hour
DTAA/IRC0991,PC-4664,2010-08-11 01:01:00,1.0,login,,,,1,Suspicious login hour
DTAA/CLN0999,PC-4935,2010-08-11 01:11:00,1.0,login,,,,1,Suspicious login hour
DTAA/BJM0992,PC-3128,2010-08-11 01:16:00,1.0,login,,,,1,Suspicious login hour
DTAA/JTT0989,PC-2782,2010-08-11 01:29:00,1.0,login,,,,1,Suspicious login hour
DTAA/KAD0059,PC-4031,2010-08-11 01:32:00,1.0,login,,,,1,Suspicious login hour
DTAA/AKS0283,PC-3049,2010-08-11 01:35:00,1.0,login,,,,1,Suspicious login hour
DTAA/CLN0999,PC-4935,2010-08-11 01:36:00,1.0,login,,,,1,Suspicious login hour
DTAA/DSM0990,PC-1045,2010-08-11 01:36:00,1.0,login,,,,1,Suspicious login hour
DTAA/DSM0990,PC-1045,2010-08-11 01:43:00,1.0,login,,,,1,Suspicious login hour
DTAA/CGM0994,PC-0991,2010-08-11 02:04:00,2.0,login,,,,1,Suspicious login hour
DTAA/JTT0989,PC-2782,2010-08-11 02:04:00,2.0,login,,,,1,Suspicious login hour
DTAA/CWG0305,PC-1107,2010-08-11 02:38:00,2.0,login,,,,1,Suspicious login hour
DTAA/CGM0994,PC-0991,2010-08-11 02:39:00,2.0,login,,,,1,Suspicious login hour
DTAA/JTT0989,PC-2005,2010-08-11 02:49:00,2.0,login,,,,1,Suspicious login hour
DTAA/IRC0991,PC-0565,2010-08-11 02:52:00,2.0,login,,,,1,Suspicious login hour
DTAA/JCC0998,PC-2044,2010-08-11 02:52:00,2.0,login,,,,1,Suspicious login hour
DTAA/BJM0992,PC-2734,2010-08-11 02:58:00,2.0,login,,,,1,Suspicious login hour
DTAA/DSM0990,PC-3826,2010-08-11 02:59:00,2.0,login,,,,1,Suspicious login hour
DTAA/JCC0998,PC-2044,2010-08-11 03:01:00,3.0,login,,,,1,Suspicious login hour
DTAA/VNM0127,PC-3456,2010-08-11 03:02:00,3.0,login,,,,1,Suspicious login hour
DTAA/JTT0989,PC-2005,2010-08-11 03:05:00,3.0,login,,,,1,Suspicious login hour
DTAA/ELD1000,PC-1689,2010-08-11 03:07:00,3.0,login,,,,1,Suspicious login hour
DTAA/JCC0998,PC-2881,2010-08-11 03:07:00,3.0,login,,,,1,Suspicious login hour
DTAA/IRC0991,PC-0565,2010-08-11 03:13:00,3.0,login,,,,1,Suspicious login hour
DTAA/RBC0879,PC-1261,2010-08-11 03:13:00,3.0,login,,,,1,Suspicious login hour
DTAA/JCC0998,PC-2881,2010-08-11 03:17:00,3.0,login,,,,1,Suspicious login hour
DTAA/AJA0220,PC-3872,2010-08-11 03:19:00,3.0,login,,,,1,Suspicious login hour
DTAA/BJM0992,PC-2734,2010-08-11 03:20:00,3.0,login,,,,1,Suspicious login hour
DTAA/IRC0991,PC-4887,2010-08-11 03:21:00,3.0,login,,,,1,Suspicious login hour
DTAA/PUH0847,PC-2550,2010-08-11 03:29:00,3.0,login,,,,1,Suspicious login hour
DTAA/KAD0059,PC-4031,2010-08-11 03:30:00,3.0,login,,,,1,Suspicious login hour
DTAA/CWG0305,PC-1107,2010-08-11 03:34:00,3.0,login,,,,1,Suspicious login hour
DTAA/ELD1000,PC-1689,2010-08-11 03:37:00,3.0,login,,,,1,Suspicious login hour
DTAA/DSM0990,PC-3826,2010-08-11 03:42:00,3.0,login,,,,1,Suspicious login hour
DTAA/IRC0991,PC-4887,2010-08-11 03:48:00,3.0,login,,,,1,Suspicious login hour
DTAA/ELD1000,PC-4981,2010-08-11 04:14:00,4.0,login,,,,1,Suspicious login hour
DTAA/ELD1000,PC-4981,2010-08-11 04:22:00,4.0,login,,,,1,Suspicious login hour
DTAA/IRC0991,PC-3355,2010-08-11 04:31:00,4.0,login,,,,1,Suspicious login hour
DTAA/DSM0990,PC-1938,2010-08-11 04:44:00,4.0,login,,,,1,Suspicious login hour
DTAA/DSM0990,PC-1938,2010-08-11 04:45:00,4.0,login,,,,1,Suspicious login hour
DTAA/IRC0991,PC-3355,2010-08-11 04:53:00,4.0,login,,,,1,Suspicious login hour
DTAA/CLN0999,PC-0820,2010-08-11 05:14:00,5.0,login,,,,1,Suspicious login hour
DTAA/PUH0847,PC-2550,2010-08-11 05:15:00,5.0,login,,,,1,Suspicious login hour
DTAA/CRC0996,PC-4499,2010-08-11 05:28:00,5.0,login,,,,1,Suspicious login hour
DTAA/CLN0999,PC-0820,2010-08-11 05:35:00,5.0,login,,,,1,Suspicious login hour
DTAA/IRC0991,PC-3083,2010-08-11 05:37:00,5.0,login,,,,1,Suspicious login hour
DTAA/JTT0989,PC-0115,2010-08-11 05:39:00,5.0,login,,,,1,Suspicious login hour
DTAA/PCM0846,PC-1898,2010-08-11 05:43:00,5.0,login,,,,1,Suspicious login hour
DTAA/CRC0996,PC-4499,2010-08-11 05:51:00,5.0,login,,,,1,Suspicious login hour
DTAA/IRC0991,PC-3083,2010-08-11 05:53:00,5.0,login,,,,1,Suspicious login hour
DTAA/KEE0997,PC-2790,2010-08-11 05:54:00,5.0,login,,,,1,Suspicious login hour
DTAA/JTT0989,PC-0115,2010-08-11 05:56:00,5.0,login,,,,1,Suspicious login hour
DTAA/ZAB0889,PC-2844,2010-08-11 21:02:00,21.0,login,,,,1,Suspicious login hour
DTAA/ODW0839,PC-1940,2010-08-11 21:08:00,21.0,login,,,,1,Suspicious login hour
DTAA/CRC0996,PC-3983,2010-08-11 21:09:00,21.0,login,,,,1,Suspicious login hour
DTAA/CRC0996,PC-3983,2010-08-11 21:11:00,21.0,login,,,,1,Suspicious login hour
DTAA/SKL0881,PC-1581,2010-08-11 21:14:00,21.0,login,,,,1,Suspicious login hour
DTAA/NAT0252,PC-1796,2010-08-11 21:17:00,21.0,login,,,,1,Suspicious login hour
DTAA/VAH0262,PC-1398,2010-08-11 21:21:00,21.0,login,,,,1,Suspicious login hour
DTAA/NDS0490,PC-2549,2010-08-11 21:34:00,21.0,login,,,,1,Suspicious login hour
DTAA/SJH0588,PC-2512,2010-08-11 21:52:00,21.0,login,,,,1,Suspicious login hour
DTAA/JCC0998,PC-4270,2010-08-11 21:56:00,21.0,login,,,,1,Suspicious login hour
DTAA/CLN0999,PC-2121,2010-08-11 22:01:00,22.0,login,,,,1,Suspicious login hour
DTAA/JCC0998,PC-4270,2010-08-11 22:17:00,22.0,login,,,,1,Suspicious login hour
DTAA/CLN0999,PC-2121,2010-08-11 22:21:00,22.0,login,,,,1,Suspicious login hour
DTAA/KEE0997,PC-4252,2010-08-11 22:36:00,22.0,login,,,,1,Suspicious login hour
DTAA/MVW0630,PC-2005,2010-08-11 22:51:00,22.0,login,,,,1,Suspicious login hour
DTAA/ELD1000,PC-3424,2010-08-11 22:59:00,22.0,login,,,,1,Suspicious login hour
DTAA/ELD1000,PC-3424,2010-08-11 23:06:00,23.0,login,,,,1,Suspicious login hour
DTAA/CLB0995,PC-1796,2010-08-11 23:08:00,23.0,login,,,,1,Suspicious login hour
DTAA/KEE0997,PC-4252,2010-08-11 23:13:00,23.0,login,,,,1,Suspicious login hour
DTAA/AIB0797,PC-4147,2010-08-11 23:13:00,23.0,login,,,,1,Suspicious login hour
DTAA/KEE0997,PC-1846,2010-08-11 23:22:00,23.0,login,,,,1,Suspicious login hour
DTAA/KEE0997,PC-1846,2010-08-11 23:28:00,23.0,login,,,,1,Suspicious login hour
DTAA/CTH0856,PC-4677,2010-08-11 23:33:00,23.0,login,,,,1,Suspicious login hour
DTAA/CLN0999,PC-2840,2010-08-11 23:38:00,23.0,login,,,,1,Suspicious login hour
DTAA/CLB0995,PC-1796,2010-08-11 23:49:00,23.0,login,,,,1,Suspicious login hour
DTAA/GRS0372,PC-2242,2010-08-11 23:49:00,23.0,login,,,,1,Suspicious login hour
DTAA/CLN0999,PC-2840,2010-08-11 23:53:00,23.0,login,,,,1,Suspicious login hour
DTAA/ELD1000,PC-3949,2010-08-11 23:58:00,23.0,login,,,,1,Suspicious login hour
DTAA/MVW0630,PC-2005,2010-08-11 23:58:00,23.0,login,,,,1,Suspicious login hour
DTAA/JBL0450,PC-2338,2010-08-12 00:09:00,0.0,login,,,,1,Suspicious login hour
DTAA/ELD1000,PC-3949,2010-08-12 00:09:00,0.0,login,,,,1,Suspicious login hour
DTAA/AFO0022,PC-2218,2010-08-12 00:11:00,0.0,login,,,,1,Suspicious login hour
DTAA/ELD1000,PC-3714,2010-08-12 00:20:00,0.0,login,,,,1,Suspicious login hour
DTAA/SDC0032,PC-3081,2010-08-12 00:22:00,0.0,login,,,,1,Suspicious login hour
DTAA/GRS0372,PC-2242,2010-08-12 00:27:00,0.0,login,,,,1,Suspicious login hour
DTAA/SJH0588,PC-2512,2010-08-12 00:33:00,0.0,login,,,,1,Suspicious login hour
DTAA/ELD1000,PC-3165,2010-08-12 00:36:00,0.0,login,,,,1,Suspicious login hour
DTAA/ELD1000,PC-3165,2010-08-12 00:40:00,0.0,login,,,,1,Suspicious login hour
DTAA/ELD1000,PC-3714,2010-08-12 00:59:00,0.0,login,,,,1,Suspicious login hour
DTAA/BJM0992,PC-3137,2010-08-12 01:17:00,1.0,login,,,,1,Suspicious login hour
DTAA/BJM0992,PC-3137,2010-08-12 01:23:00,1.0,login,,,,1,Suspicious login hour
DTAA/CGM0994,PC-1057,2010-08-12 01:36:00,1.0,login,,,,1,Suspicious login hour
DTAA/CRC0996,PC-1500,2010-08-12 01:38:00,1.0,login,,,,1,Suspicious login hour
DTAA/BJM0992,PC-2382,2010-08-12 01:41:00,1.0,login,,,,1,Suspicious login hour
DTAA/ELD1000,PC-3457,2010-08-12 01:45:00,1.0,login,,,,1,Suspicious login hour
DTAA/CRC0996,PC-1500,2010-08-12 01:48:00,1.0,login,,,,1,Suspicious login hour
DTAA/STF0145,PC-0191,2010-08-12 01:55:00,1.0,login,,,,1,Suspicious login hour
DTAA/BJM0992,PC-2382,2010-08-12 01:56:00,1.0,login,,,,1,Suspicious login hour
DTAA/CGM0994,PC-1057,2010-08-12 02:00:00,2.0,login,,,,1,Suspicious login hour
DTAA/ELD1000,PC-3457,2010-08-12 02:08:00,2.0,login,,,,1,Suspicious login hour
DTAA/CTH0856,PC-4677,2010-08-12 02:10:00,2.0,login,,,,1,Suspicious login hour
DTAA/KEE0997,PC-0011,2010-08-12 02:12:00,2.0,login,,,,1,Suspicious login hour
DTAA/JTT0989,PC-3240,2010-08-12 02:18:00,2.0,login,,,,1,Suspicious login hour
DTAA/IRC0991,PC-1731,2010-08-12 02:19:00,2.0,login,,,,1,Suspicious login hour
DTAA/KEE0997,PC-0011,2010-08-12 02:21:00,2.0,login,,,,1,Suspicious login hour
DTAA/JTT0989,PC-3240,2010-08-12 02:22:00,2.0,login,,,,1,Suspicious login hour
DTAA/IRC0991,PC-1731,2010-08-12 02:37:00,2.0,login,,,,1,Suspicious login hour
DTAA/CRC0996,PC-0436,2010-08-12 02:44:00,2.0,login,,,,1,Suspicious login hour
DTAA/JCC0998,PC-4650,2010-08-12 02:44:00,2.0,login,,,,1,Suspicious login hour
DTAA/CRC0996,PC-0436,2010-08-12 02:47:00,2.0,login,,,,1,Suspicious login hour
DTAA/JMM0759,PC-3490,2010-08-12 02:48:00,2.0,login,,,,1,Suspicious login hour
DTAA/RBC0583,PC-1380,2010-08-12 02:56:00,2.0,login,,,,1,Suspicious login hour
DTAA/JCC0998,PC-4650,2010-08-12 03:26:00,3.0,login,,,,1,Suspicious login hour
DTAA/KEE0997,PC-3965,2010-08-12 03:42:00,3.0,login,,,,1,Suspicious login hour
DTAA/ARS0993,PC-4695,2010-08-12 04:01:00,4.0,login,,,,1,Suspicious login hour
DTAA/DSM0990,PC-0459,2010-08-12 04:05:00,4.0,login,,,,1,Suspicious login hour
DTAA/KEE0997,PC-3965,2010-08-12 04:08:00,4.0,login,,,,1,Suspicious login hour
DTAA/DSM0990,PC-0459,2010-08-12 04:13:00,4.0,login,,,,1,Suspicious login hour
DTAA/STF0145,PC-0191,2010-08-12 04:22:00,4.0,login,,,,1,Suspicious login hour
DTAA/BIR0534,PC-1834,2010-08-12 04:34:00,4.0,login,,,,1,Suspicious login hour
DTAA/ARS0993,PC-4695,2010-08-12 04:42:00,4.0,login,,,,1,Suspicious login hour
DTAA/JCC0998,PC-0696,2010-08-12 04:49:00,4.0,login,,,,1,Suspicious login hour
DTAA/DIS0382,PC-2501,2010-08-12 04:53:00,4.0,login,,,,1,Suspicious login hour
DTAA/CLB0995,PC-1588,2010-08-12 04:54:00,4.0,login,,,,1,Suspicious login hour
DTAA/CLB0995,PC-1588,2010-08-12 05:05:00,5.0,login,,,,1,Suspicious login hour
DTAA/SDC0032,PC-3081,2010-08-12 05:05:00,5.0,login,,,,1,Suspicious login hour
DTAA/JCC0998,PC-0696,2010-08-12 05:10:00,5.0,login,,,,1,Suspicious login hour
DTAA/RBC0583,PC-1380,2010-08-12 05:14:00,5.0,login,,,,1,Suspicious login hour
DTAA/JMM0759,PC-3490,2010-08-12 05:17:00,5.0,login,,,,1,Suspicious login hour
DTAA/CLK0383,PC-0419,2010-08-12 05:29:00,5.0,login,,,,1,Suspicious login hour
DTAA/JGC0775,PC-2680,2010-08-12 05:31:00,5.0,login,,,,1,Suspicious login hour
DTAA/AFO0022,PC-2218,2010-08-12 05:32:00,5.0,login,,,,1,Suspicious login hour
DTAA/JGC0775,PC-2680,2010-08-12 05:32:00,5.0,login,,,,1,Suspicious login hour
DTAA/DSM0990,PC-2236,2010-08-12 05:33:00,5.0,login,,,,1,Suspicious login hour
DTAA/CLK0383,PC-0419,2010-08-12 05:33:00,5.0,login,,,,1,Suspicious login hour
DTAA/JBL0450,PC-2338,2010-08-12 05:36:00,5.0,login,,,,1,Suspicious login hour
DTAA/KEE0997,PC-0719,2010-08-12 05:45:00,5.0,login,,,,1,Suspicious login hour
DTAA/IRC0991,PC-4475,2010-08-12 05:57:00,5.0,login,,,,1,Suspicious login hour
DTAA/ARC0677,PC-0465,2010-08-12 21:02:00,21.0,login,,,,1,Suspicious login hour
DTAA/JTT0989,PC-0415,2010-08-12 21:10:00,21.0,login,,,,1,Suspicious login hour
DTAA/CLN0999,PC-3882,2010-08-12 21:12:00,21.0,login,,,,1,Suspicious login hour
DTAA/NAT0252,PC-1796,2010-08-12 21:22:00,21.0,login,,,,1,Suspicious login hour
DTAA/VAH0262,PC-1398,2010-08-12 21:24:00,21.0,login,,,,1,Suspicious login hour
DTAA/SKL0881,PC-1581,2010-08-12 21:24:00,21.0,login,,,,1,Suspicious login hour
DTAA/JCC0998,PC-3654,2010-08-12 21:25:00,21.0,login,,,,1,Suspicious login hour
DTAA/NDS0490,PC-2549,2010-08-12 21:29:00,21.0,login,,,,1,Suspicious login hour
DTAA/KEE0997,PC-1569,2010-08-12 21:31:00,21.0,login,,,,1,Suspicious login hour
DTAA/CLN0999,PC-3882,2010-08-12 21:33:00,21.0,login,,,,1,Suspicious login hour
DTAA/CGM0994,PC-3790,2010-08-12 21:40:00,21.0,login,,,,1,Suspicious login hour
DTAA/KEE0997,PC-1569,2010-08-12 21:42:00,21.0,login,,,,1,Suspicious login hour
DTAA/JCC0998,PC-3654,2010-08-12 21:56:00,21.0,login,,,,1,Suspicious login hour
DTAA/CGM0994,PC-3790,2010-08-12 22:08:00,22.0,login,,,,1,Suspicious login hour
DTAA/MSV0506,PC-3240,2010-08-12 22:10:00,22.0,login,,,,1,Suspicious login hour
DTAA/AKW0582,PC-0891,2010-08-12 22:20:00,22.0,login,,,,1,Suspicious login hour
DTAA/BJM0992,PC-2108,2010-08-12 22:45:00,22.0,login,,,,1,Suspicious login hour
DTAA/PMB0702,PC-1792,2010-08-12 22:51:00,22.0,login,,,,1,Suspicious login hour
DTAA/BJM0992,PC-2108,2010-08-12 23:06:00,23.0,login,,,,1,Suspicious login hour
DTAA/MSV0506,PC-3240,2010-08-12 23:13:00,23.0,login,,,,1,Suspicious login hour
DTAA/RQH0770,PC-4225,2010-08-12 23:31:00,23.0,login,,,,1,Suspicious login hour
DTAA/ELD1000,PC-2230,2010-09-01 00:00:00,0.0,login,,,,1,Suspicious login hour
DTAA/KEE0997,PC-2678,2010-09-01 00:03:00,0.0,login,,,,1,Suspicious login hour
DTAA/MVW0630,PC-2005,2010-09-01 00:08:00,0.0,login,,,,1,Suspicious login hour
DTAA/BJM0992,PC-3826,2010-09-01 00:19:00,0.0,login,,,,1,Suspicious login hour
DTAA/JSE0020,PC-2745,2010-09-01 01:01:00,1.0,login,,,,1,Suspicious login hour
DTAA/ELD1000,PC-0921,2010-09-01 01:16:00,1.0,login,,,,1,Suspicious login hour
DTAA/ELD1000,PC-0921,2010-09-01 01:17:00,1.0,login,,,,1,Suspicious login hour
DTAA/DSM0990,PC-3083,2010-09-01 01:23:00,1.0,login,,,,1,Suspicious login hour
DTAA/ARS0993,PC-0655,2010-09-01 01:25:00,1.0,login,,,,1,Suspicious login hour
DTAA/DSM0990,PC-1682,2010-09-01 01:25:00,1.0,login,,,,1,Suspicious login hour
DTAA/ELD1000,PC-0458,2010-09-01 01:34:00,1.0,login,,,,1,Suspicious login hour
DTAA/ARS0993,PC-0655,2010-09-01 01:37:00,1.0,login,,,,1,Suspicious login hour
DTAA/JTT0989,PC-0459,2010-09-01 01:43:00,1.0,login,,,,1,Suspicious login hour
DTAA/DSM0990,PC-3083,2010-09-01 01:48:00,1.0,login,,,,1,Suspicious login hour
DTAA/JTT0989,PC-0459,2010-09-01 01:56:00,1.0,login,,,,1,Suspicious login hour
DTAA/ELD1000,PC-0458,2010-09-01 02:00:00,2.0,login,,,,1,Suspicious login hour
DTAA/CGM0994,PC-0991,2010-09-01 02:03:00,2.0,login,,,,1,Suspicious login hour
DTAA/DSM0990,PC-1682,2010-09-01 02:07:00,2.0,login,,,,1,Suspicious login hour
DTAA/IRC0991,PC-2959,2010-09-01 02:11:00,2.0,login,,,,1,Suspicious login hour
DTAA/ELD1000,PC-0146,2010-09-01 02:27:00,2.0,login,,,,1,Suspicious login hour
DTAA/CGM0994,PC-4084,2010-09-01 02:30:00,2.0,login,,,,1,Suspicious login hour
DTAA/CGM0994,PC-0991,2010-09-01 02:34:00,2.0,login,,,,1,Suspicious login hour
DTAA/CGM0994,PC-4084,2010-09-01 02:37:00,2.0,login,,,,1,Suspicious login hour
DTAA/OYR0801,PC-0088,2010-09-01 02:53:00,2.0,login,,,,1,Suspicious login hour
DTAA/IRC0991,PC-2959,2010-09-01 02:55:00,2.0,login,,,,1,Suspicious login hour
DTAA/ELD1000,PC-0726,2010-09-01 03:04:00,3.0,login,,,,1,Suspicious login hour
DTAA/ELD1000,PC-0146,2010-09-01 03:06:00,3.0,login,,,,1,Suspicious login hour
DTAA/ELD1000,PC-0726,2010-09-01 03:08:00,3.0,login,,,,1,Suspicious login hour
DTAA/CGM0994,PC-0820,2010-09-01 03:33:00,3.0,login,,,,1,Suspicious login hour
DTAA/CGM0994,PC-0820,2010-09-01 03:47:00,3.0,login,,,,1,Suspicious login hour
DTAA/CGM0994,PC-1800,2010-09-01 03:59:00,3.0,login,,,,1,Suspicious login hour
DTAA/CGM0994,PC-1800,2010-09-01 04:11:00,4.0,login,,,,1,Suspicious login hour
DTAA/ELD1000,PC-2034,2010-09-01 04:39:00,4.0,login,,,,1,Suspicious login hour
DTAA/KAD0059,PC-4031,2010-09-01 04:55:00,4.0,login,,,,1,Suspicious login hour
DTAA/CRC0996,PC-3355,2010-09-01 04:57:00,4.0,login,,,,1,Suspicious login hour
DTAA/ELD1000,PC-2034,2010-09-01 05:21:00,5.0,login,,,,1,Suspicious login hour
DTAA/CRC0996,PC-3355,2010-09-01 05:25:00,5.0,login,,,,1,Suspicious login hour
DTAA/ELD1000,PC-4499,2010-09-01 05:33:00,5.0,login,,,,1,Suspicious login hour
DTAA/DSM0990,PC-1731,2010-09-01 05:43:00,5.0,login,,,,1,Suspicious login hour
DTAA/ELD1000,PC-4499,2010-09-01 05:45:00,5.0,login,,,,1,Suspicious login hour
DTAA/KAD0059,PC-4031,2010-09-01 05:52:00,5.0,login,,,,1,Suspicious login hour
DTAA/DSM0990,PC-1731,2010-09-01 05:53:00,5.0,login,,,,1,Suspicious login hour
DTAA/ARC0677,PC-0465,2010-09-01 21:06:00,21.0,login,,,,1,Suspicious login hour
DTAA/VAH0262,PC-1398,2010-09-01 21:16:00,21.0,login,,,,1,Suspicious login hour
DTAA/SKL0881,PC-1581,2010-09-01 21:20:00,21.0,login,,,,1,Suspicious login hour
DTAA/CRC0996,PC-2020,2010-09-01 21:22:00,21.0,login,,,,1,Suspicious login hour
DTAA/KEE0997,PC-1938,2010-09-01 21:22:00,21.0,login,,,,1,Suspicious login hour
DTAA/NAT0252,PC-1796,2010-09-01 21:23:00,21.0,login,,,,1,Suspicious login hour
DTAA/JCC0998,PC-4664,2010-09-01 21:23:00,21.0,login,,,,1,Suspicious login hour
DTAA/EOS0972,PC-4981,2010-09-01 21:32:00,21.0,login,,,,1,Suspicious login hour
DTAA/NDS0490,PC-2549,2010-09-01 21:37:00,21.0,login,,,,1,Suspicious login hour
DTAA/JCC0998,PC-4664,2010-09-01 21:52:00,21.0,login,,,,1,Suspicious login hour
DTAA/AFO0022,PC-2218,2010-09-01 21:53:00,21.0,login,,,,1,Suspicious login hour
DTAA/DSM0990,PC-2840,2010-09-01 22:05:00,22.0,login,,,,1,Suspicious login hour
DTAA/JCC0998,PC-4935,2010-09-01 22:06:00,22.0,login,,,,1,Suspicious login hour
DTAA/DSM0990,PC-2332,2010-09-01 22:07:00,22.0,login,,,,1,Suspicious login hour
DTAA/ARS0993,PC-4923,2010-09-01 22:08:00,22.0,login,,,,1,Suspicious login hour
DTAA/ELD1000,PC-4221,2010-09-01 22:08:00,22.0,login,,,,1,Suspicious login hour
DTAA/ELD1000,PC-4221,2010-09-01 22:12:00,22.0,login,,,,1,Suspicious login hour
DTAA/JBL0450,PC-2338,2010-09-01 22:14:00,22.0,login,,,,1,Suspicious login hour
DTAA/DSM0990,PC-2332,2010-09-01 22:15:00,22.0,login,,,,1,Suspicious login hour
DTAA/DSM0990,PC-2840,2010-09-01 22:32:00,22.0,login,,,,1,Suspicious login hour
DTAA/IRC0991,PC-1183,2010-09-01 22:43:00,22.0,login,,,,1,Suspicious login hour
DTAA/JCC0998,PC-4935,2010-09-01 22:45:00,22.0,login,,,,1,Suspicious login hour
DTAA/ARS0993,PC-4923,2010-09-01 22:45:00,22.0,login,,,,1,Suspicious login hour
DTAA/HNS0858,PC-3790,2010-09-01 22:49:00,22.0,login,,,,1,Suspicious login hour
DTAA/IRC0991,PC-1183,2010-09-01 23:20:00,23.0,login,,,,1,Suspicious login hour
DTAA/DSM0990,PC-2790,2010-09-01 23:43:00,23.0,login,,,,1,Suspicious login hour
DTAA/CGM0994,PC-3251,2010-09-01 23:44:00,23.0,login,,,,1,Suspicious login hour
DTAA/DSM0990,PC-0565,2010-09-01 23:53:00,23.0,login,,,,1,Suspicious login hour
DTAA/CGM0994,PC-3251,2010-09-01 23:56:00,23.0,login,,,,1,Suspicious login hour
DTAA/DSM0990,PC-2790,2010-09-02 00:09:00,0.0,login,,,,1,Suspicious login hour
DTAA/DSM0990,PC-0565,2010-09-02 00:24:00,0.0,login,,,,1,Suspicious login hour
DTAA/CLK0383,PC-0419,2010-09-02 00:36:00,0.0,login,,,,1,Suspicious login hour
DTAA/ARS0993,PC-1764,2010-09-02 00:45:00,0.0,login,,,,1,Suspicious login hour
DTAA/ARS0993,PC-1764,2010-09-02 00:55:00,0.0,login,,,,1,Suspicious login hour
DTAA/CDZ0056,PC-4052,2010-09-02 01:00:00,1.0,login,,,,1,Suspicious login hour
DTAA/JGC0775,PC-2680,2010-09-02 01:04:00,1.0,login,,,,1,Suspicious login hour
DTAA/JMM0759,PC-3490,2010-09-02 01:09:00,1.0,login,,,,1,Suspicious login hour
DTAA/BJM0992,PC-0011,2010-09-02 01:11:00,1.0,login,,,,1,Suspicious login hour
DTAA/CLB0995,PC-0379,2010-09-02 01:17:00,1.0,login,,,,1,Suspicious login hour
DTAA/IAG0152,PC-3521,2010-09-02 01:35:00,1.0,login,,,,1,Suspicious login hour
DTAA/CLB0995,PC-0379,2010-09-02 01:38:00,1.0,login,,,,1,Suspicious login hour
DTAA/BJM0992,PC-0011,2010-09-02 01:49:00,1.0,login,,,,1,Suspicious login hour
DTAA/IRC0991,PC-1922,2010-09-02 01:57:00,1.0,login,,,,1,Suspicious login hour
DTAA/EOS0972,PC-4981,2010-09-02 02:01:00,2.0,login,,,,1,Suspicious login hour
DTAA/IRC0991,PC-1922,2010-09-02 02:08:00,2.0,login,,,,1,Suspicious login hour
DTAA/JTT0989,PC-4875,2010-09-02 02:23:00,2.0,login,,,,1,Suspicious login hour
DTAA/DSM0990,PC-4367,2010-09-02 02:25:00,2.0,login,,,,1,Suspicious login hour
DTAA/KEE0997,PC-4005,2010-09-02 02:33:00,2.0,login,,,,1,Suspicious login hour
DTAA/JTT0989,PC-4875,2010-09-02 02:44:00,2.0,login,,,,1,Suspicious login hour
DTAA/CTH0082,PC-4582,2010-09-02 02:51:00,2.0,login,,,,1,Suspicious login hour
DTAA/DSM0990,PC-4367,2010-09-02 02:51:00,2.0,login,,,,1,Suspicious login hour
DTAA/KEE0997,PC-4005,2010-09-02 02:55:00,2.0,login,,,,1,Suspicious login hour
DTAA/CLN0999,PC-1940,2010-09-02 02:56:00,2.0,login,,,,1,Suspicious login hour
DTAA/CRC0996,PC-0719,2010-09-02 02:56:00,2.0,login,,,,1,Suspicious login hour
DTAA/CRC0996,PC-0719,2010-09-02 03:03:00,3.0,login,,,,1,Suspicious login hour
DTAA/JTT0989,PC-0415,2010-09-02 03:03:00,3.0,login,,,,1,Suspicious login hour
DTAA/ZAB0889,PC-2844,2010-09-02 03:07:00,3.0,login,,,,1,Suspicious login hour
DTAA/CLN0999,PC-1940,2010-09-02 03:12:00,3.0,login,,,,1,Suspicious login hour
DTAA/CDZ0056,PC-4052,2010-09-02 03:18:00,3.0,login,,,,1,Suspicious login hour
DTAA/AIB0797,PC-4147,2010-09-02 03:26:00,3.0,login,,,,1,Suspicious login hour
DTAA/ELD1000,PC-4853,2010-09-02 03:26:00,3.0,login,,,,1,Suspicious login hour
DTAA/JTT0989,PC-0415,2010-09-02 03:46:00,3.0,login,,,,1,Suspicious login hour
DTAA/ZAB0889,PC-2844,2010-09-02 03:52:00,3.0,login,,,,1,Suspicious login hour
DTAA/JTT0989,PC-3233,2010-09-02 03:52:00,3.0,login,,,,1,Suspicious login hour
DTAA/KEE0997,PC-1494,2010-09-02 03:56:00,3.0,login,,,,1,Suspicious login hour
DTAA/ELD1000,PC-4853,2010-09-02 04:06:00,4.0,login,,,,1,Suspicious login hour
DTAA/KEE0997,PC-2723,2010-09-02 04:08:00,4.0,login,,,,1,Suspicious login hour
DTAA/JTT0989,PC-3233,2010-09-02 04:10:00,4.0,login,,,,1,Suspicious login hour
DTAA/KEE0997,PC-1494,2010-09-02 04:16:00,4.0,login,,,,1,Suspicious login hour
DTAA/CRC0996,PC-1817,2010-09-02 04:17:00,4.0,login,,,,1,Suspicious login hour
DTAA/BIR0534,PC-1834,2010-09-02 04:21:00,4.0,login,,,,1,Suspicious login hour
DTAA/ARS0993,PC-4695,2010-09-02 04:25:00,4.0,login,,,,1,Suspicious login hour
DTAA/CRC0996,PC-1817,2010-09-02 04:34:00,4.0,login,,,,1,Suspicious login hour
DTAA/CGM0994,PC-3240,2010-09-02 04:39:00,4.0,login,,,,1,Suspicious login hour
DTAA/CTH0082,PC-4582,2010-09-02 04:42:00,4.0,login,,,,1,Suspicious login hour
DTAA/KEE0997,PC-2723,2010-09-02 04:42:00,4.0,login,,,,1,Suspicious login hour
DTAA/DIS0382,PC-2501,2010-09-02 04:44:00,4.0,login,,,,1,Suspicious login hour
DTAA/ARS0993,PC-4695,2010-09-02 04:44:00,4.0,login,,,,1,Suspicious login hour
DTAA/BIR0534,PC-1834,2010-09-02 05:07:00,5.0,login,,,,1,Suspicious login hour
DTAA/HAG0649,PC-1350,2010-09-02 05:15:00,5.0,login,,,,1,Suspicious login hour
DTAA/CGM0994,PC-3240,2010-09-02 05:20:00,5.0,login,,,,1,Suspicious login hour
DTAA/JMM0759,PC-3490,2010-09-02 05:23:00,5.0,login,,,,1,Suspicious login hour
DTAA/RBC0583,PC-1380,2010-09-02 05:47:00,5.0,login,,,,1,Suspicious login hour
DTAA/KEE0997,PC-3713,2010-09-02 05:49:00,5.0,login,,,,1,Suspicious login hour
DTAA/KEE0997,PC-3713,2010-09-02 05:55:00,5.0,login,,,,1,Suspicious login hour
DTAA/DIS0382,PC-2501,2010-09-02 05:59:00,5.0,login,,,,1,Suspicious login hour
DTAA/JCC0998,PC-2033,2010-09-02 21:03:00,21.0,login,,,,1,Suspicious login hour
DTAA/ODW0839,PC-1940,2010-09-02 21:08:00,21.0,login,,,,1,Suspicious login hour
DTAA/CGM0994,PC-3344,2010-09-02 21:09:00,21.0,login,,,,1,Suspicious login hour
DTAA/SKL0881,PC-1581,2010-09-02 21:11:00,21.0,login,,,,1,Suspicious login hour
DTAA/NAT0252,PC-1796,2010-09-02 21:19:00,21.0,login,,,,1,Suspicious login hour
DTAA/VAH0262,PC-1398,2010-09-02 21:23:00,21.0,login,,,,1,Suspicious login hour
DTAA/NDS0490,PC-2549,2010-09-02 21:25:00,21.0,login,,,,1,Suspicious login hour
DTAA/CLB0995,PC-4507,2010-09-02 21:29:00,21.0,login,,,,1,Suspicious login hour
DTAA/PCM0846,PC-1898,2010-09-02 21:31:00,21.0,login,,,,1,Suspicious login hour
DTAA/BJM0992,PC-3165,2010-09-02 21:32:00,21.0,login,,,,1,Suspicious login hour
DTAA/CLB0995,PC-3302,2010-09-02 21:45:00,21.0,login,,,,1,Suspicious login hour
DTAA/CLN0999,PC-3882,2010-09-02 21:54:00,21.0,login,,,,1,Suspicious login hour
DTAA/CLN0999,PC-3882,2010-09-02 22:03:00,22.0,login,,,,1,Suspicious login hour
DTAA/CLB0995,PC-0461,2010-09-02 22:12:00,22.0,login,,,,1,Suspicious login hour
DTAA/CLB0995,PC-0461,2010-09-02 22:18:00,22.0,login,,,,1,Suspicious login hour
DTAA/CLB0995,PC-3302,2010-09-02 22:28:00,22.0,login,,,,1,Suspicious login hour
DTAA/IRC0991,PC-3957,2010-09-02 22:29:00,22.0,login,,,,1,Suspicious login hour
DTAA/PMB0702,PC-1792,2010-09-02 22:32:00,22.0,login,,,,1,Suspicious login hour
DTAA/JTT0989,PC-4643,2010-09-02 22:55:00,22.0,login,,,,1,Suspicious login hour
DTAA/IRC0991,PC-3957,2010-09-02 22:57:00,22.0,login,,,,1,Suspicious login hour
DTAA/ELD1000,PC-3209,2010-09-02 23:13:00,23.0,login,,,,1,Suspicious login hour
DTAA/CGM0994,PC-2049,2010-09-02 23:15:00,23.0,login,,,,1,Suspicious login hour
DTAA/CRC0996,PC-3973,2010-09-02 23:20:00,23.0,login,,,,1,Suspicious login hour
DTAA/PCM0846,PC-1898,2010-09-02 23:24:00,23.0,login,,,,1,Suspicious login hour
DTAA/CGM0994,PC-2049,2010-09-02 23:29:00,23.0,login,,,,1,Suspicious login hour
DTAA/ELD1000,PC-3209,2010-09-02 23:31:00,23.0,login,,,,1,Suspicious login hour
DTAA/JTT0989,PC-4643,2010-09-02 23:36:00,23.0,login,,,,1,Suspicious login hour
DTAA/IRC0991,PC-1466,2010-09-02 23:40:00,23.0,login,,,,1,Suspicious login hour
DTAA/JCC0998,PC-2858,2010-09-02 23:44:00,23.0,login,,,,1,Suspicious login hour
DTAA/ARS0993,PC-0376,2010-09-02 23:51:00,23.0,login,,,,1,Suspicious login hour
DTAA/JCC0998,PC-2858,2010-09-02 23:54:00,23.0,login,,,,1,Suspicious login hour
DTAA/ARS0993,PC-0376,2010-09-02 23:58:00,23.0,login,,,,1,Suspicious login hour
DTAA/CRC0996,PC-3973,2010-09-03 00:00:00,0.0,login,,,,1,Suspicious login hour
DTAA/FKR0550,PC-2469,2010-09-03 00:01:00,0.0,login,,,,1,Suspicious login hour
DTAA/IRC0991,PC-1466,2010-09-03 00:15:00,0.0,login,,,,1,Suspicious login hour
DTAA/ARS0993,PC-2316,2010-09-03 00:19:00,0.0,login,,,,1,Suspicious login hour
DTAA/CGM0994,PC-0124,2010-09-03 00:22:00,0.0,login,,,,1,Suspicious login hour
DTAA/NDS0490,PC-2549,2010-09-03 00:36:00,0.0,login,,,,1,Suspicious login hour
DTAA/DJW0368,PC-2518,2010-09-03 00:53:00,0.0,login,,,,1,Suspicious login hour
DTAA/DJW0368,PC-2518,2010-09-03 00:54:00,0.0,login,,,,1,Suspicious login hour
DTAA/CGM0994,PC-0124,2010-09-03 00:56:00,0.0,login,,,,1,Suspicious login hour
DTAA/ARS0993,PC-2316,2010-09-03 00:57:00,0.0,login,,,,1,Suspicious login hour
DTAA/AKW0582,PC-0891,2010-09-03 01:18:00,1.0,login,,,,1,Suspicious login hour
DTAA/NDS0490,PC-2549,2010-09-03 01:52:00,1.0,login,,,,1,Suspicious login hour
DTAA/JHD0512,PC-2683,2010-09-03 01:56:00,1.0,login,,,,1,Suspicious login hour
DTAA/JHD0512,PC-2683,2010-09-03 01:58:00,1.0,login,,,,1,Suspicious login hour
DTAA/ARS0993,PC-3879,2010-09-03 02:02:00,2.0,login,,,,1,Suspicious login hour
DTAA/ARS0993,PC-3879,2010-09-03 02:18:00,2.0,login,,,,1,Suspicious login hour
DTAA/CRC0996,PC-2929,2010-09-03 02:28:00,2.0,login,,,,1,Suspicious login hour
DTAA/BJM0992,PC-3651,2010-09-03 02:31:00,2.0,login,,,,1,Suspicious login hour
DTAA/CRC0996,PC-2929,2010-09-03 02:33:00,2.0,login,,,,1,Suspicious login hour
DTAA/DSM0990,PC-1900,2010-09-03 02:39:00,2.0,login,,,,1,Suspicious login hour
DTAA/DSM0990,PC-1900,2010-09-03 02:46:00,2.0,login,,,,1,Suspicious login hour
DTAA/DSM0990,PC-4863,2010-09-03 02:46:00,2.0,login,,,,1,Suspicious login hour
DTAA/BJM0992,PC-3651,2010-09-03 02:53:00,2.0,login,,,,1,Suspicious login hour
DTAA/DSM0990,PC-3870,2010-09-03 02:57:00,2.0,login,,,,1,Suspicious login hour
DTAA/IRC0991,PC-3490,2010-09-03 03:00:00,3.0,login,,,,1,Suspicious login hour
DTAA/HTS0265,PC-1744,2010-09-03 03:10:00,3.0,login,,,,1,Suspicious login hour
DTAA/CLN0999,PC-3438,2010-09-03 03:11:00,3.0,login,,,,1,Suspicious login hour
DTAA/IRC0991,PC-3490,2010-09-03 03:17:00,3.0,login,,,,1,Suspicious login hour
DTAA/DSM0990,PC-3870,2010-09-03 03:22:00,3.0,login,,,,1,Suspicious login hour
DTAA/CLB0995,PC-2876,2010-09-03 03:49:00,3.0,login,,,,1,Suspicious login hour
DTAA/CLN0999,PC-3438,2010-09-03 03:50:00,3.0,login,,,,1,Suspicious login hour
DTAA/DAW0221,PC-4162,2010-09-03 03:54:00,3.0,login,,,,1,Suspicious login hour
DTAA/CLB0995,PC-2876,2010-09-03 03:57:00,3.0,login,,,,1,Suspicious login hour
DTAA/DAW0221,PC-4162,2010-09-03 04:09:00,4.0,login,,,,1,Suspicious login hour
DTAA/BJM0992,PC-4381,2010-09-03 04:09:00,4.0,login,,,,1,Suspicious login hour
DTAA/SJH0588,PC-2512,2010-09-03 04:18:00,4.0,login,,,,1,Suspicious login hour
DTAA/PMB0702,PC-1792,2010-09-03 04:34:00,4.0,login,,,,1,Suspicious login hour
DTAA/BJM0992,PC-4381,2010-09-03 04:44:00,4.0,login,,,,1,Suspicious login hour
DTAA/DSM0990,PC-4863,2010-09-03 04:54:00,4.0,login,,,,1,Suspicious login hour
DTAA/CRC0996,PC-0633,2010-09-03 04:57:00,4.0,login,,,,1,Suspicious login hour
DTAA/CRC0996,PC-0633,2010-09-03 05:08:00,5.0,login,,,,1,Suspicious login hour
DTAA/BJM0992,PC-1744,2010-09-03 05:14:00,5.0,login,,,,1,Suspicious login hour
DTAA/BJM0992,PC-1744,2010-09-03 05:20:00,5.0,login,,,,1,Suspicious login hour
DTAA/CLB0995,PC-3992,2010-09-03 05:47:00,5.0,login,,,,1,Suspicious login hour
DTAA/RQH0770,PC-4225,2010-09-03 05:48:00,5.0,login,,,,1,Suspicious login hour
DTAA/HTS0265,PC-1744,2010-09-03 05:57:00,5.0,login,,,,1,Suspicious login hour
DTAA/ARC0677,PC-0465,2010-09-03 21:05:00,21.0,login,,,,1,Suspicious login hour
DTAA/DFZ0063,PC-4442,2010-09-03 21:10:00,21.0,login,,,,1,Suspicious login hour
DTAA/NAT0252,PC-1796,2010-09-03 21:14:00,21.0,login,,,,1,Suspicious login hour
DTAA/DSM0990,PC-3339,2010-09-03 21:15:00,21.0,login,,,,1,Suspicious login hour
DTAA/HCG0731,PC-4643,2010-09-03 21:19:00,21.0,login,,,,1,Suspicious login hour
DTAA/SKL0881,PC-1581,2010-09-03 21:20:00,21.0,login,,,,1,Suspicious login hour
DTAA/VAH0262,PC-1398,2010-09-03 21:24:00,21.0,login,,,,1,Suspicious login hour
DTAA/NDS0490,PC-2549,2010-09-03 21:31:00,21.0,login,,,,1,Suspicious login hour
DTAA/KAD0059,PC-4031,2010-09-03 21:34:00,21.0,login,,,,1,Suspicious login hour
DTAA/JTT0989,PC-3959,2010-09-03 21:51:00,21.0,login,,,,1,Suspicious login hour
DTAA/ELD1000,PC-2567,2010-09-03 22:04:00,22.0,login,,,,1,Suspicious login hour
DTAA/ELD1000,PC-2567,2010-09-03 22:08:00,22.0,login,,,,1,Suspicious login hour
DTAA/JTT0989,PC-3959,2010-09-03 22:18:00,22.0,login,,,,1,Suspicious login hour
DTAA/DFZ0063,PC-4442,2010-09-03 22:47:00,22.0,login,,,,1,Suspicious login hour
DTAA/DSM0990,PC-1069,2010-09-03 22:54:00,22.0,login,,,,1,Suspicious login hour
DTAA/CLN0999,PC-4327,2010-09-03 22:55:00,22.0,login,,,,1,Suspicious login hour
DTAA/KEE0997,PC-2106,2010-09-03 23:04:00,23.0,login,,,,1,Suspicious login hour
DTAA/JTT0989,PC-4444,2010-09-03 23:05:00,23.0,login,,,,1,Suspicious login hour
DTAA/DSM0990,PC-1069,2010-09-03 23:18:00,23.0,login,,,,1,Suspicious login hour
DTAA/CMF0339,PC-1939,2010-09-03 23:20:00,23.0,login,,,,1,Suspicious login hour
DTAA/NHH0566,PC-1651,2010-09-03 23:21:00,23.0,login,,,,1,Suspicious login hour
DTAA/BJM0992,PC-3464,2010-09-03 23:23:00,23.0,login,,,,1,Suspicious login hour
DTAA/HTC0607,PC-1033,2010-09-03 23:24:00,23.0,login,,,,1,Suspicious login hour
DTAA/DSM0990,PC-0310,2010-09-03 23:26:00,23.0,login,,,,1,Suspicious login hour
DTAA/CLN0999,PC-4327,2010-09-03 23:26:00,23.0,login,,,,1,Suspicious login hour
DTAA/ARS0993,PC-0445,2010-09-03 23:28:00,23.0,login,,,,1,Suspicious login hour
DTAA/KEE0997,PC-2106,2010-09-03 23:34:00,23.0,login,,,,1,Suspicious login hour
DTAA/BJM0992,PC-3087,2010-09-03 23:36:00,23.0,login,,,,1,Suspicious login hour
DTAA/DSM0990,PC-2943,2010-09-03 23:39:00,23.0,login,,,,1,Suspicious login hour
DTAA/JTT0989,PC-4444,2010-09-03 23:43:00,23.0,login,,,,1,Suspicious login hour
DTAA/ELD1000,PC-1377,2010-09-03 23:47:00,23.0,login,,,,1,Suspicious login hour
DTAA/CRC0996,PC-0690,2010-09-03 23:49:00,23.0,login,,,,1,Suspicious login hour
DTAA/DSM0990,PC-2943,2010-09-03 23:51:00,23.0,login,,,,1,Suspicious login hour
DTAA/BJM0992,PC-3464,2010-09-03 23:58:00,23.0,login,,,,1,Suspicious login hour
DTAA/CRC0996,PC-0690,2010-09-03 23:59:00,23.0,login,,,,1,Suspicious login hour
DTAA/ARS0993,PC-0445,2010-09-04 00:02:00,0.0,login,,,,1,Suspicious login hour
DTAA/DSM0990,PC-0310,2010-09-04 00:04:00,0.0,login,,,,1,Suspicious login hour
DTAA/BJM0992,PC-3087,2010-09-04 00:08:00,0.0,login,,,,1,Suspicious login hour
DTAA/ELD1000,PC-1377,2010-09-04 00:08:00,0.0,login,,,,1,Suspicious login hour
DTAA/RBY0065,PC-2214,2010-09-04 01:43:00,1.0,login,,,,1,Suspicious login hour
DTAA/KAD0059,PC-4031,2010-09-04 01:58:00,1.0,login,,,,1,Suspicious login hour
DTAA/JAH0544,PC-4081,2010-09-04 02:31:00,2.0,login,,,,1,Suspicious login hour
DTAA/AJP0553,PC-1270,2010-09-04 02:43:00,2.0,login,,,,1,Suspicious login hour
DTAA/RLC0442,PC-1467,2010-09-04 03:00:00,3.0,login,,,,1,Suspicious login hour
DTAA/WTA0867,PC-1522,2010-09-04 03:16:00,3.0,login,,,,1,Suspicious login hour
DTAA/NHH0566,PC-1651,2010-09-04 03:37:00,3.0,login,,,,1,Suspicious login hour
DTAA/JAH0544,PC-4081,2010-09-04 03:56:00,3.0,login,,,,1,Suspicious login hour
DTAA/HTC0607,PC-1033,2010-09-04 04:48:00,4.0,login,,,,1,Suspicious login hour
DTAA/RBY0065,PC-2214,2010-09-04 05:09:00,5.0,login,,,,1,Suspicious login hour
DTAA/RLC0442,PC-1467,2010-09-04 05:12:00,5.0,login,,,,1,Suspicious login hour
DTAA/WTA0867,PC-1522,2010-09-04 05:43:00,5.0,login,,,,1,Suspicious login hour
DTAA/BAF0379,PC-3645,2010-09-04 05:47:00,5.0,login,,,,1,Suspicious login hour
DTAA/AJP0553,PC-1270,2010-09-04 05:56:00,5.0,login,,,,1,Suspicious login hour
DTAA/DSM0990,PC-3622,2010-09-07 00:12:00,0.0,login,,,,1,Suspicious login hour
DTAA/DSM0990,PC-3622,2010-09-07 00:20:00,0.0,login,,,,1,Suspicious login hour
DTAA/BJM0992,PC-0731,2010-09-07 00:23:00,0.0,login,,,,1,Suspicious login hour
DTAA/BJM0992,PC-0731,2010-09-07 00:34:00,0.0,login,,,,1,Suspicious login hour
DTAA/ELD1000,PC-1581,2010-09-07 01:31:00,1.0,login,,,,1,Suspicious login hour
DTAA/ELD1000,PC-1581,2010-09-07 01:46:00,1.0,login,,,,1,Suspicious login hour
DTAA/ELD1000,PC-4584,2010-09-07 02:15:00,2.0,login,,,,1,Suspicious login hour
DTAA/DSM0990,PC-0574,2010-09-07 02:31:00,2.0,login,,,,1,Suspicious login hour
DTAA/DSM0990,PC-0574,2010-09-07 02:34:00,2.0,login,,,,1,Suspicious login hour
DTAA/JCC0998,PC-2550,2010-09-07 02:53:00,2.0,login,,,,1,Suspicious login hour
DTAA/ELD1000,PC-4584,2010-09-07 02:54:00,2.0,login,,,,1,Suspicious login hour
DTAA/CGM0994,PC-0160,2010-09-07 03:01:00,3.0,login,,,,1,Suspicious login hour
DTAA/DSM0990,PC-0668,2010-09-07 03:09:00,3.0,login,,,,1,Suspicious login hour
DTAA/JCC0998,PC-2550,2010-09-07 03:18:00,3.0,login,,,,1,Suspicious login hour
DTAA/CGM0994,PC-0160,2010-09-07 03:29:00,3.0,login,,,,1,Suspicious login hour
DTAA/DSM0990,PC-0668,2010-09-07 03:38:00,3.0,login,,,,1,Suspicious login hour
DTAA/JCC0998,PC-4873,2010-09-07 03:38:00,3.0,login,,,,1,Suspicious login hour
DTAA/JTT0989,PC-2553,2010-09-07 03:55:00,3.0,login,,,,1,Suspicious login hour
DTAA/CLN0999,PC-3524,2010-09-07 04:06:00,4.0,login,,,,1,Suspicious login hour
DTAA/JCC0998,PC-4873,2010-09-07 04:21:00,4.0,login,,,,1,Suspicious login hour
DTAA/KEE0997,PC-1155,2010-09-07 04:23:00,4.0,login,,,,1,Suspicious login hour
DTAA/CLN0999,PC-3524,2010-09-07 04:28:00,4.0,login,,,,1,Suspicious login hour
DTAA/JTT0989,PC-2553,2010-09-07 04:33:00,4.0,login,,,,1,Suspicious login hour
DTAA/CRC0996,PC-4981,2010-09-07 04:33:00,4.0,login,,,,1,Suspicious login hour
DTAA/CRC0996,PC-3902,2010-09-07 04:44:00,4.0,login,,,,1,Suspicious login hour
DTAA/KEE0997,PC-1155,2010-09-07 04:55:00,4.0,login,,,,1,Suspicious login hour
DTAA/CRC0996,PC-4981,2010-09-07 05:02:00,5.0,login,,,,1,Suspicious login hour
DTAA/CRC0996,PC-3902,2010-09-07 05:14:00,5.0,login,,,,1,Suspicious login hour
DTAA/ARC0677,PC-0465,2010-09-07 21:02:00,21.0,login,,,,1,Suspicious login hour
DTAA/VAH0262,PC-1398,2010-09-07 21:16:00,21.0,login,,,,1,Suspicious login hour
DTAA/NAT0252,PC-1796,2010-09-07 21:19:00,21.0,login,,,,1,Suspicious login hour
DTAA/CLN0999,PC-3405,2010-09-07 21:19:00,21.0,login,,,,1,Suspicious login hour
DTAA/CRC0996,PC-2343,2010-09-07 21:20:00,21.0,login,,,,1,Suspicious login hour
DTAA/BJM0992,PC-1924,2010-09-07 21:20:00,21.0,login,,,,1,Suspicious login hour
DTAA/SKL0881,PC-1581,2010-09-07 21:20:00,21.0,login,,,,1,Suspicious login hour
DTAA/CRC0996,PC-2343,2010-09-07 21:23:00,21.0,login,,,,1,Suspicious login hour
DTAA/BJM0992,PC-1924,2010-09-07 21:24:00,21.0,login,,,,1,Suspicious login hour
DTAA/JTT0989,PC-3990,2010-09-07 21:24:00,21.0,login,,,,1,Suspicious login hour
DTAA/NDS0490,PC-2549,2010-09-07 21:36:00,21.0,login,,,,1,Suspicious login hour
DTAA/JTT0989,PC-3990,2010-09-07 21:49:00,21.0,login,,,,1,Suspicious login hour
DTAA/ELD1000,PC-2507,2010-09-07 21:50:00,21.0,login,,,,1,Suspicious login hour
DTAA/SAP0304,PC-1331,2010-09-07 22:07:00,22.0,login,,,,1,Suspicious login hour
DTAA/JCC0998,PC-3140,2010-09-07 22:20:00,22.0,login,,,,1,Suspicious login hour
DTAA/JCC0998,PC-3140,2010-09-07 22:20:00,22.0,login,,,,1,Suspicious login hour
DTAA/ELD1000,PC-2507,2010-09-07 22:22:00,22.0,login,,,,1,Suspicious login hour
DTAA/ARS0993,PC-4031,2010-09-07 22:22:00,22.0,login,,,,1,Suspicious login hour
DTAA/ELD1000,PC-1435,2010-09-07 22:23:00,22.0,login,,,,1,Suspicious login hour
DTAA/ELD1000,PC-1435,2010-09-07 23:00:00,23.0,login,,,,1,Suspicious login hour
DTAA/ARS0993,PC-4031,2010-09-07 23:02:00,23.0,login,,,,1,Suspicious login hour
DTAA/CWG0305,PC-1107,2010-09-07 23:06:00,23.0,login,,,,1,Suspicious login hour
DTAA/KEE0997,PC-2712,2010-09-07 23:58:00,23.0,login,,,,1,Suspicious login hour
DTAA/KEE0997,PC-2712,2010-09-08 00:09:00,0.0,login,,,,1,Suspicious login hour
DTAA/EMR0242,PC-1306,2010-09-08 00:47:00,0.0,login,,,,1,Suspicious login hour
DTAA/KEE0997,PC-0903,2010-09-08 01:10:00,1.0,login,,,,1,Suspicious login hour
DTAA/CRC0996,PC-3013,2010-09-08 01:12:00,1.0,login,,,,1,Suspicious login hour
DTAA/CGM0994,PC-2526,2010-09-08 01:14:00,1.0,login,,,,1,Suspicious login hour
DTAA/CLB0995,PC-1519,2010-09-08 01:25:00,1.0,login,,,,1,Suspicious login hour
DTAA/CRC0996,PC-3013,2010-09-08 01:32:00,1.0,login,,,,1,Suspicious login hour
DTAA/CGM0994,PC-2526,2010-09-08 01:43:00,1.0,login,,,,1,Suspicious login hour
DTAA/KEE0997,PC-3179,2010-09-08 01:44:00,1.0,login,,,,1,Suspicious login hour
DTAA/KEE0997,PC-0903,2010-09-08 01:44:00,1.0,login,,,,1,Suspicious login hour
DTAA/HNS0858,PC-3790,2010-09-08 01:53:00,1.0,login,,,,1,Suspicious login hour
DTAA/CLB0995,PC-1519,2010-09-08 01:59:00,1.0,login,,,,1,Suspicious login hour
DTAA/KEE0997,PC-3179,2010-09-08 01:59:00,1.0,login,,,,1,Suspicious login hour
DTAA/CLN0999,PC-3615,2010-09-08 02:18:00,2.0,login,,,,1,Suspicious login hour
DTAA/CLN0999,PC-3615,2010-09-08 02:21:00,2.0,login,,,,1,Suspicious login hour
DTAA/DSM0990,PC-3083,2010-09-08 02:24:00,2.0,login,,,,1,Suspicious login hour
DTAA/SHR0025,PC-0288,2010-09-08 02:57:00,2.0,login,,,,1,Suspicious login hour
DTAA/DSM0990,PC-3083,2010-09-08 03:05:00,3.0,login,,,,1,Suspicious login hour
DTAA/SAP0304,PC-1331,2010-09-08 03:07:00,3.0,login,,,,1,Suspicious login hour
DTAA/CRC0996,PC-0224,2010-09-08 03:31:00,3.0,login,,,,1,Suspicious login hour
DTAA/CRC0996,PC-0224,2010-09-08 04:04:00,4.0,login,,,,1,Suspicious login hour
DTAA/AJA0220,PC-3872,2010-09-08 04:08:00,4.0,login,,,,1,Suspicious login hour
DTAA/CLN0999,PC-3415,2010-09-08 04:09:00,4.0,login,,,,1,Suspicious login hour
DTAA/JTT0989,PC-1738,2010-09-08 04:21:00,4.0,login,,,,1,Suspicious login hour
DTAA/CLN0999,PC-3415,2010-09-08 04:39:00,4.0,login,,,,1,Suspicious login hour
DTAA/CGM0994,PC-3988,2010-09-08 04:46:00,4.0,login,,,,1,Suspicious login hour
DTAA/HNS0858,PC-3790,2010-09-08 04:54:00,4.0,login,,,,1,Suspicious login hour
DTAA/CLN0999,PC-0053,2010-09-08 04:59:00,4.0,login,,,,1,Suspicious login hour
DTAA/JTT0989,PC-1738,2010-09-08 05:00:00,5.0,login,,,,1,Suspicious login hour
DTAA/CLN0999,PC-0053,2010-09-08 05:05:00,5.0,login,,,,1,Suspicious login hour
DTAA/EMR0242,PC-1306,2010-09-08 05:24:00,5.0,login,,,,1,Suspicious login hour
DTAA/CGM0994,PC-3988,2010-09-08 05:24:00,5.0,login,,,,1,Suspicious login hour
DTAA/AJA0220,PC-3872,2010-09-08 05:34:00,5.0,login,,,,1,Suspicious login hour
DTAA/PJL0320,PC-1233,2010-09-08 05:39:00,5.0,login,,,,1,Suspicious login hour
DTAA/PJL0320,PC-1233,2010-09-08 05:48:00,5.0,login,,,,1,Suspicious login hour
DTAA/CLB0995,PC-2941,2010-09-08 21:02:00,21.0,login,,,,1,Suspicious login hour
DTAA/ODW0839,PC-1940,2010-09-08 21:02:00,21.0,login,,,,1,Suspicious login hour
DTAA/NAT0252,PC-1796,2010-09-08 21:10:00,21.0,login,,,,1,Suspicious login hour
DTAA/CLB0995,PC-2941,2010-09-08 21:10:00,21.0,login,,,,1,Suspicious login hour
DTAA/VAH0262,PC-1398,2010-09-08 21:10:00,21.0,login,,,,1,Suspicious login hour
DTAA/HCG0731,PC-4643,2010-09-08 21:14:00,21.0,login,,,,1,Suspicious login hour
DTAA/JCC0998,PC-0596,2010-09-08 21:17:00,21.0,login,,,,1,Suspicious login hour
DTAA/ELD1000,PC-3757,2010-09-08 21:19:00,21.0,login,,,,1,Suspicious login hour
DTAA/SKL0881,PC-1581,2010-09-08 21:22:00,21.0,login,,,,1,Suspicious login hour
DTAA/ELD1000,PC-3757,2010-09-08 21:22:00,21.0,login,,,,1,Suspicious login hour
DTAA/JCC0998,PC-0596,2010-09-08 21:22:00,21.0,login,,,,1,Suspicious login hour
DTAA/NDS0490,PC-2549,2010-09-08 21:32:00,21.0,login,,,,1,Suspicious login hour
DTAA/CRC0996,PC-0791,2010-09-08 21:38:00,21.0,login,,,,1,Suspicious login hour
DTAA/JTT0989,PC-3545,2010-09-08 21:44:00,21.0,login,,,,1,Suspicious login hour
DTAA/CRC0996,PC-0791,2010-09-08 21:45:00,21.0,login,,,,1,Suspicious login hour
DTAA/VNM0127,PC-3456,2010-09-08 21:57:00,21.0,login,,,,1,Suspicious login hour
DTAA/PKM0092,PC-0731,2010-09-08 22:03:00,22.0,login,,,,1,Suspicious login hour
DTAA/JAH0544,PC-4081,2010-09-08 22:04:00,22.0,login,,,,1,Suspicious login hour
DTAA/JTT0989,PC-3545,2010-09-08 22:05:00,22.0,login,,,,1,Suspicious login hour
DTAA/IRC0991,PC-0698,2010-09-08 22:22:00,22.0,login,,,,1,Suspicious login hour
DTAA/KEE0997,PC-1183,2010-09-08 22:44:00,22.0,login,,,,1,Suspicious login hour
DTAA/KEE0997,PC-1183,2010-09-08 22:45:00,22.0,login,,,,1,Suspicious login hour
DTAA/IRC0991,PC-0698,2010-09-08 22:51:00,22.0,login,,,,1,Suspicious login hour
DTAA/GKC0919,PC-3647,2010-09-08 23:23:00,23.0,login,,,,1,Suspicious login hour
DTAA/BJM0992,PC-2346,2010-09-08 23:26:00,23.0,login,,,,1,Suspicious login hour
DTAA/BJM0992,PC-2346,2010-09-08 23:29:00,23.0,login,,,,1,Suspicious login hour
DTAA/ARS0993,PC-4462,2010-09-08 23:48:00,23.0,login,,,,1,Suspicious login hour
DTAA/ARS0993,PC-4462,2010-09-08 23:55:00,23.0,login,,,,1,Suspicious login hour
DTAA/ARS0993,PC-1147,2010-09-08 23:57:00,23.0,login,,,,1,Suspicious login hour
DTAA/ARS0993,PC-1147,2010-09-09 00:02:00,0.0,login,,,,1,Suspicious login hour
DTAA/GRS0372,PC-2242,2010-09-09 00:33:00,0.0,login,,,,1,Suspicious login hour
DTAA/ELD1000,PC-0379,2010-09-09 00:45:00,0.0,login,,,,1,Suspicious login hour
DTAA/GKC0919,PC-3647,2010-09-09 00:45:00,0.0,login,,,,1,Suspicious login hour
DTAA/CLB0995,PC-2723,2010-09-09 01:11:00,1.0,login,,,,1,Suspicious login hour
DTAA/CGM0994,PC-2598,2010-09-09 01:13:00,1.0,login,,,,1,Suspicious login hour
DTAA/CGM0994,PC-2598,2010-09-09 01:23:00,1.0,login,,,,1,Suspicious login hour
DTAA/CLB0995,PC-2723,2010-09-09 01:27:00,1.0,login,,,,1,Suspicious login hour
DTAA/ELD1000,PC-0379,2010-09-09 01:30:00,1.0,login,,,,1,Suspicious login hour
DTAA/PUH0847,PC-2550,2010-09-09 01:47:00,1.0,login,,,,1,Suspicious login hour
DTAA/ELD1000,PC-3726,2010-09-09 02:09:00,2.0,login,,,,1,Suspicious login hour
DTAA/IRC0991,PC-0231,2010-09-09 02:19:00,2.0,login,,,,1,Suspicious login hour
DTAA/ELD1000,PC-3726,2010-09-09 02:32:00,2.0,login,,,,1,Suspicious login hour
DTAA/IRC0991,PC-0231,2010-09-09 02:49:00,2.0,login,,,,1,Suspicious login hour
DTAA/BJM0992,PC-0120,2010-09-09 02:50:00,2.0,login,,,,1,Suspicious login hour
DTAA/KEE0997,PC-4853,2010-09-09 03:05:00,3.0,login,,,,1,Suspicious login hour
DTAA/DSM0990,PC-1734,2010-09-09 03:07:00,3.0,login,,,,1,Suspicious login hour
DTAA/JTT0989,PC-2858,2010-09-09 03:10:00,3.0,login,,,,1,Suspicious login hour
DTAA/BJM0992,PC-0120,2010-09-09 03:12:00,3.0,login,,,,1,Suspicious login hour
DTAA/DSM0990,PC-1734,2010-09-09 03:14:00,3.0,login,,,,1,Suspicious login hour
DTAA/DSM0990,PC-3542,2010-09-09 03:18:00,3.0,login,,,,1,Suspicious login hour
DTAA/JTT0989,PC-4367,2010-09-09 03:25:00,3.0,login,,,,1,Suspicious login hour
DTAA/ELD1000,PC-2498,2010-09-09 03:33:00,3.0,login,,,,1,Suspicious login hour
DTAA/ELD1000,PC-2498,2010-09-09 03:37:00,3.0,login,,,,1,Suspicious login hour
DTAA/JTT0989,PC-4367,2010-09-09 03:40:00,3.0,login,,,,1,Suspicious login hour
DTAA/JTT0989,PC-2858,2010-09-09 03:45:00,3.0,login,,,,1,Suspicious login hour
DTAA/KEE0997,PC-4853,2010-09-09 03:48:00,3.0,login,,,,1,Suspicious login hour
DTAA/DSM0990,PC-3542,2010-09-09 03:48:00,3.0,login,,,,1,Suspicious login hour
DTAA/JCC0998,PC-1834,2010-09-09 03:54:00,3.0,login,,,,1,Suspicious login hour
DTAA/VNM0127,PC-3456,2010-09-09 03:56:00,3.0,login,,,,1,Suspicious login hour
DTAA/BJM0992,PC-4448,2010-09-09 04:19:00,4.0,login,,,,1,Suspicious login hour
DTAA/BJM0992,PC-4448,2010-09-09 04:24:00,4.0,login,,,,1,Suspicious login hour
DTAA/CDZ0056,PC-4052,2010-09-09 04:30:00,4.0,login,,,,1,Suspicious login hour
DTAA/CRC0996,PC-0440,2010-09-09 04:34:00,4.0,login,,,,1,Suspicious login hour
DTAA/JCC0998,PC-1834,2010-09-09 04:36:00,4.0,login,,,,1,Suspicious login hour
DTAA/CGM0994,PC-4650,2010-09-09 04:39:00,4.0,login,,,,1,Suspicious login hour
DTAA/CRC0996,PC-0440,2010-09-09 04:55:00,4.0,login,,,,1,Suspicious login hour
DTAA/ARS0993,PC-2030,2010-09-09 04:55:00,4.0,login,,,,1,Suspicious login hour
DTAA/CDZ0056,PC-4052,2010-09-09 04:58:00,4.0,login,,,,1,Suspicious login hour
DTAA/CGM0994,PC-4650,2010-09-09 05:09:00,5.0,login,,,,1,Suspicious login hour
DTAA/CLB0995,PC-4724,2010-09-09 05:13:00,5.0,login,,,,1,Suspicious login hour
DTAA/BJM0992,PC-1217,2010-09-09 05:15:00,5.0,login,,,,1,Suspicious login hour
DTAA/ARS0993,PC-2030,2010-09-09 05:27:00,5.0,login,,,,1,Suspicious login hour
DTAA/CLB0995,PC-4724,2010-09-09 05:29:00,5.0,login,,,,1,Suspicious login hour
DTAA/DSM0990,PC-0929,2010-09-09 05:32:00,5.0,login,,,,1,Suspicious login hour
DTAA/CRC0996,PC-4944,2010-09-09 05:33:00,5.0,login,,,,1,Suspicious login hour
DTAA/PKM0092,PC-0731,2010-09-09 05:33:00,5.0,login,,,,1,Suspicious login hour
DTAA/CLB0995,PC-4535,2010-09-09 05:51:00,5.0,login,,,,1,Suspicious login hour
DTAA/BJM0992,PC-1217,2010-09-09 05:57:00,5.0,login,,,,1,Suspicious login hour
DTAA/ODW0839,PC-1940,2010-09-09 21:02:00,21.0,login,,,,1,Suspicious login hour
DTAA/MVW0630,PC-2005,2010-09-09 21:06:00,21.0,login,,,,1,Suspicious login hour
DTAA/SKL0881,PC-1581,2010-09-09 21:15:00,21.0,login,,,,1,Suspicious login hour
DTAA/VAH0262,PC-1398,2010-09-09 21:15:00,21.0,login,,,,1,Suspicious login hour
DTAA/CLN0999,PC-3591,2010-09-09 21:16:00,21.0,login,,,,1,Suspicious login hour
DTAA/NAT0252,PC-1796,2010-09-09 21:17:00,21.0,login,,,,1,Suspicious login hour
DTAA/CLB0995,PC-1817,2010-09-09 21:21:00,21.0,login,,,,1,Suspicious login hour
DTAA/CLN0999,PC-1046,2010-09-09 21:27:00,21.0,login,,,,1,Suspicious login hour
DTAA/ELD1000,PC-0478,2010-09-09 21:31:00,21.0,login,,,,1,Suspicious login hour
DTAA/DIS0382,PC-2501,2010-09-09 21:35:00,21.0,login,,,,1,Suspicious login hour
DTAA/DSM0990,PC-0805,2010-09-09 21:37:00,21.0,login,,,,1,Suspicious login hour
DTAA/NDS0490,PC-2549,2010-09-09 21:38:00,21.0,login,,,,1,Suspicious login hour
DTAA/CRC0996,PC-2718,2010-09-09 21:41:00,21.0,login,,,,1,Suspicious login hour
DTAA/ELD1000,PC-0478,2010-09-09 21:47:00,21.0,login,,,,1,Suspicious login hour
DTAA/CRC0996,PC-4093,2010-09-09 21:47:00,21.0,login,,,,1,Suspicious login hour
DTAA/CLN0999,PC-1046,2010-09-09 21:54:00,21.0,login,,,,1,Suspicious login hour
DTAA/CRC0996,PC-4093,2010-09-09 22:05:00,22.0,login,,,,1,Suspicious login hour
DTAA/CRC0996,PC-2718,2010-09-09 22:09:00,22.0,login,,,,1,Suspicious login hour
DTAA/DSM0990,PC-0805,2010-09-09 22:20:00,22.0,login,,,,1,Suspicious login hour
DTAA/JMM0759,PC-3490,2010-09-09 22:22:00,22.0,login,,,,1,Suspicious login hour
DTAA/EOS0972,PC-4981,2010-09-09 22:36:00,22.0,login,,,,1,Suspicious login hour
DTAA/BJM0992,PC-1513,2010-09-09 23:24:00,23.0,login,,,,1,Suspicious login hour
DTAA/JCC0998,PC-0300,2010-09-09 23:29:00,23.0,login,,,,1,Suspicious login hour
DTAA/PCM0846,PC-1898,2010-09-09 23:49:00,23.0,login,,,,1,Suspicious login hour
DTAA/BJM0992,PC-1513,2010-09-10 00:01:00,0.0,login,,,,1,Suspicious login hour
DTAA/JCC0998,PC-0300,2010-09-10 00:02:00,0.0,login,,,,1,Suspicious login hour
DTAA/CRC0996,PC-3269,2010-09-10 00:17:00,0.0,login,,,,1,Suspicious login hour
DTAA/CRC0996,PC-3269,2010-09-10 00:20:00,0.0,login,,,,1,Suspicious login hour
DTAA/BJM0992,PC-4047,2010-09-10 00:45:00,0.0,login,,,,1,Suspicious login hour
DTAA/ELD1000,PC-3393,2010-09-10 00:45:00,0.0,login,,,,1,Suspicious login hour
DTAA/IAG0152,PC-3521,2010-09-10 00:46:00,0.0,login,,,,1,Suspicious login hour
DTAA/JTT0989,PC-3310,2010-09-10 00:55:00,0.0,login,,,,1,Suspicious login hour
DTAA/ELD1000,PC-3393,2010-09-10 00:58:00,0.0,login,,,,1,Suspicious login hour
DTAA/BJM0992,PC-4047,2010-09-10 01:05:00,1.0,login,,,,1,Suspicious login hour
DTAA/KEE0997,PC-4427,2010-09-10 01:06:00,1.0,login,,,,1,Suspicious login hour
DTAA/JTT0989,PC-3310,2010-09-10 01:09:00,1.0,login,,,,1,Suspicious login hour
DTAA/JCC0998,PC-1638,2010-09-10 01:15:00,1.0,login,,,,1,Suspicious login hour
DTAA/KEE0997,PC-4427,2010-09-10 01:42:00,1.0,login,,,,1,Suspicious login hour
DTAA/JMM0759,PC-3490,2010-09-10 01:42:00,1.0,login,,,,1,Suspicious login hour
DTAA/CHS0324,PC-3251,2010-09-10 01:49:00,1.0,login,,,,1,Suspicious login hour
DTAA/JCC0998,PC-1638,2010-09-10 01:56:00,1.0,login,,,,1,Suspicious login hour
DTAA/IRC0991,PC-2529,2010-09-10 02:15:00,2.0,login,,,,1,Suspicious login hour
DTAA/CRC0996,PC-0238,2010-09-10 02:18:00,2.0,login,,,,1,Suspicious login hour
DTAA/IRC0991,PC-2529,2010-09-10 02:22:00,2.0,login,,,,1,Suspicious login hour
DTAA/CLN0999,PC-2053,2010-09-10 02:24:00,2.0,login,,,,1,Suspicious login hour
DTAA/MVW0630,PC-2005,2010-09-10 02:24:00,2.0,login,,,,1,Suspicious login hour
DTAA/DIS0382,PC-2501,2010-09-10 02:29:00,2.0,login,,,,1,Suspicious login hour
DTAA/CRC0996,PC-0238,2010-09-10 02:35:00,2.0,login,,,,1,Suspicious login hour
DTAA/CTH0856,PC-4677,2010-09-10 02:35:00,2.0,login,,,,1,Suspicious login hour
DTAA/EOS0972,PC-4981,2010-09-10 02:43:00,2.0,login,,,,1,Suspicious login hour
DTAA/CTH0856,PC-4677,2010-09-10 02:46:00,2.0,login,,,,1,Suspicious login hour
DTAA/PCM0846,PC-1898,2010-09-10 02:58:00,2.0,login,,,,1,Suspicious login hour
DTAA/CLN0999,PC-2053,2010-09-10 02:59:00,2.0,login,,,,1,Suspicious login hour
DTAA/SDC0032,PC-3081,2010-09-10 03:09:00,3.0,login,,,,1,Suspicious login hour
DTAA/IAG0152,PC-3521,2010-09-10 03:52:00,3.0,login,,,,1,Suspicious login hour
DTAA/CRC0996,PC-2493,2010-09-10 03:54:00,3.0,login,,,,1,Suspicious login hour
DTAA/ARS0993,PC-4696,2010-09-10 03:56:00,3.0,login,,,,1,Suspicious login hour
DTAA/ELD1000,PC-1196,2010-09-10 04:01:00,4.0,login,,,,1,Suspicious login hour
DTAA/DSM0990,PC-3289,2010-09-10 04:09:00,4.0,login,,,,1,Suspicious login hour
DTAA/CGM0994,PC-4872,2010-09-10 04:11:00,4.0,login,,,,1,Suspicious login hour
DTAA/ARS0993,PC-4696,2010-09-10 04:12:00,4.0,login,,,,1,Suspicious login hour
DTAA/CRC0996,PC-2493,2010-09-10 04:22:00,4.0,login,,,,1,Suspicious login hour
DTAA/BJM0992,PC-2000,2010-09-10 04:28:00,4.0,login,,,,1,Suspicious login hour
DTAA/DSM0990,PC-3289,2010-09-10 04:32:00,4.0,login,,,,1,Suspicious login hour
DTAA/ELD1000,PC-1196,2010-09-10 04:33:00,4.0,login,,,,1,Suspicious login hour
DTAA/BJM0992,PC-2000,2010-09-10 04:35:00,4.0,login,,,,1,Suspicious login hour
DTAA/CGM0994,PC-4872,2010-09-10 04:38:00,4.0,login,,,,1,Suspicious login hour
DTAA/RLC0442,PC-1467,2010-09-10 04:39:00,4.0,login,,,,1,Suspicious login hour
DTAA/CLN0999,PC-2316,2010-09-10 04:41:00,4.0,login,,,,1,Suspicious login hour
DTAA/CLN0999,PC-2316,2010-09-10 04:42:00,4.0,login,,,,1,Suspicious login hour
DTAA/AFO0022,PC-2218,2010-09-10 04:58:00,4.0,login,,,,1,Suspicious login hour
DTAA/BJM0992,PC-4069,2010-09-10 05:26:00,5.0,login,,,,1,Suspicious login hour
DTAA/KEE0997,PC-2950,2010-09-10 05:33:00,5.0,login,,,,1,Suspicious login hour
DTAA/RLC0442,PC-1467,2010-09-10 05:35:00,5.0,login,,,,1,Suspicious login hour
DTAA/DSM0990,PC-3052,2010-09-10 05:41:00,5.0,login,,,,1,Suspicious login hour
DTAA/BTW0973,PC-4462,2010-09-10 05:50:00,5.0,login,,,,1,Suspicious login hour
DTAA/ODW0839,PC-1940,2010-09-10 21:02:00,21.0,login,,,,1,Suspicious login hour
DTAA/ARC0677,PC-0465,2010-09-10 21:05:00,21.0,login,,,,1,Suspicious login hour
DTAA/CLK0383,PC-0419,2010-09-10 21:09:00,21.0,login,,,,1,Suspicious login hour
DTAA/CLK0383,PC-0419,2010-09-10 21:11:00,21.0,login,,,,1,Suspicious login hour
DTAA/VAH0262,PC-1398,2010-09-10 21:12:00,21.0,login,,,,1,Suspicious login hour
DTAA/JBL0450,PC-2338,2010-09-10 21:17:00,21.0,login,,,,1,Suspicious login hour
DTAA/SKL0881,PC-1581,2010-09-10 21:17:00,21.0,login,,,,1,Suspicious login hour
DTAA/NAT0252,PC-1796,2010-09-10 21:17:00,21.0,login,,,,1,Suspicious login hour
DTAA/JCC0998,PC-1228,2010-09-10 21:19:00,21.0,login,,,,1,Suspicious login hour
DTAA/NDS0490,PC-2549,2010-09-10 21:26:00,21.0,login,,,,1,Suspicious login hour
DTAA/CLB0995,PC-1434,2010-09-10 21:36:00,21.0,login,,,,1,Suspicious login hour
DTAA/JCC0998,PC-1228,2010-09-10 21:56:00,21.0,login,,,,1,Suspicious login hour
DTAA/CLB0995,PC-1434,2010-09-10 22:03:00,22.0,login,,,,1,Suspicious login hour
DTAA/DJW0368,PC-2518,2010-09-10 22:24:00,22.0,login,,,,1,Suspicious login hour
DTAA/CWG0305,PC-1107,2010-09-10 23:02:00,23.0,login,,,,1,Suspicious login hour
DTAA/DSM0990,PC-2048,2010-09-10 23:06:00,23.0,login,,,,1,Suspicious login hour
DTAA/ELD1000,PC-0191,2010-09-10 23:23:00,23.0,login,,,,1,Suspicious login hour
DTAA/ELD1000,PC-0191,2010-09-10 23:39:00,23.0,login,,,,1,Suspicious login hour
DTAA/DSM0990,PC-2048,2010-09-10 23:40:00,23.0,login,,,,1,Suspicious login hour
DTAA/PMB0702,PC-1792,2010-09-11 00:13:00,0.0,login,,,,1,Suspicious login hour
DTAA/PJL0320,PC-1233,2010-09-11 02:38:00,2.0,login,,,,1,Suspicious login hour
DTAA/JBL0450,PC-2338,2010-09-11 03:37:00,3.0,login,,,,1,Suspicious login hour
DTAA/FKR0550,PC-2469,2010-09-11 04:32:00,4.0,login,,,,1,Suspicious login hour
DTAA/FKR0550,PC-2469,2010-09-11 04:53:00,4.0,login,,,,1,Suspicious login hour
DTAA/OYR0801,PC-0088,2010-09-11 04:53:00,4.0,login,,,,1,Suspicious login hour
DTAA/PJL0320,PC-1233,2010-09-11 05:07:00,5.0,login,,,,1,Suspicious login hour
DTAA/MSV0506,PC-3240,2010-09-11 05:12:00,5.0,login,,,,1,Suspicious login hour
DTAA/CWG0305,PC-1107,2010-09-11 05:38:00,5.0,login,,,,1,Suspicious login hour
DTAA/MSV0506,PC-3240,2010-09-11 05:52:00,5.0,login,,,,1,Suspicious login hour
DTAA/KEE0997,PC-1902,2010-10-01 00:16:00,0.0,login,,,,1,Suspicious login hour
DTAA/DSM0990,PC-1506,2010-10-01 00:18:00,0.0,login,,,,1,Suspicious login hour
DTAA/CLB0995,PC-2929,2010-10-01 00:21:00,0.0,login,,,,1,Suspicious login hour
DTAA/DSM0990,PC-1506,2010-10-01 00:22:00,0.0,login,,,,1,Suspicious login hour
DTAA/KEE0997,PC-1902,2010-10-01 00:40:00,0.0,login,,,,1,Suspicious login hour
DTAA/CTH0856,PC-4677,2010-10-01 00:41:00,0.0,login,,,,1,Suspicious login hour
DTAA/CLB0995,PC-2929,2010-10-01 00:49:00,0.0,login,,,,1,Suspicious login hour
DTAA/ELD1000,PC-0406,2010-10-01 00:53:00,0.0,login,,,,1,Suspicious login hour
DTAA/CTH0856,PC-4677,2010-10-01 00:55:00,0.0,login,,,,1,Suspicious login hour
DTAA/CLB0995,PC-2668,2010-10-01 01:13:00,1.0,login,,,,1,Suspicious login hour
DTAA/ELD1000,PC-0406,2010-10-01 01:15:00,1.0,login,,,,1,Suspicious login hour
DTAA/CLB0995,PC-2950,2010-10-01 01:36:00,1.0,login,,,,1,Suspicious login hour
DTAA/JMM0759,PC-3490,2010-10-01 01:41:00,1.0,login,,,,1,Suspicious login hour
DTAA/CLB0995,PC-2668,2010-10-01 01:50:00,1.0,login,,,,1,Suspicious login hour
DTAA/CLN0999,PC-3117,2010-10-01 02:00:00,2.0,login,,,,1,Suspicious login hour
DTAA/RBC0879,PC-1261,2010-10-01 02:01:00,2.0,login,,,,1,Suspicious login hour
DTAA/CRC0996,PC-4069,2010-10-01 02:02:00,2.0,login,,,,1,Suspicious login hour
DTAA/CLB0995,PC-2950,2010-10-01 02:13:00,2.0,login,,,,1,Suspicious login hour
DTAA/KEE0997,PC-4047,2010-10-01 02:15:00,2.0,login,,,,1,Suspicious login hour
DTAA/DSM0990,PC-4863,2010-10-01 02:16:00,2.0,login,,,,1,Suspicious login hour
DTAA/CLN0999,PC-3117,2010-10-01 02:29:00,2.0,login,,,,1,Suspicious login hour
DTAA/KEE0997,PC-4696,2010-10-01 02:30:00,2.0,login,,,,1,Suspicious login hour
DTAA/CRC0996,PC-4069,2010-10-01 02:34:00,2.0,login,,,,1,Suspicious login hour
DTAA/KEE0997,PC-4696,2010-10-01 02:40:00,2.0,login,,,,1,Suspicious login hour
DTAA/ARS0993,PC-2171,2010-10-01 02:46:00,2.0,login,,,,1,Suspicious login hour
DTAA/KEE0997,PC-4047,2010-10-01 02:50:00,2.0,login,,,,1,Suspicious login hour
DTAA/ARS0993,PC-2171,2010-10-01 03:14:00,3.0,login,,,,1,Suspicious login hour
DTAA/CLB0995,PC-1848,2010-10-01 03:20:00,3.0,login,,,,1,Suspicious login hour
DTAA/CHS0324,PC-3251,2010-10-01 03:22:00,3.0,login,,,,1,Suspicious login hour
DTAA/ARS0993,PC-4473,2010-10-01 03:25:00,3.0,login,,,,1,Suspicious login hour
DTAA/ARS0993,PC-4473,2010-10-01 03:41:00,3.0,login,,,,1,Suspicious login hour
DTAA/CHS0324,PC-3251,2010-10-01 03:49:00,3.0,login,,,,1,Suspicious login hour
DTAA/ASO0023,PC-3990,2010-10-01 03:49:00,3.0,login,,,,1,Suspicious login hour
DTAA/CLB0995,PC-1848,2010-10-01 03:58:00,3.0,login,,,,1,Suspicious login hour
DTAA/SDC0032,PC-3081,2010-10-01 04:15:00,4.0,login,,,,1,Suspicious login hour
DTAA/ARS0993,PC-0290,2010-10-01 04:25:00,4.0,login,,,,1,Suspicious login hour
DTAA/CRC0996,PC-0831,2010-10-01 04:26:00,4.0,login,,,,1,Suspicious login hour
DTAA/JTT0989,PC-1196,2010-10-01 04:38:00,4.0,login,,,,1,Suspicious login hour
DTAA/RBC0879,PC-1261,2010-10-01 04:41:00,4.0,login,,,,1,Suspicious login hour
DTAA/ARS0993,PC-0290,2010-10-01 04:44:00,4.0,login,,,,1,Suspicious login hour
DTAA/CLN0999,PC-2492,2010-10-01 04:53:00,4.0,login,,,,1,Suspicious login hour
DTAA/CRC0996,PC-0831,2010-10-01 04:53:00,4.0,login,,,,1,Suspicious login hour
DTAA/CLN0999,PC-2492,2010-10-01 05:11:00,5.0,login,,,,1,Suspicious login hour
DTAA/JTT0989,PC-1196,2010-10-01 05:15:00,5.0,login,,,,1,Suspicious login hour
DTAA/PCM0846,PC-1898,2010-10-01 05:41:00,5.0,login,,,,1,Suspicious login hour
DTAA/CRC0996,PC-3675,2010-10-01 05:47:00,5.0,login,,,,1,Suspicious login hour
DTAA/ASO0023,PC-3990,2010-10-01 05:47:00,5.0,login,,,,1,Suspicious login hour
DTAA/DSM0990,PC-4863,2010-10-01 05:51:00,5.0,login,,,,1,Suspicious login hour
DTAA/ODW0839,PC-1940,2010-10-01 21:00:00,21.0,login,,,,1,Suspicious login hour
DTAA/JTT0989,PC-0322,2010-10-01 21:07:00,21.0,login,,,,1,Suspicious login hour
DTAA/ELD1000,PC-4773,2010-10-01 21:10:00,21.0,login,,,,1,Suspicious login hour
DTAA/NAT0252,PC-1796,2010-10-01 21:12:00,21.0,login,,,,1,Suspicious login hour
DTAA/SKL0881,PC-1581,2010-10-01 21:17:00,21.0,login,,,,1,Suspicious login hour
DTAA/VAH0262,PC-1398,2010-10-01 21:22:00,21.0,login,,,,1,Suspicious login hour
DTAA/ELD1000,PC-4773,2010-10-01 21:23:00,21.0,login,,,,1,Suspicious login hour
DTAA/NDS0490,PC-2549,2010-10-01 21:37:00,21.0,login,,,,1,Suspicious login hour
DTAA/IRC0991,PC-0666,2010-10-01 21:39:00,21.0,login,,,,1,Suspicious login hour
DTAA/DSM0990,PC-2344,2010-10-01 21:58:00,21.0,login,,,,1,Suspicious login hour
DTAA/DSM0990,PC-2344,2010-10-01 21:59:00,21.0,login,,,,1,Suspicious login hour
DTAA/CGM0994,PC-4442,2010-10-01 22:00:00,22.0,login,,,,1,Suspicious login hour
DTAA/JCC0998,PC-3385,2010-10-01 22:16:00,22.0,login,,,,1,Suspicious login hour
DTAA/IRC0991,PC-0666,2010-10-01 22:22:00,22.0,login,,,,1,Suspicious login hour
DTAA/KEE0997,PC-2844,2010-10-01 22:28:00,22.0,login,,,,1,Suspicious login hour
DTAA/CGM0994,PC-4442,2010-10-01 22:30:00,22.0,login,,,,1,Suspicious login hour
DTAA/FKR0550,PC-2469,2010-10-01 22:47:00,22.0,login,,,,1,Suspicious login hour
DTAA/CRC0996,PC-3644,2010-10-01 22:47:00,22.0,login,,,,1,Suspicious login hour
DTAA/CWG0305,PC-1107,2010-10-01 22:57:00,22.0,login,,,,1,Suspicious login hour
DTAA/KEE0997,PC-2844,2010-10-01 22:58:00,22.0,login,,,,1,Suspicious login hour
DTAA/JCC0998,PC-3385,2010-10-01 23:00:00,23.0,login,,,,1,Suspicious login hour
DTAA/CRC0996,PC-3644,2010-10-01 23:00:00,23.0,login,,,,1,Suspicious login hour
DTAA/JBL0450,PC-2338,2010-10-01 23:58:00,23.0,login,,,,1,Suspicious login hour
DTAA/JBL0450,PC-2338,2010-10-02 00:21:00,0.0,login,,,,1,Suspicious login hour
DTAA/CLK0383,PC-0419,2010-10-02 01:10:00,1.0,login,,,,1,Suspicious login hour
DTAA/KAD0059,PC-4031,2010-10-02 01:24:00,1.0,login,,,,1,Suspicious login hour
DTAA/SRN0275,PC-3531,2010-10-02 02:27:00,2.0,login,,,,1,Suspicious login hour
DTAA/CWG0305,PC-1107,2010-10-02 02:41:00,2.0,login,,,,1,Suspicious login hour
DTAA/AKS0283,PC-3049,2010-10-02 02:50:00,2.0,login,,,,1,Suspicious login hour
DTAA/CLK0383,PC-0419,2010-10-02 03:16:00,3.0,login,,,,1,Suspicious login hour
DTAA/SRN0275,PC-3531,2010-10-02 03:29:00,3.0,login,,,,1,Suspicious login hour
DTAA/DJW0368,PC-2518,2010-10-02 03:32:00,3.0,login,,,,1,Suspicious login hour
DTAA/HCG0731,PC-4643,2010-10-02 04:10:00,4.0,login,,,,1,Suspicious login hour
DTAA/DJW0368,PC-2518,2010-10-02 04:13:00,4.0,login,,,,1,Suspicious login hour
DTAA/AKS0283,PC-3049,2010-10-02 04:48:00,4.0,login,,,,1,Suspicious login hour
DTAA/KAD0059,PC-4031,2010-10-02 05:22:00,5.0,login,,,,1,Suspicious login hour
DTAA/HCG0731,PC-4643,2010-10-02 05:33:00,5.0,login,,,,1,Suspicious login hour
DTAA/OYR0801,PC-0088,2010-10-02 05:53:00,5.0,login,,,,1,Suspicious login hour
DTAA/OYR0801,PC-0088,2010-10-02 05:58:00,5.0,login,,,,1,Suspicious login hour
DTAA/CLB0995,PC-3022,2010-10-04 02:56:00,2.0,login,,,,1,Suspicious login hour
DTAA/CLB0995,PC-3022,2010-10-04 02:59:00,2.0,login,,,,1,Suspicious login hour
DTAA/CRC0996,PC-1093,2010-10-04 03:11:00,3.0,login,,,,1,Suspicious login hour
DTAA/KEE0997,PC-2149,2010-10-04 03:19:00,3.0,login,,,,1,Suspicious login hour
DTAA/CRC0996,PC-1093,2010-10-04 03:21:00,3.0,login,,,,1,Suspicious login hour
DTAA/KEE0997,PC-2354,2010-10-04 03:28:00,3.0,login,,,,1,Suspicious login hour
DTAA/KEE0997,PC-2354,2010-10-04 03:34:00,3.0,login,,,,1,Suspicious login hour
DTAA/CGM0994,PC-1011,2010-10-04 03:35:00,3.0,login,,,,1,Suspicious login hour
DTAA/CGM0994,PC-4117,2010-10-04 03:41:00,3.0,login,,,,1,Suspicious login hour
DTAA/KEE0997,PC-2149,2010-10-04 03:48:00,3.0,login,,,,1,Suspicious login hour
DTAA/CGM0994,PC-4117,2010-10-04 03:57:00,3.0,login,,,,1,Suspicious login hour
DTAA/CGM0994,PC-1011,2010-10-04 04:05:00,4.0,login,,,,1,Suspicious login hour
DTAA/BJM0992,PC-4950,2010-10-04 04:16:00,4.0,login,,,,1,Suspicious login hour
DTAA/BJM0992,PC-4950,2010-10-04 04:25:00,4.0,login,,,,1,Suspicious login hour
DTAA/CRC0996,PC-1665,2010-10-04 05:40:00,5.0,login,,,,1,Suspicious login hour
DTAA/CGM0994,PC-1591,2010-10-04 05:55:00,5.0,login,,,,1,Suspicious login hour
DTAA/ARS0993,PC-3872,2010-10-04 21:05:00,21.0,login,,,,1,Suspicious login hour
DTAA/ODW0839,PC-1940,2010-10-04 21:07:00,21.0,login,,,,1,Suspicious login hour
DTAA/CGM0994,PC-3698,2010-10-04 21:10:00,21.0,login,,,,1,Suspicious login hour
DTAA/NAT0252,PC-1796,2010-10-04 21:11:00,21.0,login,,,,1,Suspicious login hour
DTAA/VAH0262,PC-1398,2010-10-04 21:13:00,21.0,login,,,,1,Suspicious login hour
DTAA/SKL0881,PC-1581,2010-10-04 21:21:00,21.0,login,,,,1,Suspicious login hour
DTAA/ELD1000,PC-3588,2010-10-04 21:28:00,21.0,login,,,,1,Suspicious login hour
DTAA/IRC0991,PC-4221,2010-10-04 21:29:00,21.0,login,,,,1,Suspicious login hour
DTAA/NDS0490,PC-2549,2010-10-04 21:33:00,21.0,login,,,,1,Suspicious login hour
DTAA/DSM0990,PC-4531,2010-10-04 21:41:00,21.0,login,,,,1,Suspicious login hour
DTAA/IRC0991,PC-4076,2010-10-04 21:43:00,21.0,login,,,,1,Suspicious login hour
DTAA/IRC0991,PC-4221,2010-10-04 21:49:00,21.0,login,,,,1,Suspicious login hour
DTAA/ELD1000,PC-3588,2010-10-04 22:07:00,22.0,login,,,,1,Suspicious login hour
DTAA/KEE0997,PC-2848,2010-10-04 22:13:00,22.0,login,,,,1,Suspicious login hour
DTAA/DSM0990,PC-4531,2010-10-04 22:23:00,22.0,login,,,,1,Suspicious login hour
DTAA/IRC0991,PC-4076,2010-10-04 22:27:00,22.0,login,,,,1,Suspicious login hour
DTAA/KEE0997,PC-2848,2010-10-04 22:29:00,22.0,login,,,,1,Suspicious login hour
DTAA/KEE0997,PC-3721,2010-10-04 23:00:00,23.0,login,,,,1,Suspicious login hour
DTAA/ELD1000,PC-1249,2010-10-04 23:05:00,23.0,login,,,,1,Suspicious login hour
DTAA/CLB0995,PC-2420,2010-10-04 23:06:00,23.0,login,,,,1,Suspicious login hour
DTAA/KAD0059,PC-4031,2010-10-04 23:08:00,23.0,login,,,,1,Suspicious login hour
DTAA/KEE0997,PC-3721,2010-10-04 23:18:00,23.0,login,,,,1,Suspicious login hour
DTAA/ELD1000,PC-1249,2010-10-04 23:23:00,23.0,login,,,,1,Suspicious login hour
DTAA/CLB0995,PC-2420,2010-10-04 23:24:00,23.0,login,,,,1,Suspicious login hour
DTAA/CGM0994,PC-2881,2010-10-04 23:32:00,23.0,login,,,,1,Suspicious login hour
DTAA/ARS0993,PC-4765,2010-10-04 23:42:00,23.0,login,,,,1,Suspicious login hour
DTAA/CGM0994,PC-2047,2010-10-04 23:57:00,23.0,login,,,,1,Suspicious login hour
DTAA/ARS0993,PC-4765,2010-10-05 00:02:00,0.0,login,,,,1,Suspicious login hour
DTAA/CGM0994,PC-2881,2010-10-05 00:11:00,0.0,login,,,,1,Suspicious login hour
DTAA/JTT0989,PC-0548,2010-10-05 00:25:00,0.0,login,,,,1,Suspicious login hour
DTAA/CGM0994,PC-3826,2010-10-05 00:25:00,0.0,login,,,,1,Suspicious login hour
DTAA/CGM0994,PC-2047,2010-10-05 00:30:00,0.0,login,,,,1,Suspicious login hour
DTAA/CHA0174,PC-2751,2010-10-05 00:31:00,0.0,login,,,,1,Suspicious login hour
DTAA/CGM0994,PC-0057,2010-10-05 00:36:00,0.0,login,,,,1,Suspicious login hour
DTAA/ELD1000,PC-2613,2010-10-05 00:39:00,0.0,login,,,,1,Suspicious login hour
DTAA/JCC0998,PC-0925,2010-10-05 00:39:00,0.0,login,,,,1,Suspicious login hour
DTAA/JTT0989,PC-0548,2010-10-05 00:47:00,0.0,login,,,,1,Suspicious login hour
DTAA/CGM0994,PC-0057,2010-10-05 00:48:00,0.0,login,,,,1,Suspicious login hour
DTAA/CGM0994,PC-3826,2010-10-05 00:51:00,0.0,login,,,,1,Suspicious login hour
DTAA/TKH0211,PC-0719,2010-10-05 01:00:00,1.0,login,,,,1,Suspicious login hour
DTAA/JCC0998,PC-0925,2010-10-05 01:02:00,1.0,login,,,,1,Suspicious login hour
DTAA/ELD1000,PC-2613,2010-10-05 01:04:00,1.0,login,,,,1,Suspicious login hour
DTAA/SDC0032,PC-3081,2010-10-05 01:28:00,1.0,login,,,,1,Suspicious login hour
DTAA/SDC0032,PC-3081,2010-10-05 01:36:00,1.0,login,,,,1,Suspicious login hour
DTAA/KAD0059,PC-4031,2010-10-05 01:49:00,1.0,login,,,,1,Suspicious login hour
DTAA/BAF0379,PC-3645,2010-10-05 01:56:00,1.0,login,,,,1,Suspicious login hour
DTAA/CGM0994,PC-4598,2010-10-05 02:12:00,2.0,login,,,,1,Suspicious login hour
DTAA/NHL0253,PC-3339,2010-10-05 02:23:00,2.0,login,,,,1,Suspicious login hour
DTAA/SAH0192,PC-4079,2010-10-05 02:26:00,2.0,login,,,,1,Suspicious login hour
DTAA/CGM0994,PC-4598,2010-10-05 02:38:00,2.0,login,,,,1,Suspicious login hour
DTAA/KEE0997,PC-2553,2010-10-05 02:47:00,2.0,login,,,,1,Suspicious login hour
DTAA/ELD1000,PC-2902,2010-10-05 02:55:00,2.0,login,,,,1,Suspicious login hour
DTAA/BJM0992,PC-0381,2010-10-05 03:05:00,3.0,login,,,,1,Suspicious login hour
DTAA/JCC0998,PC-1313,2010-10-05 03:10:00,3.0,login,,,,1,Suspicious login hour
DTAA/NHL0253,PC-3339,2010-10-05 03:15:00,3.0,login,,,,1,Suspicious login hour
DTAA/KEE0997,PC-2553,2010-10-05 03:15:00,3.0,login,,,,1,Suspicious login hour
DTAA/ELD1000,PC-2902,2010-10-05 03:20:00,3.0,login,,,,1,Suspicious login hour
DTAA/JCC0998,PC-1313,2010-10-05 03:25:00,3.0,login,,,,1,Suspicious login hour
DTAA/CHA0174,PC-2751,2010-10-05 03:33:00,3.0,login,,,,1,Suspicious login hour
DTAA/BJM0992,PC-0381,2010-10-05 03:35:00,3.0,login,,,,1,Suspicious login hour
DTAA/MCH0530,PC-4577,2010-10-05 04:00:00,4.0,login,,,,1,Suspicious login hour
DTAA/IRC0991,PC-3949,2010-10-05 04:10:00,4.0,login,,,,1,Suspicious login hour
DTAA/MCH0530,PC-4577,2010-10-05 04:25:00,4.0,login,,,,1,Suspicious login hour
DTAA/CGM0994,PC-2083,2010-10-05 04:26:00,4.0,login,,,,1,Suspicious login hour
DTAA/CLB0995,PC-1761,2010-10-05 04:28:00,4.0,login,,,,1,Suspicious login hour
DTAA/IRC0991,PC-1569,2010-10-05 04:31:00,4.0,login,,,,1,Suspicious login hour
DTAA/CGM0994,PC-2083,2010-10-05 04:32:00,4.0,login,,,,1,Suspicious login hour
DTAA/IRC0991,PC-3949,2010-10-05 04:40:00,4.0,login,,,,1,Suspicious login hour
DTAA/BJM0992,PC-0035,2010-10-05 04:50:00,4.0,login,,,,1,Suspicious login hour
DTAA/CLB0995,PC-1761,2010-10-05 04:57:00,4.0,login,,,,1,Suspicious login hour
DTAA/BJM0992,PC-0035,2010-10-05 05:01:00,5.0,login,,,,1,Suspicious login hour
DTAA/IRC0991,PC-1569,2010-10-05 05:09:00,5.0,login,,,,1,Suspicious login hour
DTAA/BIR0534,PC-1834,2010-10-05 05:15:00,5.0,login,,,,1,Suspicious login hour
DTAA/CLB0995,PC-3676,2010-10-05 05:25:00,5.0,login,,,,1,Suspicious login hour
DTAA/BIR0534,PC-1834,2010-10-05 05:25:00,5.0,login,,,,1,Suspicious login hour
DTAA/ELD1000,PC-2707,2010-10-05 05:31:00,5.0,login,,,,1,Suspicious login hour
DTAA/ODW0839,PC-1940,2010-10-05 21:00:00,21.0,login,,,,1,Suspicious login hour
DTAA/NAT0252,PC-1796,2010-10-05 21:10:00,21.0,login,,,,1,Suspicious login hour
DTAA/CGM0994,PC-2469,2010-10-05 21:10:00,21.0,login,,,,1,Suspicious login hour
DTAA/SEF0446,PC-2477,2010-10-05 21:17:00,21.0,login,,,,1,Suspicious login hour
DTAA/VAH0262,PC-1398,2010-10-05 21:19:00,21.0,login,,,,1,Suspicious login hour
DTAA/SKL0881,PC-1581,2010-10-05 21:20:00,21.0,login,,,,1,Suspicious login hour
DTAA/NDS0490,PC-2549,2010-10-05 21:38:00,21.0,login,,,,1,Suspicious login hour
DTAA/BJM0992,PC-2809,2010-10-05 22:03:00,22.0,login,,,,1,Suspicious login hour
DTAA/BJM0992,PC-2809,2010-10-05 22:16:00,22.0,login,,,,1,Suspicious login hour
DTAA/RLC0442,PC-1467,2010-10-05 22:28:00,22.0,login,,,,1,Suspicious login hour
DTAA/SEF0446,PC-2477,2010-10-05 22:34:00,22.0,login,,,,1,Suspicious login hour
DTAA/ELD1000,PC-1331,2010-10-05 22:50:00,22.0,login,,,,1,Suspicious login hour
DTAA/ELD1000,PC-1331,2010-10-05 22:53:00,22.0,login,,,,1,Suspicious login hour
DTAA/MIC0914,PC-3326,2010-10-05 22:57:00,22.0,login,,,,1,Suspicious login hour
DTAA/JTT0989,PC-2564,2010-10-05 23:24:00,23.0,login,,,,1,Suspicious login hour
DTAA/CRC0996,PC-3326,2010-10-05 23:53:00,23.0,login,,,,1,Suspicious login hour
DTAA/JTT0989,PC-2564,2010-10-06 00:02:00,0.0,login,,,,1,Suspicious login hour
DTAA/CRC0996,PC-3326,2010-10-06 00:34:00,0.0,login,,,,1,Suspicious login hour
DTAA/CLN0999,PC-4270,2010-10-06 00:47:00,0.0,login,,,,1,Suspicious login hour
DTAA/CGM0994,PC-4935,2010-10-06 01:08:00,1.0,login,,,,1,Suspicious login hour
DTAA/KEE0997,PC-3338,2010-10-06 01:14:00,1.0,login,,,,1,Suspicious login hour
DTAA/JTT0989,PC-3425,2010-10-06 01:17:00,1.0,login,,,,1,Suspicious login hour
DTAA/CRC0996,PC-2615,2010-10-06 01:28:00,1.0,login,,,,1,Suspicious login hour
DTAA/JCC0998,PC-3087,2010-10-06 01:28:00,1.0,login,,,,1,Suspicious login hour
DTAA/CLN0999,PC-4270,2010-10-06 01:31:00,1.0,login,,,,1,Suspicious login hour
DTAA/BJM0992,PC-0544,2010-10-06 01:36:00,1.0,login,,,,1,Suspicious login hour
DTAA/JTT0989,PC-3425,2010-10-06 01:42:00,1.0,login,,,,1,Suspicious login hour
DTAA/KEE0997,PC-3338,2010-10-06 01:44:00,1.0,login,,,,1,Suspicious login hour
DTAA/CRC0996,PC-2615,2010-10-06 01:44:00,1.0,login,,,,1,Suspicious login hour
DTAA/BJM0992,PC-0544,2010-10-06 01:49:00,1.0,login,,,,1,Suspicious login hour
DTAA/CGM0994,PC-4935,2010-10-06 01:51:00,1.0,login,,,,1,Suspicious login hour
DTAA/JCC0998,PC-3087,2010-10-06 01:56:00,1.0,login,,,,1,Suspicious login hour
DTAA/JCC0998,PC-3643,2010-10-06 01:56:00,1.0,login,,,,1,Suspicious login hour
DTAA/DFZ0063,PC-4442,2010-10-06 01:56:00,1.0,login,,,,1,Suspicious login hour
DTAA/IRC0991,PC-2005,2010-10-06 02:06:00,2.0,login,,,,1,Suspicious login hour
DTAA/KEE0997,PC-1917,2010-10-06 02:31:00,2.0,login,,,,1,Suspicious login hour
DTAA/IRC0991,PC-2005,2010-10-06 02:35:00,2.0,login,,,,1,Suspicious login hour
DTAA/JCC0998,PC-3643,2010-10-06 02:39:00,2.0,login,,,,1,Suspicious login hour
DTAA/DSM0990,PC-3542,2010-10-06 02:47:00,2.0,login,,,,1,Suspicious login hour
DTAA/CLK0383,PC-0419,2010-10-06 02:53:00,2.0,login,,,,1,Suspicious login hour
DTAA/CLB0995,PC-1939,2010-10-06 02:55:00,2.0,login,,,,1,Suspicious login hour
DTAA/JTT0989,PC-4875,2010-10-06 03:00:00,3.0,login,,,,1,Suspicious login hour
DTAA/KEE0997,PC-1917,2010-10-06 03:11:00,3.0,login,,,,1,Suspicious login hour
DTAA/RLC0442,PC-1467,2010-10-06 03:12:00,3.0,login,,,,1,Suspicious login hour
DTAA/OYR0801,PC-0088,2010-10-06 03:13:00,3.0,login,,,,1,Suspicious login hour
DTAA/DSM0990,PC-3542,2010-10-06 03:18:00,3.0,login,,,,1,Suspicious login hour
DTAA/JTT0989,PC-4875,2010-10-06 03:20:00,3.0,login,,,,1,Suspicious login hour
DTAA/CLB0995,PC-1939,2010-10-06 03:37:00,3.0,login,,,,1,Suspicious login hour
DTAA/BTW0973,PC-4462,2010-10-06 03:50:00,3.0,login,,,,1,Suspicious login hour
DTAA/OYR0801,PC-0088,2010-10-06 04:12:00,4.0,login,,,,1,Suspicious login hour
DTAA/CLK0383,PC-0419,2010-10-06 04:15:00,4.0,login,,,,1,Suspicious login hour
DTAA/DFZ0063,PC-4442,2010-10-06 04:38:00,4.0,login,,,,1,Suspicious login hour
DTAA/JCC0998,PC-2106,2010-10-06 04:46:00,4.0,login,,,,1,Suspicious login hour
DTAA/JCC0998,PC-2106,2010-10-06 04:51:00,4.0,login,,,,1,Suspicious login hour
DTAA/BTW0973,PC-4462,2010-10-06 04:51:00,4.0,login,,,,1,Suspicious login hour
DTAA/KEE0997,PC-3462,2010-10-06 04:53:00,4.0,login,,,,1,Suspicious login hour
DTAA/CTH0856,PC-4677,2010-10-06 04:58:00,4.0,login,,,,1,Suspicious login hour
DTAA/CLN0999,PC-4441,2010-10-06 05:03:00,5.0,login,,,,1,Suspicious login hour
DTAA/KEE0997,PC-3462,2010-10-06 05:10:00,5.0,login,,,,1,Suspicious login hour
DTAA/DSH0627,PC-2474,2010-10-06 05:16:00,5.0,login,,,,1,Suspicious login hour
DTAA/CTH0856,PC-4677,2010-10-06 05:32:00,5.0,login,,,,1,Suspicious login hour
DTAA/CLN0999,PC-4441,2010-10-06 05:43:00,5.0,login,,,,1,Suspicious login hour
DTAA/KEE0997,PC-0850,2010-10-06 05:53:00,5.0,login,,,,1,Suspicious login hour
DTAA/KEE0997,PC-0850,2010-10-06 05:57:00,5.0,login,,,,1,Suspicious login hour
DTAA/ODW0839,PC-1940,2010-10-06 21:03:00,21.0,login,,,,1,Suspicious login hour
DTAA/KEE0997,PC-3787,2010-10-06 21:06:00,21.0,login,,,,1,Suspicious login hour
DTAA/ARC0677,PC-0465,2010-10-06 21:07:00,21.0,login,,,,1,Suspicious login hour
DTAA/SKL0881,PC-1581,2010-10-06 21:19:00,21.0,login,,,,1,Suspicious login hour
DTAA/NAT0252,PC-1796,2010-10-06 21:20:00,21.0,login,,,,1,Suspicious login hour
DTAA/KEE0997,PC-0478,2010-10-06 21:20:00,21.0,login,,,,1,Suspicious login hour
DTAA/VAH0262,PC-1398,2010-10-06 21:22:00,21.0,login,,,,1,Suspicious login hour
DTAA/JCC0998,PC-3584,2010-10-06 21:25:00,21.0,login,,,,1,Suspicious login hour
DTAA/KEE0997,PC-0478,2010-10-06 21:27:00,21.0,login,,,,1,Suspicious login hour
DTAA/NDS0490,PC-2549,2010-10-06 21:30:00,21.0,login,,,,1,Suspicious login hour
DTAA/JCC0998,PC-3584,2010-10-06 21:44:00,21.0,login,,,,1,Suspicious login hour
DTAA/CLB0995,PC-0869,2010-10-06 21:49:00,21.0,login,,,,1,Suspicious login hour
DTAA/ELD1000,PC-0975,2010-10-06 22:01:00,22.0,login,,,,1,Suspicious login hour
DTAA/MSV0506,PC-3240,2010-10-06 22:08:00,22.0,login,,,,1,Suspicious login hour
DTAA/JCC0998,PC-3965,2010-10-06 22:14:00,22.0,login,,,,1,Suspicious login hour
DTAA/CLB0995,PC-0869,2010-10-06 22:30:00,22.0,login,,,,1,Suspicious login hour
DTAA/ELD1000,PC-0975,2010-10-06 22:31:00,22.0,login,,,,1,Suspicious login hour
DTAA/AJA0220,PC-3872,2010-10-06 22:34:00,22.0,login,,,,1,Suspicious login hour
DTAA/JCC0998,PC-3965,2010-10-06 22:41:00,22.0,login,,,,1,Suspicious login hour
DTAA/CWG0305,PC-1107,2010-10-06 22:42:00,22.0,login,,,,1,Suspicious login hour
DTAA/DSM0990,PC-2840,2010-10-06 22:47:00,22.0,login,,,,1,Suspicious login hour
DTAA/ARS0993,PC-4952,2010-10-06 22:51:00,22.0,login,,,,1,Suspicious login hour
DTAA/ELD1000,PC-0921,2010-10-06 22:52:00,22.0,login,,,,1,Suspicious login hour
DTAA/ELD1000,PC-2783,2010-10-06 22:55:00,22.0,login,,,,1,Suspicious login hour
DTAA/JCC0998,PC-4482,2010-10-06 22:55:00,22.0,login,,,,1,Suspicious login hour
DTAA/IKH0904,PC-3664,2010-10-06 22:55:00,22.0,login,,,,1,Suspicious login hour
DTAA/DSM0990,PC-2840,2010-10-06 22:55:00,22.0,login,,,,1,Suspicious login hour
DTAA/ELD1000,PC-0921,2010-10-06 23:08:00,23.0,login,,,,1,Suspicious login hour
DTAA/KEE0997,PC-3988,2010-10-06 23:13:00,23.0,login,,,,1,Suspicious login hour
DTAA/JCC0998,PC-0996,2010-10-06 23:16:00,23.0,login,,,,1,Suspicious login hour
DTAA/DSM0990,PC-2368,2010-10-06 23:18:00,23.0,login,,,,1,Suspicious login hour
DTAA/DSM0990,PC-2368,2010-10-06 23:28:00,23.0,login,,,,1,Suspicious login hour
DTAA/ARS0993,PC-4952,2010-10-06 23:30:00,23.0,login,,,,1,Suspicious login hour
DTAA/JCC0998,PC-4482,2010-10-06 23:33:00,23.0,login,,,,1,Suspicious login hour
DTAA/ELD1000,PC-2783,2010-10-06 23:33:00,23.0,login,,,,1,Suspicious login hour
DTAA/JMM0759,PC-3490,2010-10-06 23:34:00,23.0,login,,,,1,Suspicious login hour
DTAA/KEE0997,PC-3988,2010-10-06 23:38:00,23.0,login,,,,1,Suspicious login hour
DTAA/KEE0997,PC-3392,2010-10-06 23:41:00,23.0,login,,,,1,Suspicious login hour
DTAA/ELD1000,PC-3442,2010-10-06 23:41:00,23.0,login,,,,1,Suspicious login hour
DTAA/JCC0998,PC-0996,2010-10-06 23:46:00,23.0,login,,,,1,Suspicious login hour
DTAA/KEE0997,PC-3392,2010-10-07 00:15:00,0.0,login,,,,1,Suspicious login hour
DTAA/ELD1000,PC-3442,2010-10-07 00:16:00,0.0,login,,,,1,Suspicious login hour
DTAA/RAC0282,PC-3185,2010-10-07 00:17:00,0.0,login,,,,1,Suspicious login hour
DTAA/JTT0989,PC-2161,2010-10-07 00:21:00,0.0,login,,,,1,Suspicious login hour
DTAA/JTT0989,PC-0415,2010-10-07 00:33:00,0.0,login,,,,1,Suspicious login hour
DTAA/CGM0994,PC-0304,2010-10-07 00:33:00,0.0,login,,,,1,Suspicious login hour
DTAA/CGM0994,PC-0304,2010-10-07 00:44:00,0.0,login,,,,1,Suspicious login hour
DTAA/CRC0996,PC-3850,2010-10-07 00:47:00,0.0,login,,,,1,Suspicious login hour
DTAA/JTT0989,PC-2161,2010-10-07 00:56:00,0.0,login,,,,1,Suspicious login hour
DTAA/IKH0904,PC-3664,2010-10-07 00:57:00,0.0,login,,,,1,Suspicious login hour
DTAA/JTT0989,PC-0415,2010-10-07 01:14:00,1.0,login,,,,1,Suspicious login hour
DTAA/CRC0996,PC-3850,2010-10-07 01:19:00,1.0,login,,,,1,Suspicious login hour
DTAA/AJA0220,PC-3872,2010-10-07 01:25:00,1.0,login,,,,1,Suspicious login hour
DTAA/JCC0998,PC-3668,2010-10-07 01:36:00,1.0,login,,,,1,Suspicious login hour
DTAA/IRC0991,PC-2511,2010-10-07 01:39:00,1.0,login,,,,1,Suspicious login hour
DTAA/CGM0994,PC-0504,2010-10-07 01:39:00,1.0,login,,,,1,Suspicious login hour
DTAA/KEE0997,PC-2108,2010-10-07 01:44:00,1.0,login,,,,1,Suspicious login hour
DTAA/IRC0991,PC-2511,2010-10-07 01:56:00,1.0,login,,,,1,Suspicious login hour
DTAA/BJM0992,PC-1436,2010-10-07 01:57:00,1.0,login,,,,1,Suspicious login hour
DTAA/JCC0998,PC-3668,2010-10-07 02:03:00,2.0,login,,,,1,Suspicious login hour
DTAA/BJM0992,PC-1436,2010-10-07 02:13:00,2.0,login,,,,1,Suspicious login hour
DTAA/CGM0994,PC-0504,2010-10-07 02:16:00,2.0,login,,,,1,Suspicious login hour
DTAA/KEE0997,PC-0585,2010-10-07 02:16:00,2.0,login,,,,1,Suspicious login hour
DTAA/KEE0997,PC-2108,2010-10-07 02:26:00,2.0,login,,,,1,Suspicious login hour
DTAA/KEE0997,PC-0585,2010-10-07 02:38:00,2.0,login,,,,1,Suspicious login hour
DTAA/CLB0995,PC-4683,2010-10-07 02:48:00,2.0,login,,,,1,Suspicious login hour
DTAA/ZAB0889,PC-2844,2010-10-07 02:50:00,2.0,login,,,,1,Suspicious login hour
DTAA/KEE0997,PC-3058,2010-10-07 02:54:00,2.0,login,,,,1,Suspicious login hour
DTAA/CLB0995,PC-4683,2010-10-07 02:58:00,2.0,login,,,,1,Suspicious login hour
DTAA/KEE0997,PC-3058,2010-10-07 03:04:00,3.0,login,,,,1,Suspicious login hour
DTAA/PUH0847,PC-2550,2010-10-07 03:07:00,3.0,login,,,,1,Suspicious login hour
DTAA/AKS0283,PC-3049,2010-10-07 03:10:00,3.0,login,,,,1,Suspicious login hour
DTAA/ZAB0889,PC-2844,2010-10-07 03:11:00,3.0,login,,,,1,Suspicious login hour
DTAA/CWG0305,PC-1107,2010-10-07 03:21:00,3.0,login,,,,1,Suspicious login hour
DTAA/SHR0025,PC-0288,2010-10-07 03:45:00,3.0,login,,,,1,Suspicious login hour
DTAA/JTT0989,PC-1900,2010-10-07 04:14:00,4.0,login,,,,1,Suspicious login hour
DTAA/MSV0506,PC-3240,2010-10-07 04:30:00,4.0,login,,,,1,Suspicious login hour
DTAA/DDK0417,PC-0980,2010-10-07 04:31:00,4.0,login,,,,1,Suspicious login hour
DTAA/CGM0994,PC-2382,2010-10-07 04:33:00,4.0,login,,,,1,Suspicious login hour
DTAA/CGM0994,PC-2382,2010-10-07 04:35:00,4.0,login,,,,1,Suspicious login hour
DTAA/JTT0989,PC-1048,2010-10-07 04:37:00,4.0,login,,,,1,Suspicious login hour
DTAA/ELD1000,PC-3599,2010-10-07 04:38:00,4.0,login,,,,1,Suspicious login hour
DTAA/RAC0282,PC-3185,2010-10-07 04:40:00,4.0,login,,,,1,Suspicious login hour
DTAA/PUH0847,PC-2550,2010-10-07 04:42:00,4.0,login,,,,1,Suspicious login hour
DTAA/IRC0991,PC-2629,2010-10-07 04:44:00,4.0,login,,,,1,Suspicious login hour
DTAA/JTT0989,PC-1048,2010-10-07 04:45:00,4.0,login,,,,1,Suspicious login hour
DTAA/JTT0989,PC-1900,2010-10-07 04:46:00,4.0,login,,,,1,Suspicious login hour
DTAA/EMR0242,PC-1306,2010-10-07 04:47:00,4.0,login,,,,1,Suspicious login hour
DTAA/SHR0025,PC-0288,2010-10-07 04:51:00,4.0,login,,,,1,Suspicious login hour
DTAA/BJM0992,PC-0300,2010-10-07 05:12:00,5.0,login,,,,1,Suspicious login hour
DTAA/ELD1000,PC-3599,2010-10-07 05:14:00,5.0,login,,,,1,Suspicious login hour
DTAA/JMM0759,PC-3490,2010-10-07 05:14:00,5.0,login,,,,1,Suspicious login hour
DTAA/JTT0989,PC-0473,2010-10-07 05:15:00,5.0,login,,,,1,Suspicious login hour
DTAA/BJM0992,PC-0300,2010-10-07 05:17:00,5.0,login,,,,1,Suspicious login hour
DTAA/CLB0995,PC-3960,2010-10-07 05:20:00,5.0,login,,,,1,Suspicious login hour
DTAA/JTT0989,PC-0473,2010-10-07 05:24:00,5.0,login,,,,1,Suspicious login hour
DTAA/EMR0242,PC-1306,2010-10-07 05:27:00,5.0,login,,,,1,Suspicious login hour
DTAA/IRC0991,PC-2629,2010-10-07 05:27:00,5.0,login,,,,1,Suspicious login hour
DTAA/CLB0995,PC-3960,2010-10-07 05:59:00,5.0,login,,,,1,Suspicious login hour
DTAA/ODW0839,PC-1940,2010-10-07 21:02:00,21.0,login,,,,1,Suspicious login hour
DTAA/CGM0994,PC-0431,2010-10-07 21:06:00,21.0,login,,,,1,Suspicious login hour
DTAA/ARC0677,PC-0465,2010-10-07 21:06:00,21.0,login,,,,1,Suspicious login hour
DTAA/VAH0262,PC-1398,2010-10-07 21:11:00,21.0,login,,,,1,Suspicious login hour
DTAA/NAT0252,PC-1796,2010-10-07 21:13:00,21.0,login,,,,1,Suspicious login hour
DTAA/ELD1000,PC-1914,2010-10-07 21:15:00,21.0,login,,,,1,Suspicious login hour
DTAA/ARS0993,PC-2053,2010-10-07 21:16:00,21.0,login,,,,1,Suspicious login hour
DTAA/SKL0881,PC-1581,2010-10-07 21:17:00,21.0,login,,,,1,Suspicious login hour
DTAA/AIB0797,PC-4147,2010-10-07 21:17:00,21.0,login,,,,1,Suspicious login hour
DTAA/AIB0797,PC-4147,2010-10-07 21:22:00,21.0,login,,,,1,Suspicious login hour
DTAA/JCC0998,PC-4772,2010-10-07 21:23:00,21.0,login,,,,1,Suspicious login hour
DTAA/CGM0994,PC-0431,2010-10-07 21:26:00,21.0,login,,,,1,Suspicious login hour
DTAA/NDS0490,PC-2549,2010-10-07 21:31:00,21.0,login,,,,1,Suspicious login hour
DTAA/DSM0990,PC-1638,2010-10-07 21:42:00,21.0,login,,,,1,Suspicious login hour
DTAA/ELD1000,PC-1914,2010-10-07 21:46:00,21.0,login,,,,1,Suspicious login hour
DTAA/ARS0993,PC-2053,2010-10-07 21:49:00,21.0,login,,,,1,Suspicious login hour
DTAA/JCC0998,PC-4772,2010-10-07 21:56:00,21.0,login,,,,1,Suspicious login hour
DTAA/JGC0775,PC-2680,2010-10-07 21:56:00,21.0,login,,,,1,Suspicious login hour
DTAA/JTT0989,PC-1775,2010-10-07 22:04:00,22.0,login,,,,1,Suspicious login hour
DTAA/DSM0990,PC-1638,2010-10-07 22:04:00,22.0,login,,,,1,Suspicious login hour
DTAA/ARS0993,PC-0425,2010-10-07 22:22:00,22.0,login,,,,1,Suspicious login hour
DTAA/CLN0999,PC-4296,2010-10-07 22:25:00,22.0,login,,,,1,Suspicious login hour
DTAA/ELD1000,PC-3411,2010-10-07 22:29:00,22.0,login,,,,1,Suspicious login hour
DTAA/ARS0993,PC-0425,2010-10-07 22:35:00,22.0,login,,,,1,Suspicious login hour
DTAA/CLN0999,PC-4296,2010-10-07 22:37:00,22.0,login,,,,1,Suspicious login hour
DTAA/JGC0775,PC-2680,2010-10-07 22:38:00,22.0,login,,,,1,Suspicious login hour
DTAA/ELD1000,PC-3411,2010-10-07 22:42:00,22.0,login,,,,1,Suspicious login hour
DTAA/JTT0989,PC-1775,2010-10-07 22:47:00,22.0,login,,,,1,Suspicious login hour
DTAA/IRC0991,PC-1588,2010-10-07 23:00:00,23.0,login,,,,1,Suspicious login hour
DTAA/JTT0989,PC-3185,2010-10-07 23:04:00,23.0,login,,,,1,Suspicious login hour
DTAA/KEE0997,PC-3233,2010-10-07 23:20:00,23.0,login,,,,1,Suspicious login hour
DTAA/IRC0991,PC-1588,2010-10-07 23:21:00,23.0,login,,,,1,Suspicious login hour
DTAA/JTT0989,PC-3185,2010-10-07 23:37:00,23.0,login,,,,1,Suspicious login hour
DTAA/ARS0993,PC-1479,2010-10-07 23:38:00,23.0,login,,,,1,Suspicious login hour
DTAA/KEE0997,PC-3233,2010-10-07 23:44:00,23.0,login,,,,1,Suspicious login hour
DTAA/ELD1000,PC-1320,2010-10-08 00:07:00,0.0,login,,,,1,Suspicious login hour
DTAA/ARS0993,PC-1479,2010-10-08 00:17:00,0.0,login,,,,1,Suspicious login hour
DTAA/BJM0992,PC-2843,2010-10-08 00:23:00,0.0,login,,,,1,Suspicious login hour
DTAA/BTW0973,PC-4462,2010-10-08 00:26:00,0.0,login,,,,1,Suspicious login hour
DTAA/ELD1000,PC-1320,2010-10-08 00:29:00,0.0,login,,,,1,Suspicious login hour
DTAA/JTT0989,PC-1822,2010-10-08 00:36:00,0.0,login,,,,1,Suspicious login hour
DTAA/JTT0989,PC-0831,2010-10-08 00:37:00,0.0,login,,,,1,Suspicious login hour
DTAA/JTT0989,PC-0831,2010-10-08 00:44:00,0.0,login,,,,1,Suspicious login hour
DTAA/ARS0993,PC-3664,2010-10-08 00:51:00,0.0,login,,,,1,Suspicious login hour
DTAA/BJM0992,PC-2843,2010-10-08 00:57:00,0.0,login,,,,1,Suspicious login hour
DTAA/WCN0570,PC-3651,2010-10-08 00:58:00,0.0,login,,,,1,Suspicious login hour
DTAA/JTT0989,PC-1822,2010-10-08 01:01:00,1.0,login,,,,1,Suspicious login hour
DTAA/KEE0997,PC-2876,2010-10-08 01:04:00,1.0,login,,,,1,Suspicious login hour
DTAA/ARS0993,PC-0590,2010-10-08 01:12:00,1.0,login,,,,1,Suspicious login hour
DTAA/CLB0995,PC-1803,2010-10-08 01:20:00,1.0,login,,,,1,Suspicious login hour
DTAA/ARS0993,PC-3011,2010-10-08 01:25:00,1.0,login,,,,1,Suspicious login hour
DTAA/SAH0192,PC-4079,2010-10-08 01:29:00,1.0,login,,,,1,Suspicious login hour
DTAA/ARS0993,PC-0590,2010-10-08 01:29:00,1.0,login,,,,1,Suspicious login hour
DTAA/KEE0997,PC-2876,2010-10-08 01:29:00,1.0,login,,,,1,Suspicious login hour
DTAA/ARS0993,PC-3664,2010-10-08 01:32:00,1.0,login,,,,1,Suspicious login hour
DTAA/BJM0992,PC-4694,2010-10-08 01:36:00,1.0,login,,,,1,Suspicious login hour
DTAA/BJM0992,PC-4694,2010-10-08 01:44:00,1.0,login,,,,1,Suspicious login hour
DTAA/CLB0995,PC-4291,2010-10-08 01:48:00,1.0,login,,,,1,Suspicious login hour
DTAA/ELD1000,PC-0290,2010-10-08 01:50:00,1.0,login,,,,1,Suspicious login hour
DTAA/CLB0995,PC-1803,2010-10-08 01:56:00,1.0,login,,,,1,Suspicious login hour
DTAA/ARS0993,PC-3011,2010-10-08 02:01:00,2.0,login,,,,1,Suspicious login hour
DTAA/ELD1000,PC-0290,2010-10-08 02:13:00,2.0,login,,,,1,Suspicious login hour
DTAA/CLB0995,PC-4291,2010-10-08 02:18:00,2.0,login,,,,1,Suspicious login hour
DTAA/KEE0997,PC-0081,2010-10-08 02:19:00,2.0,login,,,,1,Suspicious login hour
DTAA/CGM0994,PC-3825,2010-10-08 02:35:00,2.0,login,,,,1,Suspicious login hour
DTAA/KEE0997,PC-3651,2010-10-08 02:36:00,2.0,login,,,,1,Suspicious login hour
DTAA/KEE0997,PC-3651,2010-10-08 02:38:00,2.0,login,,,,1,Suspicious login hour
DTAA/KEE0997,PC-0081,2010-10-08 02:40:00,2.0,login,,,,1,Suspicious login hour
DTAA/WCN0570,PC-3651,2010-10-08 02:41:00,2.0,login,,,,1,Suspicious login hour
DTAA/JTT0989,PC-3229,2010-10-08 02:48:00,2.0,login,,,,1,Suspicious login hour
DTAA/JCC0998,PC-2889,2010-10-08 02:49:00,2.0,login,,,,1,Suspicious login hour
DTAA/JCC0998,PC-2889,2010-10-08 02:58:00,2.0,login,,,,1,Suspicious login hour
DTAA/CGM0994,PC-3825,2010-10-08 03:17:00,3.0,login,,,,1,Suspicious login hour
DTAA/JTT0989,PC-3229,2010-10-08 03:33:00,3.0,login,,,,1,Suspicious login hour
DTAA/CSR0189,PC-3494,2010-10-08 03:33:00,3.0,login,,,,1,Suspicious login hour
DTAA/SAH0192,PC-4079,2010-10-08 04:48:00,4.0,login,,,,1,Suspicious login hour
DTAA/DSM0990,PC-0826,2010-10-08 04:57:00,4.0,login,,,,1,Suspicious login hour
DTAA/BTW0973,PC-4462,2010-10-08 04:59:00,4.0,login,,,,1,Suspicious login hour
DTAA/EOS0972,PC-4981,2010-10-08 05:00:00,5.0,login,,,,1,Suspicious login hour
DTAA/DSM0990,PC-0826,2010-10-08 05:25:00,5.0,login,,,,1,Suspicious login hour
DTAA/GRG0693,PC-3411,2010-10-08 05:36:00,5.0,login,,,,1,Suspicious login hour
DTAA/ODW0839,PC-1940,2010-10-08 21:01:00,21.0,login,,,,1,Suspicious login hour
DTAA/ARC0677,PC-0465,2010-10-08 21:02:00,21.0,login,,,,1,Suspicious login hour
DTAA/CGM0994,PC-3067,2010-10-08 21:09:00,21.0,login,,,,1,Suspicious login hour
DTAA/NAT0252,PC-1796,2010-10-08 21:13:00,21.0,login,,,,1,Suspicious login hour
DTAA/VAH0262,PC-1398,2010-10-08 21:14:00,21.0,login,,,,1,Suspicious login hour
DTAA/SKL0881,PC-1581,2010-10-08 21:14:00,21.0,login,,,,1,Suspicious login hour
DTAA/KEE0997,PC-4135,2010-10-08 21:18:00,21.0,login,,,,1,Suspicious login hour
DTAA/CDZ0056,PC-4052,2010-10-08 21:26:00,21.0,login,,,,1,Suspicious login hour
DTAA/DIS0382,PC-2501,2010-10-08 21:36:00,21.0,login,,,,1,Suspicious login hour
DTAA/NDS0490,PC-2549,2010-10-08 21:37:00,21.0,login,,,,1,Suspicious login hour
DTAA/CGM0994,PC-3067,2010-10-08 21:45:00,21.0,login,,,,1,Suspicious login hour
DTAA/KEE0997,PC-4135,2010-10-08 21:51:00,21.0,login,,,,1,Suspicious login hour
DTAA/DSM0990,PC-0282,2010-10-08 21:59:00,21.0,login,,,,1,Suspicious login hour
DTAA/DSM0990,PC-0282,2010-10-08 22:00:00,22.0,login,,,,1,Suspicious login hour
DTAA/KEE0997,PC-4773,2010-10-08 22:00:00,22.0,login,,,,1,Suspicious login hour
DTAA/ELD1000,PC-3390,2010-10-08 22:04:00,22.0,login,,,,1,Suspicious login hour
DTAA/DIS0382,PC-2501,2010-10-08 22:09:00,22.0,login,,,,1,Suspicious login hour
DTAA/BJM0992,PC-4463,2010-10-08 22:11:00,22.0,login,,,,1,Suspicious login hour
DTAA/ELD1000,PC-3390,2010-10-08 22:15:00,22.0,login,,,,1,Suspicious login hour
DTAA/IRC0991,PC-2784,2010-10-08 22:20:00,22.0,login,,,,1,Suspicious login hour
DTAA/BJM0992,PC-4463,2010-10-08 22:20:00,22.0,login,,,,1,Suspicious login hour
DTAA/KEE0997,PC-4773,2010-10-08 22:30:00,22.0,login,,,,1,Suspicious login hour
DTAA/BJM0992,PC-0666,2010-10-08 22:49:00,22.0,login,,,,1,Suspicious login hour
DTAA/IRC0991,PC-2784,2010-10-08 23:03:00,23.0,login,,,,1,Suspicious login hour
DTAA/BJM0992,PC-0666,2010-10-08 23:06:00,23.0,login,,,,1,Suspicious login hour
DTAA/AMA0191,PC-4736,2010-10-08 23:13:00,23.0,login,,,,1,Suspicious login hour
DTAA/CDZ0056,PC-4052,2010-10-08 23:59:00,23.0,login,,,,1,Suspicious login hour
DTAA/ASO0023,PC-3990,2010-10-09 00:25:00,0.0,login,,,,1,Suspicious login hour
DTAA/XIN0791,PC-2332,2010-10-09 01:00:00,1.0,login,,,,1,Suspicious login hour
DTAA/VNM0127,PC-3456,2010-10-09 02:57:00,2.0,login,,,,1,Suspicious login hour
DTAA/AMA0191,PC-4736,2010-10-09 02:58:00,2.0,login,,,,1,Suspicious login hour
DTAA/RAH0968,PC-3119,2010-10-09 03:20:00,3.0,login,,,,1,Suspicious login hour
DTAA/HNS0858,PC-3790,2010-10-09 04:08:00,4.0,login,,,,1,Suspicious login hour
DTAA/VNM0127,PC-3456,2010-10-09 04:16:00,4.0,login,,,,1,Suspicious login hour
DTAA/RAH0968,PC-3119,2010-10-09 04:27:00,4.0,login,,,,1,Suspicious login hour
DTAA/IAG0152,PC-3521,2010-10-09 04:27:00,4.0,login,,,,1,Suspicious login hour
DTAA/MVW0630,PC-2005,2010-10-09 04:37:00,4.0,login,,,,1,Suspicious login hour
DTAA/MQL0135,PC-4656,2010-10-09 04:39:00,4.0,login,,,,1,Suspicious login hour
DTAA/IAG0152,PC-3521,2010-10-09 04:48:00,4.0,login,,,,1,Suspicious login hour
DTAA/MVW0630,PC-2005,2010-10-09 04:58:00,4.0,login,,,,1,Suspicious login hour
DTAA/GRS0372,PC-2242,2010-10-09 04:59:00,4.0,login,,,,1,Suspicious login hour
DTAA/MQL0135,PC-4656,2010-10-09 05:07:00,5.0,login,,,,1,Suspicious login hour
DTAA/XIN0791,PC-2332,2010-10-09 05:36:00,5.0,login,,,,1,Suspicious login hour
DTAA/JTT0989,PC-1324,2010-10-11 00:01:00,0.0,login,,,,1,Suspicious login hour
DTAA/CLN0999,PC-0211,2010-10-11 00:17:00,0.0,login,,,,1,Suspicious login hour
DTAA/JTT0989,PC-1324,2010-10-11 00:19:00,0.0,login,,,,1,Suspicious login hour
DTAA/CRC0996,PC-3545,2010-10-11 00:23:00,0.0,login,,,,1,Suspicious login hour
DTAA/KEE0997,PC-2550,2010-10-11 00:44:00,0.0,login,,,,1,Suspicious login hour
DTAA/KEE0997,PC-1214,2010-10-11 00:46:00,0.0,login,,,,1,Suspicious login hour
DTAA/CRC0996,PC-3545,2010-10-11 00:57:00,0.0,login,,,,1,Suspicious login hour
DTAA/KEE0997,PC-2550,2010-10-11 00:58:00,0.0,login,,,,1,Suspicious login hour
DTAA/KEE0997,PC-1214,2010-10-11 00:59:00,0.0,login,,,,1,Suspicious login hour
DTAA/CLN0999,PC-0211,2010-10-11 00:59:00,0.0,login,,,,1,Suspicious login hour
DTAA/JCC0998,PC-3426,2010-10-11 01:41:00,1.0,login,,,,1,Suspicious login hour
DTAA/DSM0990,PC-4845,2010-10-11 01:45:00,1.0,login,,,,1,Suspicious login hour
DTAA/DSM0990,PC-4845,2010-10-11 02:00:00,2.0,login,,,,1,Suspicious login hour
DTAA/JCC0998,PC-3426,2010-10-11 02:03:00,2.0,login,,,,1,Suspicious login hour
DTAA/CLB0995,PC-3976,2010-10-11 02:25:00,2.0,login,,,,1,Suspicious login hour
DTAA/ELD1000,PC-4818,2010-10-11 02:40:00,2.0,login,,,,1,Suspicious login hour
DTAA/ELD1000,PC-4818,2010-10-11 02:44:00,2.0,login,,,,1,Suspicious login hour
DTAA/CRC0996,PC-1796,2010-10-11 02:50:00,2.0,login,,,,1,Suspicious login hour
DTAA/CLB0995,PC-3976,2010-10-11 03:09:00,3.0,login,,,,1,Suspicious login hour
DTAA/DSM0990,PC-3904,2010-10-11 03:15:00,3.0,login,,,,1,Suspicious login hour
DTAA/CRC0996,PC-1175,2010-10-11 03:15:00,3.0,login,,,,1,Suspicious login hour
DTAA/DSM0990,PC-3904,2010-10-11 03:24:00,3.0,login,,,,1,Suspicious login hour
DTAA/CRC0996,PC-1796,2010-10-11 03:24:00,3.0,login,,,,1,Suspicious login hour
DTAA/BJM0992,PC-3883,2010-10-11 03:32:00,3.0,login,,,,1,Suspicious login hour
DTAA/BJM0992,PC-2131,2010-10-11 03:56:00,3.0,login,,,,1,Suspicious login hour
DTAA/CRC0996,PC-1175,2010-10-11 03:58:00,3.0,login,,,,1,Suspicious login hour
DTAA/BJM0992,PC-3883,2010-10-11 04:12:00,4.0,login,,,,1,Suspicious login hour
DTAA/JTT0989,PC-2881,2010-10-11 04:20:00,4.0,login,,,,1,Suspicious login hour
DTAA/ELD1000,PC-2683,2010-10-11 04:24:00,4.0,login,,,,1,Suspicious login hour
DTAA/CLN0999,PC-0903,2010-10-11 04:26:00,4.0,login,,,,1,Suspicious login hour
DTAA/JTT0989,PC-2881,2010-10-11 04:28:00,4.0,login,,,,1,Suspicious login hour
DTAA/ELD1000,PC-2683,2010-10-11 04:33:00,4.0,login,,,,1,Suspicious login hour
DTAA/CLN0999,PC-0198,2010-10-11 04:35:00,4.0,login,,,,1,Suspicious login hour
DTAA/BJM0992,PC-2131,2010-10-11 04:37:00,4.0,login,,,,1,Suspicious login hour
DTAA/CLN0999,PC-0903,2010-10-11 04:51:00,4.0,login,,,,1,Suspicious login hour
DTAA/KEE0997,PC-4092,2010-10-11 05:08:00,5.0,login,,,,1,Suspicious login hour
DTAA/CLN0999,PC-0198,2010-10-11 05:11:00,5.0,login,,,,1,Suspicious login hour
DTAA/ELD1000,PC-1682,2010-10-11 05:36:00,5.0,login,,,,1,Suspicious login hour
DTAA/ELD1000,PC-1682,2010-10-11 05:41:00,5.0,login,,,,1,Suspicious login hour
DTAA/CLB0995,PC-1438,2010-10-11 05:45:00,5.0,login,,,,1,Suspicious login hour
DTAA/KEE0997,PC-4092,2010-10-11 05:52:00,5.0,login,,,,1,Suspicious login hour
DTAA/IRC0991,PC-4221,2010-10-11 05:52:00,5.0,login,,,,1,Suspicious login hour
DTAA/IRC0991,PC-2959,2010-10-11 21:01:00,21.0,login,,,,1,Suspicious login hour
DTAA/ARC0677,PC-0465,2010-10-11 21:02:00,21.0,login,,,,1,Suspicious login hour
DTAA/NAT0252,PC-1796,2010-10-11 21:10:00,21.0,login,,,,1,Suspicious login hour
DTAA/TJP0714,PC-2079,2010-10-11 21:17:00,21.0,login,,,,1,Suspicious login hour
DTAA/VAH0262,PC-1398,2010-10-11 21:20:00,21.0,login,,,,1,Suspicious login hour
DTAA/BJM0992,PC-3459,2010-10-11 21:23:00,21.0,login,,,,1,Suspicious login hour
DTAA/SKL0881,PC-1581,2010-10-11 21:24:00,21.0,login,,,,1,Suspicious login hour
DTAA/NDS0490,PC-2549,2010-10-11 21:26:00,21.0,login,,,,1,Suspicious login hour
DTAA/CRC0996,PC-1740,2010-10-11 22:02:00,22.0,login,,,,1,Suspicious login hour
DTAA/ELD1000,PC-2555,2010-10-11 22:02:00,22.0,login,,,,1,Suspicious login hour
DTAA/ELD1000,PC-1800,2010-10-11 22:11:00,22.0,login,,,,1,Suspicious login hour
DTAA/KEE0997,PC-4750,2010-10-11 22:11:00,22.0,login,,,,1,Suspicious login hour
DTAA/CLB0995,PC-1199,2010-10-11 22:14:00,22.0,login,,,,1,Suspicious login hour
DTAA/KEE0997,PC-4750,2010-10-11 22:15:00,22.0,login,,,,1,Suspicious login hour
DTAA/ELD1000,PC-1800,2010-10-11 22:22:00,22.0,login,,,,1,Suspicious login hour
DTAA/CRC0996,PC-1740,2010-10-11 22:39:00,22.0,login,,,,1,Suspicious login hour
DTAA/SJH0588,PC-2512,2010-10-11 22:40:00,22.0,login,,,,1,Suspicious login hour
DTAA/ELD1000,PC-2555,2010-10-11 22:41:00,22.0,login,,,,1,Suspicious login hour
DTAA/CLB0995,PC-1199,2010-10-11 22:57:00,22.0,login,,,,1,Suspicious login hour
DTAA/DIS0382,PC-2501,2010-10-11 23:06:00,23.0,login,,,,1,Suspicious login hour
DTAA/VNM0127,PC-3456,2010-10-11 23:12:00,23.0,login,,,,1,Suspicious login hour
DTAA/JCC0998,PC-4339,2010-10-11 23:32:00,23.0,login,,,,1,Suspicious login hour
DTAA/VNM0127,PC-3456,2010-10-11 23:38:00,23.0,login,,,,1,Suspicious login hour
DTAA/CGM0994,PC-1792,2010-10-11 23:45:00,23.0,login,,,,1,Suspicious login hour
DTAA/CGM0994,PC-1792,2010-10-11 23:46:00,23.0,login,,,,1,Suspicious login hour
DTAA/JCC0998,PC-4339,2010-10-12 00:01:00,0.0,login,,,,1,Suspicious login hour
DTAA/CRC0996,PC-3713,2010-10-12 00:03:00,0.0,login,,,,1,Suspicious login hour
DTAA/IRC0991,PC-0847,2010-10-12 00:06:00,0.0,login,,,,1,Suspicious login hour
DTAA/CRC0996,PC-3713,2010-10-12 00:06:00,0.0,login,,,,1,Suspicious login hour
DTAA/CRC0996,PC-2020,2010-10-12 00:10:00,0.0,login,,,,1,Suspicious login hour
DTAA/CRC0996,PC-2020,2010-10-12 00:31:00,0.0,login,,,,1,Suspicious login hour
DTAA/CRC0996,PC-2601,2010-10-12 00:39:00,0.0,login,,,,1,Suspicious login hour
DTAA/IRC0991,PC-0847,2010-10-12 00:41:00,0.0,login,,,,1,Suspicious login hour
DTAA/IRC0991,PC-1273,2010-10-12 00:52:00,0.0,login,,,,1,Suspicious login hour
DTAA/CRC0996,PC-2601,2010-10-12 00:56:00,0.0,login,,,,1,Suspicious login hour
DTAA/IRC0991,PC-1273,2010-10-12 01:02:00,1.0,login,,,,1,Suspicious login hour
DTAA/MCF0427,PC-3754,2010-10-12 01:10:00,1.0,login,,,,1,Suspicious login hour
DTAA/NHH0566,PC-1651,2010-10-12 01:11:00,1.0,login,,,,1,Suspicious login hour
DTAA/JTT0989,PC-1494,2010-10-12 01:11:00,1.0,login,,,,1,Suspicious login hour
DTAA/JTT0989,PC-1494,2010-10-12 01:23:00,1.0,login,,,,1,Suspicious login hour
DTAA/JTT0989,PC-2469,2010-10-12 01:38:00,1.0,login,,,,1,Suspicious login hour
DTAA/PJL0320,PC-1233,2010-10-12 02:12:00,2.0,login,,,,1,Suspicious login hour
DTAA/AJP0553,PC-1270,2010-10-12 02:13:00,2.0,login,,,,1,Suspicious login hour
DTAA/JCC0998,PC-1734,2010-10-12 02:19:00,2.0,login,,,,1,Suspicious login hour
DTAA/JTT0989,PC-2469,2010-10-12 02:22:00,2.0,login,,,,1,Suspicious login hour
DTAA/DJW0368,PC-2518,2010-10-12 02:31:00,2.0,login,,,,1,Suspicious login hour
DTAA/ASO0023,PC-3990,2010-10-12 02:38:00,2.0,login,,,,1,Suspicious login hour
DTAA/JCC0998,PC-1045,2010-10-12 02:41:00,2.0,login,,,,1,Suspicious login hour
DTAA/SJH0588,PC-2512,2010-10-12 02:43:00,2.0,login,,,,1,Suspicious login hour
DTAA/JCC0998,PC-1734,2010-10-12 02:46:00,2.0,login,,,,1,Suspicious login hour
DTAA/NHH0566,PC-1651,2010-10-12 02:55:00,2.0,login,,,,1,Suspicious login hour
DTAA/JCC0998,PC-1045,2010-10-12 03:02:00,3.0,login,,,,1,Suspicious login hour
DTAA/CGM0994,PC-4598,2010-10-12 03:03:00,3.0,login,,,,1,Suspicious login hour
DTAA/CLN0999,PC-4759,2010-10-12 03:10:00,3.0,login,,,,1,Suspicious login hour
DTAA/ELD1000,PC-3524,2010-10-12 03:13:00,3.0,login,,,,1,Suspicious login hour
DTAA/CGM0994,PC-4598,2010-10-12 03:13:00,3.0,login,,,,1,Suspicious login hour
DTAA/COS0121,PC-0462,2010-10-12 03:14:00,3.0,login,,,,1,Suspicious login hour
DTAA/BJM0992,PC-3364,2010-10-12 03:15:00,3.0,login,,,,1,Suspicious login hour
DTAA/BJM0992,PC-3364,2010-10-12 03:30:00,3.0,login,,,,1,Suspicious login hour
DTAA/DDK0417,PC-0980,2010-10-12 03:31:00,3.0,login,,,,1,Suspicious login hour
DTAA/ELD1000,PC-3524,2010-10-12 03:31:00,3.0,login,,,,1,Suspicious login hour
DTAA/CLN0999,PC-4759,2010-10-12 03:43:00,3.0,login,,,,1,Suspicious login hour
DTAA/DDK0417,PC-0980,2010-10-12 04:00:00,4.0,login,,,,1,Suspicious login hour
DTAA/TJP0714,PC-2079,2010-10-12 04:02:00,4.0,login,,,,1,Suspicious login hour
DTAA/EOS0972,PC-4981,2010-10-12 04:06:00,4.0,login,,,,1,Suspicious login hour
DTAA/WTA0867,PC-1522,2010-10-12 04:14:00,4.0,login,,,,1,Suspicious login hour
DTAA/ARS0993,PC-1738,2010-10-12 04:29:00,4.0,login,,,,1,Suspicious login hour
DTAA/JTT0989,PC-4981,2010-10-12 04:35:00,4.0,login,,,,1,Suspicious login hour
DTAA/IMB0473,PC-4682,2010-10-12 04:39:00,4.0,login,,,,1,Suspicious login hour
DTAA/COS0121,PC-0462,2010-10-12 04:42:00,4.0,login,,,,1,Suspicious login hour
DTAA/DJW0368,PC-2518,2010-10-12 04:43:00,4.0,login,,,,1,Suspicious login hour
DTAA/MCF0427,PC-3754,2010-10-12 04:46:00,4.0,login,,,,1,Suspicious login hour
DTAA/IMB0473,PC-4682,2010-10-12 04:50:00,4.0,login,,,,1,Suspicious login hour
DTAA/GYT0279,PC-2791,2010-10-12 04:50:00,4.0,login,,,,1,Suspicious login hour
DTAA/NDS0490,PC-2549,2010-10-12 04:54:00,4.0,login,,,,1,Suspicious login hour
DTAA/JTT0989,PC-4981,2010-10-12 05:01:00,5.0,login,,,,1,Suspicious login hour
DTAA/ARS0993,PC-1738,2010-10-12 05:01:00,5.0,login,,,,1,Suspicious login hour
DTAA/WTA0867,PC-1522,2010-10-12 05:13:00,5.0,login,,,,1,Suspicious login hour
DTAA/ELD1000,PC-0160,2010-10-12 05:27:00,5.0,login,,,,1,Suspicious login hour
DTAA/KAD0059,PC-4031,2010-10-12 05:41:00,5.0,login,,,,1,Suspicious login hour
DTAA/IRC0991,PC-1435,2010-10-12 05:43:00,5.0,login,,,,1,Suspicious login hour
DTAA/BJM0992,PC-3096,2010-10-12 05:46:00,5.0,login,,,,1,Suspicious login hour
DTAA/ELD1000,PC-0160,2010-10-12 05:48:00,5.0,login,,,,1,Suspicious login hour
DTAA/ASO0023,PC-3990,2010-10-12 05:57:00,5.0,login,,,,1,Suspicious login hour
DTAA/ODW0839,PC-1940,2010-10-12 21:07:00,21.0,login,,,,1,Suspicious login hour
DTAA/SKL0881,PC-1581,2010-10-12 21:20:00,21.0,login,,,,1,Suspicious login hour
DTAA/CLB0995,PC-2644,2010-10-12 21:21:00,21.0,login,,,,1,Suspicious login hour
DTAA/NAT0252,PC-1796,2010-10-12 21:21:00,21.0,login,,,,1,Suspicious login hour
DTAA/VAH0262,PC-1398,2010-10-12 21:24:00,21.0,login,,,,1,Suspicious login hour
DTAA/NDS0490,PC-2549,2010-10-12 21:30:00,21.0,login,,,,1,Suspicious login hour
DTAA/CRC0996,PC-0530,2010-10-12 22:05:00,22.0,login,,,,1,Suspicious login hour
DTAA/JCC0998,PC-1586,2010-10-12 22:09:00,22.0,login,,,,1,Suspicious login hour
DTAA/JCC0998,PC-1586,2010-10-12 22:10:00,22.0,login,,,,1,Suspicious login hour
DTAA/JTT0989,PC-2236,2010-10-12 22:13:00,22.0,login,,,,1,Suspicious login hour
DTAA/JTT0989,PC-2236,2010-10-12 22:26:00,22.0,login,,,,1,Suspicious login hour
DTAA/CRC0996,PC-0530,2010-10-12 22:27:00,22.0,login,,,,1,Suspicious login hour
DTAA/BJM0992,PC-2941,2010-10-12 22:42:00,22.0,login,,,,1,Suspicious login hour
DTAA/HCG0731,PC-4643,2010-10-12 22:47:00,22.0,login,,,,1,Suspicious login hour
DTAA/CLB0995,PC-1057,2010-10-12 22:54:00,22.0,login,,,,1,Suspicious login hour
DTAA/BJM0992,PC-2941,2010-10-12 23:02:00,23.0,login,,,,1,Suspicious login hour
DTAA/CLB0995,PC-1057,2010-10-12 23:05:00,23.0,login,,,,1,Suspicious login hour
DTAA/JCC0998,PC-2722,2010-10-12 23:18:00,23.0,login,,,,1,Suspicious login hour
DTAA/CLN0999,PC-2678,2010-10-12 23:29:00,23.0,login,,,,1,Suspicious login hour
DTAA/HCG0731,PC-4643,2010-10-12 23:54:00,23.0,login,,,,1,Suspicious login hour
DTAA/ARS0993,PC-3109,2010-10-12 23:55:00,23.0,login,,,,1,Suspicious login hour
DTAA/CLB0995,PC-2881,2010-11-01 00:28:00,0.0,login,,,,1,Suspicious login hour
DTAA/CLB0995,PC-2881,2010-11-01 00:30:00,0.0,login,,,,1,Suspicious login hour
DTAA/ELD1000,PC-0711,2010-11-01 00:51:00,0.0,login,,,,1,Suspicious login hour
DTAA/ELD1000,PC-0711,2010-11-01 01:01:00,1.0,login,,,,1,Suspicious login hour
DTAA/DSM0990,PC-2712,2010-11-01 01:10:00,1.0,login,,,,1,Suspicious login hour
DTAA/DSM0990,PC-2712,2010-11-01 01:36:00,1.0,login,,,,1,Suspicious login hour
DTAA/KEE0997,PC-2809,2010-11-01 01:39:00,1.0,login,,,,1,Suspicious login hour
DTAA/KEE0997,PC-2809,2010-11-01 01:52:00,1.0,login,,,,1,Suspicious login hour
DTAA/KEE0997,PC-0702,2010-11-01 01:58:00,1.0,login,,,,1,Suspicious login hour
DTAA/KEE0997,PC-0702,2010-11-01 02:20:00,2.0,login,,,,1,Suspicious login hour
DTAA/CLN0999,PC-2221,2010-11-01 03:32:00,3.0,login,,,,1,Suspicious login hour
DTAA/KEE0997,PC-1155,2010-11-01 03:51:00,3.0,login,,,,1,Suspicious login hour
DTAA/JCC0998,PC-1796,2010-11-01 04:04:00,4.0,login,,,,1,Suspicious login hour
DTAA/CLN0999,PC-2221,2010-11-01 04:14:00,4.0,login,,,,1,Suspicious login hour
DTAA/CLB0995,PC-2848,2010-11-01 04:19:00,4.0,login,,,,1,Suspicious login hour
DTAA/KEE0997,PC-1155,2010-11-01 04:36:00,4.0,login,,,,1,Suspicious login hour
DTAA/JCC0998,PC-1796,2010-11-01 04:40:00,4.0,login,,,,1,Suspicious login hour
DTAA/CLB0995,PC-2848,2010-11-01 04:53:00,4.0,login,,,,1,Suspicious login hour
DTAA/CLB0995,PC-1740,2010-11-01 05:15:00,5.0,login,,,,1,Suspicious login hour
DTAA/JTT0989,PC-1300,2010-11-01 05:25:00,5.0,login,,,,1,Suspicious login hour
DTAA/JCC0998,PC-4818,2010-11-01 05:30:00,5.0,login,,,,1,Suspicious login hour
DTAA/JTT0989,PC-1300,2010-11-01 05:33:00,5.0,login,,,,1,Suspicious login hour
DTAA/CLB0995,PC-4866,2010-11-01 05:41:00,5.0,login,,,,1,Suspicious login hour
DTAA/BJM0992,PC-1637,2010-11-01 05:42:00,5.0,login,,,,1,Suspicious login hour
DTAA/CLB0995,PC-1740,2010-11-01 05:46:00,5.0,login,,,,1,Suspicious login hour
DTAA/BJM0992,PC-2722,2010-11-01 05:52:00,5.0,login,,,,1,Suspicious login hour
DTAA/CLB0995,PC-4866,2010-11-01 05:54:00,5.0,login,,,,1,Suspicious login hour
DTAA/JCC0998,PC-4818,2010-11-01 05:55:00,5.0,login,,,,1,Suspicious login hour
DTAA/ODW0839,PC-1940,2010-11-01 21:02:00,21.0,login,,,,1,Suspicious login hour
DTAA/CRC0996,PC-2959,2010-11-01 21:09:00,21.0,login,,,,1,Suspicious login hour
DTAA/SKL0881,PC-1581,2010-11-01 21:11:00,21.0,login,,,,1,Suspicious login hour
DTAA/VAH0262,PC-1398,2010-11-01 21:14:00,21.0,login,,,,1,Suspicious login hour
DTAA/NAT0252,PC-1796,2010-11-01 21:19:00,21.0,login,,,,1,Suspicious login hour
DTAA/SDC0032,PC-3081,2010-11-01 21:20:00,21.0,login,,,,1,Suspicious login hour
DTAA/NDS0490,PC-2549,2010-11-01 21:35:00,21.0,login,,,,1,Suspicious login hour
DTAA/DSM0990,PC-3456,2010-11-01 21:37:00,21.0,login,,,,1,Suspicious login hour
DTAA/ARS0993,PC-3883,2010-11-01 21:50:00,21.0,login,,,,1,Suspicious login hour
DTAA/COS0121,PC-0462,2010-11-01 22:09:00,22.0,login,,,,1,Suspicious login hour
DTAA/ARS0993,PC-3883,2010-11-01 22:27:00,22.0,login,,,,1,Suspicious login hour
DTAA/CLB0995,PC-3176,2010-11-01 22:36:00,22.0,login,,,,1,Suspicious login hour
DTAA/CLB0995,PC-4451,2010-11-01 22:36:00,22.0,login,,,,1,Suspicious login hour
DTAA/DSM0990,PC-1792,2010-11-01 22:36:00,22.0,login,,,,1,Suspicious login hour
DTAA/CLB0995,PC-3176,2010-11-01 22:46:00,22.0,login,,,,1,Suspicious login hour
DTAA/ELD1000,PC-0698,2010-11-01 22:58:00,22.0,login,,,,1,Suspicious login hour
DTAA/DSM0990,PC-1792,2010-11-01 23:00:00,23.0,login,,,,1,Suspicious login hour
DTAA/ELD1000,PC-0698,2010-11-01 23:04:00,23.0,login,,,,1,Suspicious login hour
DTAA/CLB0995,PC-4451,2010-11-01 23:18:00,23.0,login,,,,1,Suspicious login hour
DTAA/JTT0989,PC-0221,2010-11-01 23:39:00,23.0,login,,,,1,Suspicious login hour
DTAA/JTT0989,PC-0221,2010-11-01 23:47:00,23.0,login,,,,1,Suspicious login hour
DTAA/NDS0490,PC-2549,2010-11-01 23:53:00,23.0,login,,,,1,Suspicious login hour
DTAA/CRC0996,PC-2550,2010-11-01 23:58:00,23.0,login,,,,1,Suspicious login hour
DTAA/EOS0972,PC-4981,2010-11-02 00:04:00,0.0,login,,,,1,Suspicious login hour
DTAA/CLB0995,PC-2583,2010-11-02 00:08:00,0.0,login,,,,1,Suspicious login hour
DTAA/DIS0382,PC-2501,2010-11-02 00:15:00,0.0,login,,,,1,Suspicious login hour
DTAA/CRC0996,PC-2550,2010-11-02 00:30:00,0.0,login,,,,1,Suspicious login hour
DTAA/CLB0995,PC-2583,2010-11-02 00:33:00,0.0,login,,,,1,Suspicious login hour
DTAA/DSM0990,PC-4499,2010-11-02 00:36:00,0.0,login,,,,1,Suspicious login hour
DTAA/BJM0992,PC-3449,2010-11-02 00:46:00,0.0,login,,,,1,Suspicious login hour
DTAA/CLN0999,PC-3364,2010-11-02 00:50:00,0.0,login,,,,1,Suspicious login hour
DTAA/DSM0990,PC-4499,2010-11-02 00:53:00,0.0,login,,,,1,Suspicious login hour
DTAA/CGM0994,PC-3983,2010-11-02 01:10:00,1.0,login,,,,1,Suspicious login hour
DTAA/BJM0992,PC-3449,2010-11-02 01:15:00,1.0,login,,,,1,Suspicious login hour
DTAA/EOS0972,PC-4981,2010-11-02 01:19:00,1.0,login,,,,1,Suspicious login hour
DTAA/CLN0999,PC-3364,2010-11-02 01:29:00,1.0,login,,,,1,Suspicious login hour
DTAA/BJM0992,PC-3902,2010-11-02 01:39:00,1.0,login,,,,1,Suspicious login hour
DTAA/BJM0992,PC-3902,2010-11-02 01:42:00,1.0,login,,,,1,Suspicious login hour
DTAA/COS0121,PC-0462,2010-11-02 01:43:00,1.0,login,,,,1,Suspicious login hour
DTAA/CGM0994,PC-3983,2010-11-02 01:50:00,1.0,login,,,,1,Suspicious login hour
DTAA/IRC0991,PC-3109,2010-11-02 01:52:00,1.0,login,,,,1,Suspicious login hour
DTAA/IRC0991,PC-3109,2010-11-02 02:06:00,2.0,login,,,,1,Suspicious login hour
DTAA/DSM0990,PC-4084,2010-11-02 02:08:00,2.0,login,,,,1,Suspicious login hour
DTAA/JCC0998,PC-4759,2010-11-02 02:19:00,2.0,login,,,,1,Suspicious login hour
DTAA/DIS0382,PC-2501,2010-11-02 02:30:00,2.0,login,,,,1,Suspicious login hour
DTAA/CLB0995,PC-2678,2010-11-02 02:39:00,2.0,login,,,,1,Suspicious login hour
DTAA/DSM0990,PC-4084,2010-11-02 02:50:00,2.0,login,,,,1,Suspicious login hour
DTAA/SDC0032,PC-3081,2010-11-02 02:56:00,2.0,login,,,,1,Suspicious login hour
DTAA/JCC0998,PC-4759,2010-11-02 02:57:00,2.0,login,,,,1,Suspicious login hour
DTAA/JTT0989,PC-4923,2010-11-02 02:58:00,2.0,login,,,,1,Suspicious login hour
DTAA/CLB0995,PC-2678,2010-11-02 03:14:00,3.0,login,,,,1,Suspicious login hour
DTAA/VNM0127,PC-3456,2010-11-02 03:22:00,3.0,login,,,,1,Suspicious login hour
DTAA/JTT0989,PC-4923,2010-11-02 03:32:00,3.0,login,,,,1,Suspicious login hour
DTAA/HCG0731,PC-4643,2010-11-02 03:49:00,3.0,login,,,,1,Suspicious login hour
DTAA/BJM0992,PC-0530,2010-11-02 03:52:00,3.0,login,,,,1,Suspicious login hour
DTAA/ARS0993,PC-3096,2010-11-02 04:09:00,4.0,login,,,,1,Suspicious login hour
DTAA/AJP0553,PC-1270,2010-11-02 04:14:00,4.0,login,,,,1,Suspicious login hour
DTAA/GYT0279,PC-2791,2010-11-02 04:25:00,4.0,login,,,,1,Suspicious login hour
DTAA/BJM0992,PC-0530,2010-11-02 04:31:00,4.0,login,,,,1,Suspicious login hour
DTAA/DDK0417,PC-0980,2010-11-02 04:32:00,4.0,login,,,,1,Suspicious login hour
DTAA/CRC0996,PC-0131,2010-11-02 04:32:00,4.0,login,,,,1,Suspicious login hour
DTAA/ARS0993,PC-3096,2010-11-02 04:37:00,4.0,login,,,,1,Suspicious login hour
DTAA/HCG0731,PC-4643,2010-11-02 04:58:00,4.0,login,,,,1,Suspicious login hour
DTAA/CRC0996,PC-0131,2010-11-02 05:05:00,5.0,login,,,,1,Suspicious login hour
DTAA/CRC0996,PC-4724,2010-11-02 05:12:00,5.0,login,,,,1,Suspicious login hour
DTAA/GYT0279,PC-2791,2010-11-02 05:17:00,5.0,login,,,,1,Suspicious login hour
DTAA/CRC0996,PC-4724,2010-11-02 05:32:00,5.0,login,,,,1,Suspicious login hour
DTAA/JCC0998,PC-3171,2010-11-02 05:34:00,5.0,login,,,,1,Suspicious login hour
DTAA/DSM0990,PC-2598,2010-11-02 05:46:00,5.0,login,,,,1,Suspicious login hour
DTAA/SJH0588,PC-2512,2010-11-02 05:49:00,5.0,login,,,,1,Suspicious login hour
DTAA/SJH0588,PC-2512,2010-11-02 05:51:00,5.0,login,,,,1,Suspicious login hour
DTAA/PJL0320,PC-1233,2010-11-02 05:54:00,5.0,login,,,,1,Suspicious login hour
DTAA/GRG0693,PC-3411,2010-11-02 05:55:00,5.0,login,,,,1,Suspicious login hour
DTAA/JCC0998,PC-3171,2010-11-02 05:58:00,5.0,login,,,,1,Suspicious login hour
DTAA/JCC0998,PC-4842,2010-11-02 05:58:00,5.0,login,,,,1,Suspicious login hour
DTAA/ODW0839,PC-1940,2010-11-02 21:07:00,21.0,login,,,,1,Suspicious login hour
DTAA/SKL0881,PC-1581,2010-11-02 21:12:00,21.0,login,,,,1,Suspicious login hour
DTAA/NAT0252,PC-1796,2010-11-02 21:20:00,21.0,login,,,,1,Suspicious login hour
DTAA/VAH0262,PC-1398,2010-11-02 21:21:00,21.0,login,,,,1,Suspicious login hour
DTAA/NDS0490,PC-2549,2010-11-02 21:32:00,21.0,login,,,,1,Suspicious login hour
DTAA/DSM0990,PC-0354,2010-11-02 21:45:00,21.0,login,,,,1,Suspicious login hour
DTAA/ARS0993,PC-0839,2010-11-02 21:51:00,21.0,login,,,,1,Suspicious login hour
DTAA/CRC0996,PC-1655,2010-11-02 21:56:00,21.0,login,,,,1,Suspicious login hour
DTAA/DSH0627,PC-2474,2010-11-02 22:05:00,22.0,login,,,,1,Suspicious login hour
DTAA/CRC0996,PC-1655,2010-11-02 22:09:00,22.0,login,,,,1,Suspicious login hour
DTAA/ELD1000,PC-1112,2010-11-02 22:09:00,22.0,login,,,,1,Suspicious login hour
DTAA/DSM0990,PC-0354,2010-11-02 22:24:00,22.0,login,,,,1,Suspicious login hour
DTAA/ARS0993,PC-0839,2010-11-02 22:28:00,22.0,login,,,,1,Suspicious login hour
DTAA/CLB0995,PC-2601,2010-11-02 22:30:00,22.0,login,,,,1,Suspicious login hour
DTAA/ELD1000,PC-1734,2010-11-02 22:40:00,22.0,login,,,,1,Suspicious login hour
DTAA/ELD1000,PC-1112,2010-11-02 22:41:00,22.0,login,,,,1,Suspicious login hour
DTAA/ELD1000,PC-1734,2010-11-02 22:49:00,22.0,login,,,,1,Suspicious login hour
DTAA/ARS0993,PC-2034,2010-11-02 22:50:00,22.0,login,,,,1,Suspicious login hour
DTAA/CLB0995,PC-2601,2010-11-02 22:55:00,22.0,login,,,,1,Suspicious login hour
DTAA/ARS0993,PC-2034,2010-11-02 23:01:00,23.0,login,,,,1,Suspicious login hour
DTAA/KEE0997,PC-4598,2010-11-02 23:02:00,23.0,login,,,,1,Suspicious login hour
DTAA/DSH0627,PC-2474,2010-11-02 23:15:00,23.0,login,,,,1,Suspicious login hour
DTAA/KEE0997,PC-4598,2010-11-02 23:19:00,23.0,login,,,,1,Suspicious login hour
DTAA/JCC0998,PC-3769,2010-11-02 23:56:00,23.0,login,,,,1,Suspicious login hour
DTAA/CGM0994,PC-0719,2010-11-02 23:59:00,23.0,login,,,,1,Suspicious login hour
DTAA/CGM0994,PC-0719,2010-11-03 00:16:00,0.0,login,,,,1,Suspicious login hour
DTAA/JCC0998,PC-3769,2010-11-03 00:31:00,0.0,login,,,,1,Suspicious login hour
DTAA/CGM0994,PC-2753,2010-11-03 00:32:00,0.0,login,,,,1,Suspicious login hour
DTAA/BJM0992,PC-0652,2010-11-03 00:34:00,0.0,login,,,,1,Suspicious login hour
DTAA/BJM0992,PC-0652,2010-11-03 00:38:00,0.0,login,,,,1,Suspicious login hour
DTAA/CGM0994,PC-2753,2010-11-03 01:00:00,1.0,login,,,,1,Suspicious login hour
DTAA/RAH0968,PC-3119,2010-11-03 01:04:00,1.0,login,,,,1,Suspicious login hour
DTAA/CLN0999,PC-4695,2010-11-03 01:14:00,1.0,login,,,,1,Suspicious login hour
DTAA/CLN0999,PC-4695,2010-11-03 01:51:00,1.0,login,,,,1,Suspicious login hour
DTAA/NHL0253,PC-3339,2010-11-03 01:51:00,1.0,login,,,,1,Suspicious login hour
DTAA/NHL0253,PC-3339,2010-11-03 01:53:00,1.0,login,,,,1,Suspicious login hour
DTAA/CDZ0056,PC-4052,2010-11-03 02:02:00,2.0,login,,,,1,Suspicious login hour
DTAA/ELD1000,PC-1700,2010-11-03 02:28:00,2.0,login,,,,1,Suspicious login hour
DTAA/DSM0990,PC-3632,2010-11-03 02:35:00,2.0,login,,,,1,Suspicious login hour
DTAA/KEE0997,PC-3757,2010-11-03 02:39:00,2.0,login,,,,1,Suspicious login hour
DTAA/DSM0990,PC-3632,2010-11-03 02:41:00,2.0,login,,,,1,Suspicious login hour
DTAA/ELD1000,PC-1700,2010-11-03 02:46:00,2.0,login,,,,1,Suspicious login hour
DTAA/KEE0997,PC-4335,2010-11-03 03:02:00,3.0,login,,,,1,Suspicious login hour
DTAA/HNS0858,PC-3790,2010-11-03 03:04:00,3.0,login,,,,1,Suspicious login hour
DTAA/IRC0991,PC-1401,2010-11-03 03:06:00,3.0,login,,,,1,Suspicious login hour
DTAA/KEE0997,PC-3757,2010-11-03 03:07:00,3.0,login,,,,1,Suspicious login hour
DTAA/CLN0999,PC-3021,2010-11-03 03:10:00,3.0,login,,,,1,Suspicious login hour
DTAA/CLN0999,PC-3021,2010-11-03 03:15:00,3.0,login,,,,1,Suspicious login hour
DTAA/IRC0991,PC-1972,2010-11-03 03:27:00,3.0,login,,,,1,Suspicious login hour
DTAA/KEE0997,PC-4335,2010-11-03 03:29:00,3.0,login,,,,1,Suspicious login hour
DTAA/HNS0858,PC-3790,2010-11-03 03:38:00,3.0,login,,,,1,Suspicious login hour
DTAA/IRC0991,PC-1972,2010-11-03 03:40:00,3.0,login,,,,1,Suspicious login hour
DTAA/CLB0995,PC-2771,2010-11-03 03:42:00,3.0,login,,,,1,Suspicious login hour
DTAA/IRC0991,PC-1401,2010-11-03 03:44:00,3.0,login,,,,1,Suspicious login hour
DTAA/BJM0992,PC-4875,2010-11-03 03:53:00,3.0,login,,,,1,Suspicious login hour
DTAA/ELD1000,PC-1764,2010-11-03 04:00:00,4.0,login,,,,1,Suspicious login hour
DTAA/CLB0995,PC-2771,2010-11-03 04:03:00,4.0,login,,,,1,Suspicious login hour
DTAA/JTT0989,PC-4442,2010-11-03 04:23:00,4.0,login,,,,1,Suspicious login hour
DTAA/BJM0992,PC-4875,2010-11-03 04:25:00,4.0,login,,,,1,Suspicious login hour
DTAA/ELD1000,PC-1764,2010-11-03 04:34:00,4.0,login,,,,1,Suspicious login hour
DTAA/JTT0989,PC-4442,2010-11-03 04:38:00,4.0,login,,,,1,Suspicious login hour
DTAA/BJM0992,PC-0672,2010-11-03 04:39:00,4.0,login,,,,1,Suspicious login hour
DTAA/JCC0998,PC-0458,2010-11-03 04:48:00,4.0,login,,,,1,Suspicious login hour
DTAA/RAH0968,PC-3119,2010-11-03 04:54:00,4.0,login,,,,1,Suspicious login hour
DTAA/ELD1000,PC-3584,2010-11-03 04:55:00,4.0,login,,,,1,Suspicious login hour
DTAA/JCC0998,PC-0458,2010-11-03 04:58:00,4.0,login,,,,1,Suspicious login hour
DTAA/BJM0992,PC-0672,2010-11-03 04:59:00,4.0,login,,,,1,Suspicious login hour
DTAA/CDZ0056,PC-4052,2010-11-03 05:32:00,5.0,login,,,,1,Suspicious login hour
DTAA/ELD1000,PC-3584,2010-11-03 05:38:00,5.0,login,,,,1,Suspicious login hour
DTAA/ARC0677,PC-0465,2010-11-03 21:02:00,21.0,login,,,,1,Suspicious login hour
DTAA/KEE0997,PC-1631,2010-11-03 21:07:00,21.0,login,,,,1,Suspicious login hour
DTAA/NAT0252,PC-1796,2010-11-03 21:13:00,21.0,login,,,,1,Suspicious login hour
DTAA/VAH0262,PC-1398,2010-11-03 21:13:00,21.0,login,,,,1,Suspicious login hour
DTAA/ABS0726,PC-3698,2010-11-03 21:14:00,21.0,login,,,,1,Suspicious login hour
DTAA/RAC0282,PC-3185,2010-11-03 21:21:00,21.0,login,,,,1,Suspicious login hour
DTAA/SKL0881,PC-1581,2010-11-03 21:22:00,21.0,login,,,,1,Suspicious login hour
DTAA/NDS0490,PC-2549,2010-11-03 21:39:00,21.0,login,,,,1,Suspicious login hour
DTAA/KEE0997,PC-1631,2010-11-03 21:40:00,21.0,login,,,,1,Suspicious login hour
DTAA/KEE0997,PC-3179,2010-11-03 21:41:00,21.0,login,,,,1,Suspicious login hour
DTAA/ARS0993,PC-4853,2010-11-03 21:42:00,21.0,login,,,,1,Suspicious login hour
DTAA/KEE0997,PC-3179,2010-11-03 21:51:00,21.0,login,,,,1,Suspicious login hour
DTAA/MIC0914,PC-3326,2010-11-03 21:57:00,21.0,login,,,,1,Suspicious login hour
DTAA/MEV0886,PC-0565,2010-11-03 22:03:00,22.0,login,,,,1,Suspicious login hour
DTAA/ARS0993,PC-4853,2010-11-03 22:12:00,22.0,login,,,,1,Suspicious login hour
DTAA/CLB0995,PC-0565,2010-11-03 22:49:00,22.0,login,,,,1,Suspicious login hour
DTAA/CRC0996,PC-1689,2010-11-03 23:00:00,23.0,login,,,,1,Suspicious login hour
DTAA/CLB0995,PC-0565,2010-11-03 23:00:00,23.0,login,,,,1,Suspicious login hour
DTAA/BJM0992,PC-2710,2010-11-03 23:11:00,23.0,login,,,,1,Suspicious login hour
DTAA/MIC0914,PC-3326,2010-11-03 23:12:00,23.0,login,,,,1,Suspicious login hour
DTAA/ELD1000,PC-0805,2010-11-03 23:17:00,23.0,login,,,,1,Suspicious login hour
DTAA/BJM0992,PC-3087,2010-11-03 23:20:00,23.0,login,,,,1,Suspicious login hour
DTAA/BJM0992,PC-2710,2010-11-03 23:26:00,23.0,login,,,,1,Suspicious login hour
DTAA/CRC0996,PC-1689,2010-11-03 23:27:00,23.0,login,,,,1,Suspicious login hour
DTAA/ELD1000,PC-0805,2010-11-03 23:31:00,23.0,login,,,,1,Suspicious login hour
DTAA/BJM0992,PC-3087,2010-11-03 23:41:00,23.0,login,,,,1,Suspicious login hour
DTAA/DSM0990,PC-0406,2010-11-03 23:49:00,23.0,login,,,,1,Suspicious login hour
DTAA/JCC0998,PC-3464,2010-11-03 23:49:00,23.0,login,,,,1,Suspicious login hour
DTAA/JTT0989,PC-3249,2010-11-03 23:51:00,23.0,login,,,,1,Suspicious login hour
DTAA/ABS0726,PC-3698,2010-11-04 00:01:00,0.0,login,,,,1,Suspicious login hour
DTAA/JTT0989,PC-3249,2010-11-04 00:16:00,0.0,login,,,,1,Suspicious login hour
DTAA/DSM0990,PC-0406,2010-11-04 00:19:00,0.0,login,,,,1,Suspicious login hour
DTAA/JCC0998,PC-3464,2010-11-04 00:23:00,0.0,login,,,,1,Suspicious login hour
DTAA/TKH0211,PC-0719,2010-11-04 00:31:00,0.0,login,,,,1,Suspicious login hour
DTAA/KAD0059,PC-4031,2010-11-04 00:46:00,0.0,login,,,,1,Suspicious login hour
DTAA/ARS0993,PC-4475,2010-11-04 01:20:00,1.0,login,,,,1,Suspicious login hour
DTAA/ARS0993,PC-4475,2010-11-04 01:21:00,1.0,login,,,,1,Suspicious login hour
DTAA/IRC0991,PC-0461,2010-11-04 01:25:00,1.0,login,,,,1,Suspicious login hour
DTAA/CLN0999,PC-2498,2010-11-04 01:30:00,1.0,login,,,,1,Suspicious login hour
DTAA/IRC0991,PC-0461,2010-11-04 01:48:00,1.0,login,,,,1,Suspicious login hour
DTAA/CLN0999,PC-2498,2010-11-04 01:56:00,1.0,login,,,,1,Suspicious login hour
DTAA/BIR0534,PC-1834,2010-11-04 02:26:00,2.0,login,,,,1,Suspicious login hour
DTAA/RAC0282,PC-3185,2010-11-04 02:55:00,2.0,login,,,,1,Suspicious login hour
DTAA/ARS0993,PC-2652,2010-11-04 03:10:00,3.0,login,,,,1,Suspicious login hour
DTAA/DSM0990,PC-1228,2010-11-04 03:18:00,3.0,login,,,,1,Suspicious login hour
DTAA/DSM0990,PC-1228,2010-11-04 03:25:00,3.0,login,,,,1,Suspicious login hour
DTAA/ARS0993,PC-2652,2010-11-04 03:47:00,3.0,login,,,,1,Suspicious login hour
DTAA/ARS0993,PC-3992,2010-11-04 04:03:00,4.0,login,,,,1,Suspicious login hour
DTAA/TKH0211,PC-0719,2010-11-04 04:07:00,4.0,login,,,,1,Suspicious login hour
DTAA/CTF0687,PC-2959,2010-11-04 04:15:00,4.0,login,,,,1,Suspicious login hour
DTAA/ARS0993,PC-3992,2010-11-04 04:15:00,4.0,login,,,,1,Suspicious login hour
DTAA/ELD1000,PC-1040,2010-11-04 04:35:00,4.0,login,,,,1,Suspicious login hour
DTAA/ELD1000,PC-0191,2010-11-04 04:47:00,4.0,login,,,,1,Suspicious login hour
DTAA/ELD1000,PC-0191,2010-11-04 04:49:00,4.0,login,,,,1,Suspicious login hour
DTAA/ELD1000,PC-1040,2010-11-04 04:52:00,4.0,login,,,,1,Suspicious login hour
DTAA/BJM0992,PC-1160,2010-11-04 04:54:00,4.0,login,,,,1,Suspicious login hour
DTAA/BJM0992,PC-1160,2010-11-04 04:58:00,4.0,login,,,,1,Suspicious login hour
DTAA/ELD1000,PC-2367,2010-11-04 05:06:00,5.0,login,,,,1,Suspicious login hour
DTAA/ELD1000,PC-2367,2010-11-04 05:13:00,5.0,login,,,,1,Suspicious login hour
DTAA/WOT0549,PC-0304,2010-11-04 05:30:00,5.0,login,,,,1,Suspicious login hour
DTAA/AFO0022,PC-2218,2010-11-04 05:36:00,5.0,login,,,,1,Suspicious login hour
DTAA/AFO0022,PC-2218,2010-11-04 05:58:00,5.0,login,,,,1,Suspicious login hour
DTAA/KEE0997,PC-2858,2010-11-04 21:01:00,21.0,login,,,,1,Suspicious login hour
DTAA/CLN0999,PC-0826,2010-11-04 21:02:00,21.0,login,,,,1,Suspicious login hour
DTAA/BJM0992,PC-0231,2010-11-04 21:07:00,21.0,login,,,,1,Suspicious login hour
DTAA/ODW0839,PC-1940,2010-11-04 21:08:00,21.0,login,,,,1,Suspicious login hour
DTAA/NAT0252,PC-1796,2010-11-04 21:11:00,21.0,login,,,,1,Suspicious login hour
DTAA/CRC0996,PC-1834,2010-11-04 21:14:00,21.0,login,,,,1,Suspicious login hour
DTAA/BJM0992,PC-0231,2010-11-04 21:15:00,21.0,login,,,,1,Suspicious login hour
DTAA/CLN0999,PC-3739,2010-11-04 21:21:00,21.0,login,,,,1,Suspicious login hour
DTAA/JCC0998,PC-2395,2010-11-04 21:23:00,21.0,login,,,,1,Suspicious login hour
DTAA/VAH0262,PC-1398,2010-11-04 21:23:00,21.0,login,,,,1,Suspicious login hour
DTAA/SKL0881,PC-1581,2010-11-04 21:24:00,21.0,login,,,,1,Suspicious login hour
DTAA/NDS0490,PC-2549,2010-11-04 21:37:00,21.0,login,,,,1,Suspicious login hour
DTAA/CLN0999,PC-1229,2010-11-04 21:39:00,21.0,login,,,,1,Suspicious login hour
DTAA/CGM0994,PC-1808,2010-11-04 22:06:00,22.0,login,,,,1,Suspicious login hour
DTAA/CLN0999,PC-1229,2010-11-04 22:06:00,22.0,login,,,,1,Suspicious login hour
DTAA/EMR0242,PC-1306,2010-11-04 22:14:00,22.0,login,,,,1,Suspicious login hour
DTAA/CGM0994,PC-1808,2010-11-04 22:37:00,22.0,login,,,,1,Suspicious login hour
DTAA/JCC0998,PC-0266,2010-11-04 22:55:00,22.0,login,,,,1,Suspicious login hour
DTAA/JCC0998,PC-0266,2010-11-04 23:02:00,23.0,login,,,,1,Suspicious login hour
DTAA/CLB0995,PC-4744,2010-11-04 23:03:00,23.0,login,,,,1,Suspicious login hour
DTAA/BJM0992,PC-2888,2010-11-04 23:26:00,23.0,login,,,,1,Suspicious login hour
DTAA/CLB0995,PC-0497,2010-11-04 23:34:00,23.0,login,,,,1,Suspicious login hour
DTAA/CLB0995,PC-4744,2010-11-04 23:36:00,23.0,login,,,,1,Suspicious login hour
DTAA/IRC0991,PC-3850,2010-11-04 23:42:00,23.0,login,,,,1,Suspicious login hour
DTAA/BJM0992,PC-2888,2010-11-04 23:42:00,23.0,login,,,,1,Suspicious login hour
DTAA/CLB0995,PC-0497,2010-11-04 23:47:00,23.0,login,,,,1,Suspicious login hour
DTAA/JCC0998,PC-1380,2010-11-04 23:48:00,23.0,login,,,,1,Suspicious login hour
DTAA/IRC0991,PC-3879,2010-11-04 23:56:00,23.0,login,,,,1,Suspicious login hour
DTAA/IRC0991,PC-3850,2010-11-04 23:57:00,23.0,login,,,,1,Suspicious login hour
DTAA/BJM0992,PC-0256,2010-11-04 23:58:00,23.0,login,,,,1,Suspicious login hour
DTAA/IRC0991,PC-3879,2010-11-05 00:03:00,0.0,login,,,,1,Suspicious login hour
DTAA/BJM0992,PC-0256,2010-11-05 00:03:00,0.0,login,,,,1,Suspicious login hour
DTAA/JCC0998,PC-1380,2010-11-05 00:05:00,0.0,login,,,,1,Suspicious login hour
DTAA/STF0145,PC-0191,2010-11-05 00:12:00,0.0,login,,,,1,Suspicious login hour
DTAA/JCC0998,PC-0299,2010-11-05 00:17:00,0.0,login,,,,1,Suspicious login hour
DTAA/DSM0990,PC-3784,2010-11-05 00:18:00,0.0,login,,,,1,Suspicious login hour
DTAA/IRC0991,PC-2377,2010-11-05 00:25:00,0.0,login,,,,1,Suspicious login hour
DTAA/DSM0990,PC-3784,2010-11-05 00:40:00,0.0,login,,,,1,Suspicious login hour
DTAA/IRC0991,PC-2377,2010-11-05 00:41:00,0.0,login,,,,1,Suspicious login hour
DTAA/JCC0998,PC-0299,2010-11-05 00:42:00,0.0,login,,,,1,Suspicious login hour
DTAA/CGM0994,PC-0939,2010-11-05 00:44:00,0.0,login,,,,1,Suspicious login hour
DTAA/CGM0994,PC-0939,2010-11-05 01:03:00,1.0,login,,,,1,Suspicious login hour
DTAA/CLN0999,PC-2462,2010-11-05 01:13:00,1.0,login,,,,1,Suspicious login hour
DTAA/ARS0993,PC-0445,2010-11-05 01:18:00,1.0,login,,,,1,Suspicious login hour
DTAA/IKH0904,PC-3664,2010-11-05 01:33:00,1.0,login,,,,1,Suspicious login hour
DTAA/CLN0999,PC-2462,2010-11-05 01:34:00,1.0,login,,,,1,Suspicious login hour
DTAA/JTT0989,PC-3582,2010-11-05 01:37:00,1.0,login,,,,1,Suspicious login hour
DTAA/JTT0989,PC-3582,2010-11-05 01:41:00,1.0,login,,,,1,Suspicious login hour
DTAA/KEE0997,PC-1196,2010-11-05 01:45:00,1.0,login,,,,1,Suspicious login hour
DTAA/CLN0999,PC-2534,2010-11-05 01:47:00,1.0,login,,,,1,Suspicious login hour
DTAA/CLN0999,PC-2534,2010-11-05 01:57:00,1.0,login,,,,1,Suspicious login hour
DTAA/ARS0993,PC-0445,2010-11-05 01:58:00,1.0,login,,,,1,Suspicious login hour
DTAA/KEE0997,PC-1196,2010-11-05 02:14:00,2.0,login,,,,1,Suspicious login hour
DTAA/CLB0995,PC-2000,2010-11-05 02:18:00,2.0,login,,,,1,Suspicious login hour
DTAA/KEE0997,PC-0028,2010-11-05 02:23:00,2.0,login,,,,1,Suspicious login hour
DTAA/CLN0999,PC-3270,2010-11-05 02:28:00,2.0,login,,,,1,Suspicious login hour
DTAA/CHA0174,PC-2751,2010-11-05 02:36:00,2.0,login,,,,1,Suspicious login hour
DTAA/BJM0992,PC-4253,2010-11-05 02:36:00,2.0,login,,,,1,Suspicious login hour
DTAA/ARS0993,PC-3390,2010-11-05 02:40:00,2.0,login,,,,1,Suspicious login hour
DTAA/DSM0990,PC-2544,2010-11-05 02:47:00,2.0,login,,,,1,Suspicious login hour
DTAA/CLB0995,PC-2000,2010-11-05 02:49:00,2.0,login,,,,1,Suspicious login hour
DTAA/DSM0990,PC-4398,2010-11-05 03:00:00,3.0,login,,,,1,Suspicious login hour
DTAA/KEE0997,PC-0028,2010-11-05 03:01:00,3.0,login,,,,1,Suspicious login hour
DTAA/DSM0990,PC-2544,2010-11-05 03:05:00,3.0,login,,,,1,Suspicious login hour
DTAA/ARS0993,PC-3390,2010-11-05 03:06:00,3.0,login,,,,1,Suspicious login hour
DTAA/CHA0174,PC-2751,2010-11-05 03:07:00,3.0,login,,,,1,Suspicious login hour
DTAA/STF0145,PC-0191,2010-11-05 03:10:00,3.0,login,,,,1,Suspicious login hour
DTAA/CLN0999,PC-3270,2010-11-05 03:11:00,3.0,login,,,,1,Suspicious login hour
DTAA/BJM0992,PC-4253,2010-11-05 03:15:00,3.0,login,,,,1,Suspicious login hour
DTAA/CLN0999,PC-2222,2010-11-05 03:15:00,3.0,login,,,,1,Suspicious login hour
DTAA/DSM0990,PC-4398,2010-11-05 03:16:00,3.0,login,,,,1,Suspicious login hour
DTAA/CRC0996,PC-1946,2010-11-05 03:21:00,3.0,login,,,,1,Suspicious login hour
DTAA/JCC0998,PC-3548,2010-11-05 03:22:00,3.0,login,,,,1,Suspicious login hour
DTAA/JCC0998,PC-3231,2010-11-05 03:30:00,3.0,login,,,,1,Suspicious login hour
DTAA/CLN0999,PC-2222,2010-11-05 03:32:00,3.0,login,,,,1,Suspicious login hour
DTAA/ELD1000,PC-2799,2010-11-05 03:37:00,3.0,login,,,,1,Suspicious login hour
DTAA/ELD1000,PC-2799,2010-11-05 03:40:00,3.0,login,,,,1,Suspicious login hour
DTAA/CGM0994,PC-4474,2010-11-05 03:46:00,3.0,login,,,,1,Suspicious login hour
DTAA/HTS0265,PC-1744,2010-11-05 03:54:00,3.0,login,,,,1,Suspicious login hour
DTAA/JCC0998,PC-3548,2010-11-05 03:56:00,3.0,login,,,,1,Suspicious login hour
DTAA/DSM0990,PC-4473,2010-11-05 04:02:00,4.0,login,,,,1,Suspicious login hour
DTAA/CRC0996,PC-1946,2010-11-05 04:04:00,4.0,login,,,,1,Suspicious login hour
DTAA/JCC0998,PC-3231,2010-11-05 04:04:00,4.0,login,,,,1,Suspicious login hour
DTAA/CGM0994,PC-4474,2010-11-05 04:12:00,4.0,login,,,,1,Suspicious login hour
DTAA/ARS0993,PC-4358,2010-11-05 04:12:00,4.0,login,,,,1,Suspicious login hour
DTAA/ARS0993,PC-4358,2010-11-05 04:16:00,4.0,login,,,,1,Suspicious login hour
DTAA/DSM0990,PC-4473,2010-11-05 04:31:00,4.0,login,,,,1,Suspicious login hour
DTAA/LJR0772,PC-3780,2010-11-05 04:40:00,4.0,login,,,,1,Suspicious login hour
DTAA/ELD1000,PC-2467,2010-11-05 04:44:00,4.0,login,,,,1,Suspicious login hour
DTAA/IRC0991,PC-1898,2010-11-05 04:52:00,4.0,login,,,,1,Suspicious login hour
DTAA/DSM0990,PC-4467,2010-11-05 05:18:00,5.0,login,,,,1,Suspicious login hour
DTAA/DSM0990,PC-4467,2010-11-05 05:20:00,5.0,login,,,,1,Suspicious login hour
DTAA/ELD1000,PC-2467,2010-11-05 05:20:00,5.0,login,,,,1,Suspicious login hour
DTAA/LJR0772,PC-3780,2010-11-05 05:20:00,5.0,login,,,,1,Suspicious login hour
DTAA/HTS0265,PC-1744,2010-11-05 05:22:00,5.0,login,,,,1,Suspicious login hour
DTAA/PCM0846,PC-1898,2010-11-05 05:22:00,5.0,login,,,,1,Suspicious login hour
DTAA/IRC0991,PC-1898,2010-11-05 05:36:00,5.0,login,,,,1,Suspicious login hour
DTAA/ODW0839,PC-1940,2010-11-05 21:04:00,21.0,login,,,,1,Suspicious login hour
DTAA/ARC0677,PC-0465,2010-11-05 21:09:00,21.0,login,,,,1,Suspicious login hour
DTAA/NAT0252,PC-1796,2010-11-05 21:17:00,21.0,login,,,,1,Suspicious login hour
DTAA/VAH0262,PC-1398,2010-11-05 21:22:00,21.0,login,,,,1,Suspicious login hour
DTAA/SKL0881,PC-1581,2010-11-05 21:22:00,21.0,login,,,,1,Suspicious login hour
DTAA/NDS0490,PC-2549,2010-11-05 21:25:00,21.0,login,,,,1,Suspicious login hour
DTAA/HNS0858,PC-3790,2010-11-05 21:27:00,21.0,login,,,,1,Suspicious login hour
DTAA/PUH0847,PC-2550,2010-11-05 21:38:00,21.0,login,,,,1,Suspicious login hour
DTAA/JCC0998,PC-3119,2010-11-05 21:59:00,21.0,login,,,,1,Suspicious login hour
DTAA/CGM0994,PC-0776,2010-11-05 22:16:00,22.0,login,,,,1,Suspicious login hour
DTAA/BJM0992,PC-4872,2010-11-05 22:17:00,22.0,login,,,,1,Suspicious login hour
DTAA/KEE0997,PC-2079,2010-11-05 22:18:00,22.0,login,,,,1,Suspicious login hour
DTAA/KEE0997,PC-2079,2010-11-05 22:32:00,22.0,login,,,,1,Suspicious login hour
DTAA/BJM0992,PC-4872,2010-11-05 22:34:00,22.0,login,,,,1,Suspicious login hour
DTAA/CLN0999,PC-4052,2010-11-05 22:37:00,22.0,login,,,,1,Suspicious login hour
DTAA/JCC0998,PC-3119,2010-11-05 22:39:00,22.0,login,,,,1,Suspicious login hour
DTAA/CGM0994,PC-0776,2010-11-05 22:39:00,22.0,login,,,,1,Suspicious login hour
DTAA/GRG0693,PC-3411,2010-11-05 22:40:00,22.0,login,,,,1,Suspicious login hour
DTAA/CLN0999,PC-4052,2010-11-05 22:55:00,22.0,login,,,,1,Suspicious login hour
DTAA/JTT0989,PC-3825,2010-11-05 22:56:00,22.0,login,,,,1,Suspicious login hour
DTAA/CLB0995,PC-3438,2010-11-05 23:20:00,23.0,login,,,,1,Suspicious login hour
DTAA/CLB0995,PC-3438,2010-11-05 23:21:00,23.0,login,,,,1,Suspicious login hour
DTAA/RLC0442,PC-1467,2010-11-05 23:22:00,23.0,login,,,,1,Suspicious login hour
DTAA/DIS0382,PC-2501,2010-11-05 23:25:00,23.0,login,,,,1,Suspicious login hour
DTAA/OYR0801,PC-0088,2010-11-05 23:27:00,23.0,login,,,,1,Suspicious login hour
DTAA/HNS0858,PC-3790,2010-11-05 23:30:00,23.0,login,,,,1,Suspicious login hour
DTAA/JTT0989,PC-3825,2010-11-05 23:30:00,23.0,login,,,,1,Suspicious login hour
DTAA/CSR0189,PC-3494,2010-11-05 23:31:00,23.0,login,,,,1,Suspicious login hour
DTAA/WCN0570,PC-3651,2010-11-06 00:09:00,0.0,login,,,,1,Suspicious login hour
DTAA/SEF0446,PC-2477,2010-11-06 00:17:00,0.0,login,,,,1,Suspicious login hour
DTAA/BTW0973,PC-4462,2010-11-06 01:03:00,1.0,login,,,,1,Suspicious login hour
DTAA/DIS0382,PC-2501,2010-11-06 01:44:00,1.0,login,,,,1,Suspicious login hour
DTAA/PUH0847,PC-2550,2010-11-06 02:29:00,2.0,login,,,,1,Suspicious login hour
DTAA/CTH0856,PC-4677,2010-11-06 02:35:00,2.0,login,,,,1,Suspicious login hour
DTAA/CSR0189,PC-3494,2010-11-06 03:34:00,3.0,login,,,,1,Suspicious login hour
DTAA/BTW0973,PC-4462,2010-11-06 03:40:00,3.0,login,,,,1,Suspicious login hour
DTAA/RLC0442,PC-1467,2010-11-06 04:17:00,4.0,login,,,,1,Suspicious login hour
DTAA/GRG0693,PC-3411,2010-11-06 04:25:00,4.0,login,,,,1,Suspicious login hour
DTAA/KGS0398,PC-1620,2010-11-06 04:25:00,4.0,login,,,,1,Suspicious login hour
DTAA/CWG0305,PC-1107,2010-11-06 04:36:00,4.0,login,,,,1,Suspicious login hour
DTAA/KGS0398,PC-1620,2010-11-06 05:03:00,5.0,login,,,,1,Suspicious login hour
DTAA/WCN0570,PC-3651,2010-11-06 05:13:00,5.0,login,,,,1,Suspicious login hour
DTAA/OYR0801,PC-0088,2010-11-06 05:19:00,5.0,login,,,,1,Suspicious login hour
DTAA/JGC0775,PC-2680,2010-11-06 05:28:00,5.0,login,,,,1,Suspicious login hour
DTAA/CTH0856,PC-4677,2010-11-06 05:52:00,5.0,login,,,,1,Suspicious login hour
DTAA/CGM0994,PC-0221,2010-11-08 00:18:00,0.0,login,,,,1,Suspicious login hour
DTAA/CGM0994,PC-0221,2010-11-08 00:19:00,0.0,login,,,,1,Suspicious login hour
DTAA/JCC0998,PC-4270,2010-11-08 01:26:00,1.0,login,,,,1,Suspicious login hour
DTAA/JTT0989,PC-4866,2010-11-08 01:28:00,1.0,login,,,,1,Suspicious login hour
DTAA/CRC0996,PC-3033,2010-11-08 01:32:00,1.0,login,,,,1,Suspicious login hour
DTAA/BJM0992,PC-1877,2010-11-08 01:42:00,1.0,login,,,,1,Suspicious login hour
DTAA/KEE0997,PC-1701,2010-11-08 01:42:00,1.0,login,,,,1,Suspicious login hour
DTAA/JCC0998,PC-4270,2010-11-08 01:43:00,1.0,login,,,,1,Suspicious login hour
DTAA/JTT0989,PC-4866,2010-11-08 02:10:00,2.0,login,,,,1,Suspicious login hour
DTAA/BJM0992,PC-1877,2010-11-08 02:11:00,2.0,login,,,,1,Suspicious login hour
DTAA/CRC0996,PC-3033,2010-11-08 02:11:00,2.0,login,,,,1,Suspicious login hour
DTAA/KEE0997,PC-1701,2010-11-08 02:22:00,2.0,login,,,,1,Suspicious login hour
DTAA/ARS0993,PC-3234,2010-11-08 02:34:00,2.0,login,,,,1,Suspicious login hour
DTAA/CGM0994,PC-3049,2010-11-08 02:40:00,2.0,login,,,,1,Suspicious login hour
DTAA/ARS0993,PC-3234,2010-11-08 02:43:00,2.0,login,,,,1,Suspicious login hour
DTAA/JTT0989,PC-2005,2010-11-08 02:48:00,2.0,login,,,,1,Suspicious login hour
DTAA/ELD1000,PC-0698,2010-11-08 02:51:00,2.0,login,,,,1,Suspicious login hour
DTAA/ELD1000,PC-0698,2010-11-08 02:53:00,2.0,login,,,,1,Suspicious login hour
DTAA/CGM0994,PC-3049,2010-11-08 03:05:00,3.0,login,,,,1,Suspicious login hour
DTAA/JTT0989,PC-2005,2010-11-08 03:23:00,3.0,login,,,,1,Suspicious login hour
DTAA/BJM0992,PC-0686,2010-11-08 04:30:00,4.0,login,,,,1,Suspicious login hour
DTAA/BJM0992,PC-0686,2010-11-08 05:10:00,5.0,login,,,,1,Suspicious login hour
DTAA/CGM0994,PC-0820,2010-11-08 05:53:00,5.0,login,,,,1,Suspicious login hour
DTAA/CLB0995,PC-3799,2010-11-08 21:02:00,21.0,login,,,,1,Suspicious login hour
DTAA/ARC0677,PC-0465,2010-11-08 21:06:00,21.0,login,,,,1,Suspicious login hour
DTAA/ODW0839,PC-1940,2010-11-08 21:09:00,21.0,login,,,,1,Suspicious login hour
DTAA/BAF0379,PC-3645,2010-11-08 21:10:00,21.0,login,,,,1,Suspicious login hour
DTAA/VAH0262,PC-1398,2010-11-08 21:10:00,21.0,login,,,,1,Suspicious login hour
DTAA/CWG0305,PC-1107,2010-11-08 21:15:00,21.0,login,,,,1,Suspicious login hour
DTAA/ARS0993,PC-0436,2010-11-08 21:15:00,21.0,login,,,,1,Suspicious login hour
DTAA/CLB0995,PC-4919,2010-11-08 21:20:00,21.0,login,,,,1,Suspicious login hour
DTAA/SKL0881,PC-1581,2010-11-08 21:23:00,21.0,login,,,,1,Suspicious login hour
DTAA/NAT0252,PC-1796,2010-11-08 21:23:00,21.0,login,,,,1,Suspicious login hour
DTAA/NDS0490,PC-2549,2010-11-08 21:25:00,21.0,login,,,,1,Suspicious login hour
DTAA/BAF0379,PC-3645,2010-11-08 21:43:00,21.0,login,,,,1,Suspicious login hour
DTAA/JCS0873,PC-1560,2010-11-08 21:48:00,21.0,login,,,,1,Suspicious login hour
DTAA/CRC0996,PC-3489,2010-11-08 21:50:00,21.0,login,,,,1,Suspicious login hour
DTAA/CLB0995,PC-4919,2010-11-08 22:00:00,22.0,login,,,,1,Suspicious login hour
DTAA/CRC0996,PC-3489,2010-11-08 22:01:00,22.0,login,,,,1,Suspicious login hour
DTAA/ARS0993,PC-3338,2010-11-08 22:08:00,22.0,login,,,,1,Suspicious login hour
DTAA/ARS0993,PC-3338,2010-11-08 22:12:00,22.0,login,,,,1,Suspicious login hour
DTAA/CWG0305,PC-1107,2010-11-08 22:17:00,22.0,login,,,,1,Suspicious login hour
DTAA/JCS0873,PC-1560,2010-11-08 22:27:00,22.0,login,,,,1,Suspicious login hour
DTAA/MQL0135,PC-4656,2010-11-08 23:06:00,23.0,login,,,,1,Suspicious login hour
DTAA/ELD1000,PC-3545,2010-11-08 23:18:00,23.0,login,,,,1,Suspicious login hour
DTAA/ARS0993,PC-0731,2010-11-08 23:33:00,23.0,login,,,,1,Suspicious login hour
DTAA/ARS0993,PC-0731,2010-11-08 23:35:00,23.0,login,,,,1,Suspicious login hour
DTAA/OYR0801,PC-0088,2010-11-08 23:38:00,23.0,login,,,,1,Suspicious login hour
DTAA/ELD1000,PC-3545,2010-11-08 23:41:00,23.0,login,,,,1,Suspicious login hour
DTAA/STF0145,PC-0191,2010-11-08 23:47:00,23.0,login,,,,1,Suspicious login hour
DTAA/CLB0995,PC-3491,2010-11-08 23:58:00,23.0,login,,,,1,Suspicious login hour
DTAA/CLB0995,PC-3491,2010-11-09 00:05:00,0.0,login,,,,1,Suspicious login hour
DTAA/DSM0990,PC-0010,2010-11-09 01:24:00,1.0,login,,,,1,Suspicious login hour
DTAA/CGM0994,PC-4661,2010-11-09 01:29:00,1.0,login,,,,1,Suspicious login hour
DTAA/KEE0997,PC-2396,2010-11-09 01:39:00,1.0,login,,,,1,Suspicious login hour
DTAA/ZAB0889,PC-2844,2010-11-09 01:40:00,1.0,login,,,,1,Suspicious login hour
DTAA/CGM0994,PC-0001,2010-11-09 01:42:00,1.0,login,,,,1,Suspicious login hour
DTAA/DSM0990,PC-0010,2010-11-09 01:51:00,1.0,login,,,,1,Suspicious login hour
DTAA/JTT0989,PC-3293,2010-11-09 01:59:00,1.0,login,,,,1,Suspicious login hour
DTAA/STF0145,PC-0191,2010-11-09 02:01:00,2.0,login,,,,1,Suspicious login hour
DTAA/CGM0994,PC-0001,2010-11-09 02:05:00,2.0,login,,,,1,Suspicious login hour
DTAA/CGM0994,PC-4661,2010-11-09 02:06:00,2.0,login,,,,1,Suspicious login hour
DTAA/KEE0997,PC-2396,2010-11-09 02:18:00,2.0,login,,,,1,Suspicious login hour
DTAA/KEE0997,PC-0281,2010-11-09 02:20:00,2.0,login,,,,1,Suspicious login hour
DTAA/JTT0989,PC-3293,2010-11-09 02:30:00,2.0,login,,,,1,Suspicious login hour
DTAA/CRC0996,PC-3657,2010-11-09 02:44:00,2.0,login,,,,1,Suspicious login hour
DTAA/NHH0566,PC-1651,2010-11-09 02:46:00,2.0,login,,,,1,Suspicious login hour
DTAA/KEE0997,PC-0281,2010-11-09 02:47:00,2.0,login,,,,1,Suspicious login hour
DTAA/NHH0566,PC-1651,2010-11-09 02:50:00,2.0,login,,,,1,Suspicious login hour
DTAA/CRC0996,PC-3657,2010-11-09 03:14:00,3.0,login,,,,1,Suspicious login hour
DTAA/CGM0994,PC-0500,2010-11-09 03:15:00,3.0,login,,,,1,Suspicious login hour
DTAA/KEE0997,PC-3866,2010-11-09 03:17:00,3.0,login,,,,1,Suspicious login hour
DTAA/MCF0427,PC-3754,2010-11-09 03:34:00,3.0,login,,,,1,Suspicious login hour
DTAA/KEE0997,PC-3866,2010-11-09 03:38:00,3.0,login,,,,1,Suspicious login hour
DTAA/JTT0989,PC-4828,2010-11-09 03:47:00,3.0,login,,,,1,Suspicious login hour
DTAA/CGM0994,PC-0500,2010-11-09 03:51:00,3.0,login,,,,1,Suspicious login hour
DTAA/CRC0996,PC-4681,2010-11-09 04:06:00,4.0,login,,,,1,Suspicious login hour
DTAA/BJM0992,PC-3521,2010-11-09 04:10:00,4.0,login,,,,1,Suspicious login hour
DTAA/CLN0999,PC-0574,2010-11-09 04:12:00,4.0,login,,,,1,Suspicious login hour
DTAA/JTT0989,PC-4828,2010-11-09 04:25:00,4.0,login,,,,1,Suspicious login hour
DTAA/MQL0135,PC-4656,2010-11-09 04:26:00,4.0,login,,,,1,Suspicious login hour
DTAA/BJM0992,PC-3521,2010-11-09 04:33:00,4.0,login,,,,1,Suspicious login hour
DTAA/CRC0996,PC-4681,2010-11-09 04:37:00,4.0,login,,,,1,Suspicious login hour
DTAA/KEE0997,PC-2034,2010-11-09 04:39:00,4.0,login,,,,1,Suspicious login hour
DTAA/CLN0999,PC-0574,2010-11-09 04:39:00,4.0,login,,,,1,Suspicious login hour
DTAA/CTH0082,PC-4582,2010-11-09 04:41:00,4.0,login,,,,1,Suspicious login hour
DTAA/IRC0991,PC-0691,2010-11-09 04:50:00,4.0,login,,,,1,Suspicious login hour
DTAA/IAG0152,PC-3521,2010-11-09 04:51:00,4.0,login,,,,1,Suspicious login hour
DTAA/KEE0997,PC-2034,2010-11-09 04:54:00,4.0,login,,,,1,Suspicious login hour
DTAA/IRC0991,PC-0691,2010-11-09 04:58:00,4.0,login,,,,1,Suspicious login hour
DTAA/HTC0607,PC-1033,2010-11-09 05:14:00,5.0,login,,,,1,Suspicious login hour
DTAA/BJM0992,PC-0313,2010-11-09 05:15:00,5.0,login,,,,1,Suspicious login hour
DTAA/HTC0607,PC-1033,2010-11-09 05:18:00,5.0,login,,,,1,Suspicious login hour
DTAA/JCC0998,PC-1350,2010-11-09 05:28:00,5.0,login,,,,1,Suspicious login hour
DTAA/DSM0990,PC-4682,2010-11-09 05:28:00,5.0,login,,,,1,Suspicious login hour
DTAA/BJM0992,PC-0313,2010-11-09 05:33:00,5.0,login,,,,1,Suspicious login hour
DTAA/IAG0152,PC-3521,2010-11-09 05:35:00,5.0,login,,,,1,Suspicious login hour
DTAA/IRC0991,PC-0209,2010-11-09 05:41:00,5.0,login,,,,1,Suspicious login hour
DTAA/IRC0991,PC-0209,2010-11-09 05:44:00,5.0,login,,,,1,Suspicious login hour
DTAA/DSM0990,PC-4682,2010-11-09 05:45:00,5.0,login,,,,1,Suspicious login hour
DTAA/CTH0082,PC-4582,2010-11-09 05:58:00,5.0,login,,,,1,Suspicious login hour
DTAA/ZAB0889,PC-2844,2010-11-09 05:59:00,5.0,login,,,,1,Suspicious login hour
DTAA/ARC0677,PC-0465,2010-11-09 21:03:00,21.0,login,,,,1,Suspicious login hour
DTAA/ODW0839,PC-1940,2010-11-09 21:04:00,21.0,login,,,,1,Suspicious login hour
DTAA/ARS0993,PC-2613,2010-11-09 21:08:00,21.0,login,,,,1,Suspicious login hour
DTAA/IKH0904,PC-3664,2010-11-09 21:11:00,21.0,login,,,,1,Suspicious login hour
DTAA/SKL0881,PC-1581,2010-11-09 21:12:00,21.0,login,,,,1,Suspicious login hour
DTAA/BJM0992,PC-2674,2010-11-09 21:19:00,21.0,login,,,,1,Suspicious login hour
DTAA/NAT0252,PC-1796,2010-11-09 21:23:00,21.0,login,,,,1,Suspicious login hour
DTAA/VAH0262,PC-1398,2010-11-09 21:24:00,21.0,login,,,,1,Suspicious login hour
DTAA/NDS0490,PC-2549,2010-11-09 21:30:00,21.0,login,,,,1,Suspicious login hour
DTAA/BJM0992,PC-2674,2010-11-09 21:43:00,21.0,login,,,,1,Suspicious login hour
DTAA/IRC0991,PC-2847,2010-11-09 22:12:00,22.0,login,,,,1,Suspicious login hour
DTAA/IRC0991,PC-2847,2010-11-09 22:29:00,22.0,login,,,,1,Suspicious login hour
DTAA/CRC0996,PC-1582,2010-11-09 22:42:00,22.0,login,,,,1,Suspicious login hour
DTAA/CRC0996,PC-1582,2010-11-09 22:57:00,22.0,login,,,,1,Suspicious login hour
DTAA/JTT0989,PC-4952,2010-11-09 23:01:00,23.0,login,,,,1,Suspicious login hour
DTAA/JTT0989,PC-4952,2010-11-09 23:27:00,23.0,login,,,,1,Suspicious login hour
DTAA/SRN0275,PC-3531,2010-11-09 23:59:00,23.0,login,,,,1,Suspicious login hour
DTAA/BTW0973,PC-4462,2010-11-10 00:04:00,0.0,login,,,,1,Suspicious login hour
DTAA/WOT0549,PC-0304,2010-11-10 00:16:00,0.0,login,,,,1,Suspicious login hour
DTAA/SDC0032,PC-3081,2010-11-10 00:16:00,0.0,login,,,,1,Suspicious login hour
DTAA/ELD1000,PC-0932,2010-11-10 00:20:00,0.0,login,,,,1,Suspicious login hour
DTAA/EOS0972,PC-4981,2010-11-10 00:25:00,0.0,login,,,,1,Suspicious login hour
DTAA/KEE0997,PC-3084,2010-11-10 00:35:00,0.0,login,,,,1,Suspicious login hour
DTAA/CLB0995,PC-2286,2010-11-10 00:40:00,0.0,login,,,,1,Suspicious login hour
DTAA/KEE0997,PC-3084,2010-11-10 00:41:00,0.0,login,,,,1,Suspicious login hour
DTAA/ARS0993,PC-2886,2010-11-10 00:45:00,0.0,login,,,,1,Suspicious login hour
DTAA/ARS0993,PC-2886,2010-11-10 00:54:00,0.0,login,,,,1,Suspicious login hour
DTAA/ELD1000,PC-0932,2010-11-10 00:59:00,0.0,login,,,,1,Suspicious login hour
DTAA/BJM0992,PC-3415,2010-11-10 01:05:00,1.0,login,,,,1,Suspicious login hour
DTAA/BJM0992,PC-4643,2010-11-10 01:07:00,1.0,login,,,,1,Suspicious login hour
DTAA/BJM0992,PC-3415,2010-11-10 01:09:00,1.0,login,,,,1,Suspicious login hour
DTAA/CLB0995,PC-2286,2010-11-10 01:12:00,1.0,login,,,,1,Suspicious login hour
DTAA/HCG0731,PC-4643,2010-11-10 01:15:00,1.0,login,,,,1,Suspicious login hour
DTAA/SJH0588,PC-2512,2010-11-10 01:25:00,1.0,login,,,,1,Suspicious login hour
DTAA/ASO0023,PC-3990,2010-11-10 01:31:00,1.0,login,,,,1,Suspicious login hour
DTAA/BJM0992,PC-1532,2010-11-10 01:33:00,1.0,login,,,,1,Suspicious login hour
DTAA/BJM0992,PC-2161,2010-11-10 01:37:00,1.0,login,,,,1,Suspicious login hour
DTAA/BJM0992,PC-4643,2010-11-10 01:43:00,1.0,login,,,,1,Suspicious login hour
DTAA/BJM0992,PC-1532,2010-11-10 01:58:00,1.0,login,,,,1,Suspicious login hour
DTAA/ARS0993,PC-0425,2010-11-10 01:59:00,1.0,login,,,,1,Suspicious login hour
DTAA/BJM0992,PC-2161,2010-11-10 02:05:00,2.0,login,,,,1,Suspicious login hour
DTAA/ARS0993,PC-0425,2010-11-10 02:10:00,2.0,login,,,,1,Suspicious login hour
DTAA/IKH0904,PC-3664,2010-11-10 02:34:00,2.0,login,,,,1,Suspicious login hour
DTAA/JTT0989,PC-4673,2010-11-10 02:44:00,2.0,login,,,,1,Suspicious login hour
DTAA/JTT0989,PC-4673,2010-11-10 03:07:00,3.0,login,,,,1,Suspicious login hour
DTAA/CGM0994,PC-1939,2010-11-10 03:08:00,3.0,login,,,,1,Suspicious login hour
DTAA/CGM0994,PC-1939,2010-11-10 03:13:00,3.0,login,,,,1,Suspicious login hour
DTAA/CRC0996,PC-0016,2010-11-10 03:18:00,3.0,login,,,,1,Suspicious login hour
DTAA/DSM0990,PC-2835,2010-11-10 03:22:00,3.0,login,,,,1,Suspicious login hour
DTAA/JTT0989,PC-0238,2010-11-10 03:30:00,3.0,login,,,,1,Suspicious login hour
DTAA/ARS0993,PC-4482,2010-11-10 03:30:00,3.0,login,,,,1,Suspicious login hour
DTAA/CRC0996,PC-0016,2010-11-10 03:39:00,3.0,login,,,,1,Suspicious login hour
DTAA/JCC0998,PC-0672,2010-11-10 03:42:00,3.0,login,,,,1,Suspicious login hour
DTAA/HCG0731,PC-4643,2010-11-10 03:43:00,3.0,login,,,,1,Suspicious login hour
DTAA/IRC0991,PC-3988,2010-11-10 03:44:00,3.0,login,,,,1,Suspicious login hour
DTAA/ARS0993,PC-4482,2010-11-10 03:47:00,3.0,login,,,,1,Suspicious login hour
DTAA/WOT0549,PC-0304,2010-11-10 03:49:00,3.0,login,,,,1,Suspicious login hour
DTAA/DSM0990,PC-2835,2010-11-10 03:59:00,3.0,login,,,,1,Suspicious login hour
DTAA/JTT0989,PC-0238,2010-11-10 04:08:00,4.0,login,,,,1,Suspicious login hour
DTAA/IRC0991,PC-3988,2010-11-10 04:09:00,4.0,login,,,,1,Suspicious login hour
DTAA/JCC0998,PC-0672,2010-11-10 04:11:00,4.0,login,,,,1,Suspicious login hour
DTAA/KEE0997,PC-1075,2010-11-10 04:22:00,4.0,login,,,,1,Suspicious login hour
DTAA/SDC0032,PC-3081,2010-11-10 04:23:00,4.0,login,,,,1,Suspicious login hour
DTAA/DFZ0063,PC-4442,2010-11-10 04:30:00,4.0,login,,,,1,Suspicious login hour
DTAA/BTW0973,PC-4462,2010-11-10 04:32:00,4.0,login,,,,1,Suspicious login hour
DTAA/CRC0996,PC-0942,2010-11-10 04:39:00,4.0,login,,,,1,Suspicious login hour
DTAA/KEE0997,PC-1075,2010-11-10 04:41:00,4.0,login,,,,1,Suspicious login hour
DTAA/CLN0999,PC-3249,2010-11-10 04:42:00,4.0,login,,,,1,Suspicious login hour
DTAA/CLN0999,PC-3249,2010-11-10 04:52:00,4.0,login,,,,1,Suspicious login hour
DTAA/CRC0996,PC-0942,2010-11-10 05:03:00,5.0,login,,,,1,Suspicious login hour
DTAA/SJH0588,PC-2512,2010-11-10 05:10:00,5.0,login,,,,1,Suspicious login hour
DTAA/JCC0998,PC-3835,2010-11-10 05:16:00,5.0,login,,,,1,Suspicious login hour
DTAA/IRC0991,PC-2643,2010-11-10 05:20:00,5.0,login,,,,1,Suspicious login hour
DTAA/DIS0382,PC-2501,2010-11-10 05:32:00,5.0,login,,,,1,Suspicious login hour
DTAA/IRC0991,PC-2643,2010-11-10 05:48:00,5.0,login,,,,1,Suspicious login hour
DTAA/JCC0998,PC-3835,2010-11-10 05:56:00,5.0,login,,,,1,Suspicious login hour
DTAA/KEE0997,PC-0590,2010-11-10 05:58:00,5.0,login,,,,1,Suspicious login hour
DTAA/ODW0839,PC-1940,2010-11-10 21:07:00,21.0,login,,,,1,Suspicious login hour
DTAA/ARC0677,PC-0465,2010-11-10 21:07:00,21.0,login,,,,1,Suspicious login hour
DTAA/KEE0997,PC-0282,2010-11-10 21:14:00,21.0,login,,,,1,Suspicious login hour
DTAA/SKL0881,PC-1581,2010-11-10 21:15:00,21.0,login,,,,1,Suspicious login hour
DTAA/NAT0252,PC-1796,2010-11-10 21:16:00,21.0,login,,,,1,Suspicious login hour
DTAA/VAH0262,PC-1398,2010-11-10 21:22:00,21.0,login,,,,1,Suspicious login hour
DTAA/NDS0490,PC-2549,2010-11-10 21:36:00,21.0,login,,,,1,Suspicious login hour
DTAA/JCC0998,PC-3013,2010-11-10 21:38:00,21.0,login,,,,1,Suspicious login hour
DTAA/JCC0998,PC-3656,2010-11-10 21:41:00,21.0,login,,,,1,Suspicious login hour
DTAA/JCC0998,PC-3013,2010-11-10 21:49:00,21.0,login,,,,1,Suspicious login hour
DTAA/JCC0998,PC-1700,2010-11-10 21:53:00,21.0,login,,,,1,Suspicious login hour
DTAA/KEE0997,PC-0282,2010-11-10 21:57:00,21.0,login,,,,1,Suspicious login hour
DTAA/ELD1000,PC-3442,2010-11-10 22:04:00,22.0,login,,,,1,Suspicious login hour
DTAA/IRC0991,PC-1803,2010-11-10 22:04:00,22.0,login,,,,1,Suspicious login hour
DTAA/JCC0998,PC-3656,2010-11-10 22:06:00,22.0,login,,,,1,Suspicious login hour
DTAA/MSV0506,PC-3240,2010-11-10 22:13:00,22.0,login,,,,1,Suspicious login hour
DTAA/JTT0989,PC-1493,2010-11-10 22:15:00,22.0,login,,,,1,Suspicious login hour
DTAA/CLB0995,PC-0791,2010-11-10 22:16:00,22.0,login,,,,1,Suspicious login hour
DTAA/JTT0989,PC-1493,2010-11-10 22:21:00,22.0,login,,,,1,Suspicious login hour
DTAA/JCC0998,PC-1700,2010-11-10 22:24:00,22.0,login,,,,1,Suspicious login hour
DTAA/ELD1000,PC-3442,2010-11-10 22:28:00,22.0,login,,,,1,Suspicious login hour
DTAA/IRC0991,PC-1803,2010-11-10 22:33:00,22.0,login,,,,1,Suspicious login hour
DTAA/DDK0417,PC-0980,2010-11-10 22:40:00,22.0,login,,,,1,Suspicious login hour
DTAA/GYT0279,PC-2791,2010-11-10 22:45:00,22.0,login,,,,1,Suspicious login hour
DTAA/CLB0995,PC-0791,2010-11-10 22:48:00,22.0,login,,,,1,Suspicious login hour
DTAA/IRC0991,PC-0220,2010-11-10 22:57:00,22.0,login,,,,1,Suspicious login hour
DTAA/RBY0065,PC-2214,2010-11-10 23:11:00,23.0,login,,,,1,Suspicious login hour
DTAA/ELD1000,PC-1203,2010-11-10 23:21:00,23.0,login,,,,1,Suspicious login hour
DTAA/IRC0991,PC-4462,2010-11-10 23:31:00,23.0,login,,,,1,Suspicious login hour
DTAA/BJM0992,PC-2889,2010-11-10 23:38:00,23.0,login,,,,1,Suspicious login hour
DTAA/IRC0991,PC-0220,2010-11-10 23:39:00,23.0,login,,,,1,Suspicious login hour
DTAA/IRC0991,PC-4462,2010-11-10 23:41:00,23.0,login,,,,1,Suspicious login hour
DTAA/ELD1000,PC-1203,2010-11-10 23:47:00,23.0,login,,,,1,Suspicious login hour
DTAA/JAH0544,PC-4081,2010-11-10 23:50:00,23.0,login,,,,1,Suspicious login hour
DTAA/CRC0996,PC-2718,2010-11-10 23:56:00,23.0,login,,,,1,Suspicious login hour
DTAA/CRC0996,PC-2718,2010-11-10 23:57:00,23.0,login,,,,1,Suspicious login hour
DTAA/IRC0991,PC-3591,2010-11-11 00:06:00,0.0,login,,,,1,Suspicious login hour
DTAA/BJM0992,PC-2889,2010-11-11 00:12:00,0.0,login,,,,1,Suspicious login hour
DTAA/IRC0991,PC-3591,2010-11-11 00:13:00,0.0,login,,,,1,Suspicious login hour
DTAA/PJL0320,PC-1233,2010-11-11 00:28:00,0.0,login,,,,1,Suspicious login hour
DTAA/KEE0997,PC-1160,2010-11-11 01:22:00,1.0,login,,,,1,Suspicious login hour
DTAA/ARS0993,PC-2030,2010-11-11 01:38:00,1.0,login,,,,1,Suspicious login hour
DTAA/KEE0997,PC-1160,2010-11-11 01:44:00,1.0,login,,,,1,Suspicious login hour
DTAA/ARS0993,PC-2030,2010-11-11 01:48:00,1.0,login,,,,1,Suspicious login hour
DTAA/CRC0996,PC-0823,2010-11-11 02:00:00,2.0,login,,,,1,Suspicious login hour
DTAA/JAH0544,PC-4081,2010-11-11 02:02:00,2.0,login,,,,1,Suspicious login hour
DTAA/COS0121,PC-0462,2010-11-11 02:03:00,2.0,login,,,,1,Suspicious login hour
DTAA/ARS0993,PC-3879,2010-11-11 02:16:00,2.0,login,,,,1,Suspicious login hour
DTAA/CRC0996,PC-0823,2010-11-11 02:19:00,2.0,login,,,,1,Suspicious login hour
DTAA/CLN0999,PC-2680,2010-11-11 02:19:00,2.0,login,,,,1,Suspicious login hour
DTAA/ARS0993,PC-3879,2010-11-11 02:22:00,2.0,login,,,,1,Suspicious login hour
DTAA/CLN0999,PC-2680,2010-11-11 02:50:00,2.0,login,,,,1,Suspicious login hour
DTAA/ELD1000,PC-4820,2010-11-11 03:24:00,3.0,login,,,,1,Suspicious login hour
DTAA/CGM0994,PC-0834,2010-11-11 03:42:00,3.0,login,,,,1,Suspicious login hour
DTAA/ELD1000,PC-4820,2010-11-11 03:46:00,3.0,login,,,,1,Suspicious login hour
DTAA/CGM0994,PC-0834,2010-11-11 04:06:00,4.0,login,,,,1,Suspicious login hour
DTAA/BJM0992,PC-4075,2010-11-11 04:18:00,4.0,login,,,,1,Suspicious login hour
DTAA/PUH0847,PC-2550,2010-11-11 04:18:00,4.0,login,,,,1,Suspicious login hour
DTAA/CRC0996,PC-0831,2010-11-11 04:29:00,4.0,login,,,,1,Suspicious login hour
DTAA/DSM0990,PC-2888,2010-11-11 04:44:00,4.0,login,,,,1,Suspicious login hour
DTAA/CRC0996,PC-4152,2010-11-11 04:45:00,4.0,login,,,,1,Suspicious login hour
DTAA/BJM0992,PC-4075,2010-11-11 04:45:00,4.0,login,,,,1,Suspicious login hour
DTAA/CLB0995,PC-1380,2010-11-11 04:46:00,4.0,login,,,,1,Suspicious login hour
DTAA/DSM0990,PC-2888,2010-11-11 05:00:00,5.0,login,,,,1,Suspicious login hour
DTAA/CRC0996,PC-0831,2010-11-11 05:02:00,5.0,login,,,,1,Suspicious login hour
DTAA/CLB0995,PC-1380,2010-11-11 05:06:00,5.0,login,,,,1,Suspicious login hour
DTAA/PUH0847,PC-2550,2010-11-11 05:16:00,5.0,login,,,,1,Suspicious login hour
DTAA/CRC0996,PC-4152,2010-11-11 05:26:00,5.0,login,,,,1,Suspicious login hour
DTAA/NDS0490,PC-2549,2010-11-11 05:31:00,5.0,login,,,,1,Suspicious login hour
DTAA/DSH0627,PC-2474,2010-11-11 05:31:00,5.0,login,,,,1,Suspicious login hour
DTAA/COS0121,PC-0462,2010-11-11 05:34:00,5.0,login,,,,1,Suspicious login hour
DTAA/RBY0065,PC-2214,2010-11-11 05:37:00,5.0,login,,,,1,Suspicious login hour
DTAA/JTT0989,PC-4336,2010-11-11 05:39:00,5.0,login,,,,1,Suspicious login hour
DTAA/JTT0989,PC-4336,2010-11-11 05:45:00,5.0,login,,,,1,Suspicious login hour
DTAA/NDS0490,PC-2549,2010-11-11 05:50:00,5.0,login,,,,1,Suspicious login hour
DTAA/SAH0192,PC-4079,2010-11-11 21:03:00,21.0,login,,,,1,Suspicious login hour
DTAA/NAT0252,PC-1796,2010-11-11 21:10:00,21.0,login,,,,1,Suspicious login hour
DTAA/SKL0881,PC-1581,2010-11-11 21:13:00,21.0,login,,,,1,Suspicious login hour
DTAA/VAH0262,PC-1398,2010-11-11 21:16:00,21.0,login,,,,1,Suspicious login hour
DTAA/NDS0490,PC-2549,2010-11-11 21:25:00,21.0,login,,,,1,Suspicious login hour
DTAA/CGM0994,PC-3501,2010-11-11 21:36:00,21.0,login,,,,1,Suspicious login hour
DTAA/CLN0999,PC-1270,2010-11-11 21:40:00,21.0,login,,,,1,Suspicious login hour
DTAA/CLN0999,PC-1270,2010-11-11 21:48:00,21.0,login,,,,1,Suspicious login hour
DTAA/CGM0994,PC-3501,2010-11-11 21:54:00,21.0,login,,,,1,Suspicious login hour
DTAA/SAH0192,PC-4079,2010-11-11 22:19:00,22.0,login,,,,1,Suspicious login hour
DTAA/KAD0059,PC-4031,2010-11-11 22:19:00,22.0,login,,,,1,Suspicious login hour
DTAA/BJM0992,PC-2053,2010-11-11 22:22:00,22.0,login,,,,1,Suspicious login hour
DTAA/CMF0339,PC-1939,2010-11-11 23:00:00,23.0,login,,,,1,Suspicious login hour
DTAA/BJM0992,PC-2053,2010-11-11 23:02:00,23.0,login,,,,1,Suspicious login hour
DTAA/ELD1000,PC-3726,2010-11-11 23:16:00,23.0,login,,,,1,Suspicious login hour
DTAA/ELD1000,PC-3726,2010-11-12 00:00:00,0.0,login,,,,1,Suspicious login hour
DTAA/TKH0211,PC-0719,2010-11-12 00:29:00,0.0,login,,,,1,Suspicious login hour
DTAA/ELD1000,PC-0017,2010-11-12 00:32:00,0.0,login,,,,1,Suspicious login hour
DTAA/ELD1000,PC-0017,2010-11-12 00:37:00,0.0,login,,,,1,Suspicious login hour
DTAA/ARS0993,PC-0776,2010-11-12 00:53:00,0.0,login,,,,1,Suspicious login hour
DTAA/ELD1000,PC-1310,2010-11-12 00:56:00,0.0,login,,,,1,Suspicious login hour
DTAA/JTT0989,PC-0028,2010-11-12 01:07:00,1.0,login,,,,1,Suspicious login hour
DTAA/ARS0993,PC-0776,2010-11-12 01:20:00,1.0,login,,,,1,Suspicious login hour
DTAA/GRG0693,PC-3411,2010-11-12 01:25:00,1.0,login,,,,1,Suspicious login hour
DTAA/ELD1000,PC-1310,2010-11-12 01:26:00,1.0,login,,,,1,Suspicious login hour
DTAA/JCC0998,PC-2926,2010-11-12 01:31:00,1.0,login,,,,1,Suspicious login hour
DTAA/JTT0989,PC-0028,2010-11-12 01:34:00,1.0,login,,,,1,Suspicious login hour
DTAA/CRC0996,PC-4670,2010-11-12 01:34:00,1.0,login,,,,1,Suspicious login hour
DTAA/JTT0989,PC-4563,2010-11-12 01:40:00,1.0,login,,,,1,Suspicious login hour
DTAA/CRC0996,PC-4670,2010-11-12 01:40:00,1.0,login,,,,1,Suspicious login hour
DTAA/JCC0998,PC-4773,2010-11-12 01:40:00,1.0,login,,,,1,Suspicious login hour
DTAA/CDZ0056,PC-4052,2010-11-12 01:43:00,1.0,login,,,,1,Suspicious login hour
DTAA/KEE0997,PC-1822,2010-11-12 01:55:00,1.0,login,,,,1,Suspicious login hour
DTAA/TKH0211,PC-0719,2010-11-12 02:01:00,2.0,login,,,,1,Suspicious login hour
DTAA/JCC0998,PC-4773,2010-11-12 02:05:00,2.0,login,,,,1,Suspicious login hour
DTAA/BIR0534,PC-1834,2010-11-12 02:08:00,2.0,login,,,,1,Suspicious login hour
DTAA/DSM0990,PC-3391,2010-11-12 02:08:00,2.0,login,,,,1,Suspicious login hour
DTAA/JTT0989,PC-4563,2010-11-12 02:14:00,2.0,login,,,,1,Suspicious login hour
DTAA/JCC0998,PC-2926,2010-11-12 02:15:00,2.0,login,,,,1,Suspicious login hour
DTAA/IRC0991,PC-4696,2010-11-12 02:20:00,2.0,login,,,,1,Suspicious login hour
DTAA/KEE0997,PC-1822,2010-11-12 02:24:00,2.0,login,,,,1,Suspicious login hour
DTAA/DSM0990,PC-3391,2010-11-12 02:28:00,2.0,login,,,,1,Suspicious login hour
DTAA/IRC0991,PC-4696,2010-11-12 02:34:00,2.0,login,,,,1,Suspicious login hour
DTAA/GRG0693,PC-3411,2010-11-12 02:45:00,2.0,login,,,,1,Suspicious login hour
DTAA/CDZ0056,PC-4052,2010-11-12 02:52:00,2.0,login,,,,1,Suspicious login hour
DTAA/AJA0220,PC-3872,2010-11-12 03:41:00,3.0,login,,,,1,Suspicious login hour
DTAA/KEE0997,PC-0797,2010-11-12 04:26:00,4.0,login,,,,1,Suspicious login hour
DTAA/KEE0997,PC-0797,2010-11-12 04:38:00,4.0,login,,,,1,Suspicious login hour
DTAA/BIR0534,PC-1834,2010-11-12 04:48:00,4.0,login,,,,1,Suspicious login hour
DTAA/ELD1000,PC-1320,2010-11-12 04:50:00,4.0,login,,,,1,Suspicious login hour
DTAA/JTT0989,PC-2662,2010-11-12 04:51:00,4.0,login,,,,1,Suspicious login hour
DTAA/CMF0339,PC-1939,2010-11-12 04:51:00,4.0,login,,,,1,Suspicious login hour
DTAA/CLN0999,PC-2529,2010-11-12 05:07:00,5.0,login,,,,1,Suspicious login hour
DTAA/AJA0220,PC-3872,2010-11-12 05:15:00,5.0,login,,,,1,Suspicious login hour
DTAA/ELD1000,PC-4532,2010-11-12 05:16:00,5.0,login,,,,1,Suspicious login hour
DTAA/ELD1000,PC-4532,2010-11-12 05:18:00,5.0,login,,,,1,Suspicious login hour
DTAA/KAD0059,PC-4031,2010-11-12 05:28:00,5.0,login,,,,1,Suspicious login hour
DTAA/ELD1000,PC-1320,2010-11-12 05:30:00,5.0,login,,,,1,Suspicious login hour
DTAA/JTT0989,PC-2662,2010-11-12 05:33:00,5.0,login,,,,1,Suspicious login hour
DTAA/CLN0999,PC-2529,2010-11-12 05:38:00,5.0,login,,,,1,Suspicious login hour
DTAA/ELD1000,PC-2560,2010-11-12 05:42:00,5.0,login,,,,1,Suspicious login hour
DTAA/RBC0879,PC-1261,2010-11-12 05:47:00,5.0,login,,,,1,Suspicious login hour
DTAA/RBC0879,PC-1261,2010-11-12 05:53:00,5.0,login,,,,1,Suspicious login hour
DTAA/AGW0182,PC-4531,2010-11-12 21:01:00,21.0,login,,,,1,Suspicious login hour
DTAA/CRC0996,PC-4079,2010-11-12 21:04:00,21.0,login,,,,1,Suspicious login hour
DTAA/ODW0839,PC-1940,2010-11-12 21:05:00,21.0,login,,,,1,Suspicious login hour
DTAA/ELD1000,PC-3212,2010-11-12 21:06:00,21.0,login,,,,1,Suspicious login hour
DTAA/CRC0996,PC-4079,2010-11-12 21:09:00,21.0,login,,,,1,Suspicious login hour
DTAA/KEE0997,PC-0003,2010-11-12 21:10:00,21.0,login,,,,1,Suspicious login hour
DTAA/NAT0252,PC-1796,2010-11-12 21:15:00,21.0,login,,,,1,Suspicious login hour
DTAA/VAH0262,PC-1398,2010-11-12 21:18:00,21.0,login,,,,1,Suspicious login hour
DTAA/ARS0993,PC-4253,2010-11-12 21:19:00,21.0,login,,,,1,Suspicious login hour
DTAA/SKL0881,PC-1581,2010-11-12 21:20:00,21.0,login,,,,1,Suspicious login hour
DTAA/JCC0998,PC-1355,2010-11-12 21:22:00,21.0,login,,,,1,Suspicious login hour
DTAA/JCC0998,PC-1355,2010-11-12 21:24:00,21.0,login,,,,1,Suspicious login hour
DTAA/NDS0490,PC-2549,2010-11-12 21:28:00,21.0,login,,,,1,Suspicious login hour
DTAA/ELD1000,PC-4069,2010-11-12 21:28:00,21.0,login,,,,1,Suspicious login hour
DTAA/KEE0997,PC-0003,2010-11-12 21:32:00,21.0,login,,,,1,Suspicious login hour
DTAA/DSM0990,PC-2950,2010-11-12 21:42:00,21.0,login,,,,1,Suspicious login hour
DTAA/CRC0996,PC-3645,2010-11-12 21:43:00,21.0,login,,,,1,Suspicious login hour
DTAA/DSM0990,PC-2950,2010-11-12 21:43:00,21.0,login,,,,1,Suspicious login hour
DTAA/ARS0993,PC-4253,2010-11-12 21:48:00,21.0,login,,,,1,Suspicious login hour
DTAA/CRC0996,PC-3645,2010-11-12 22:05:00,22.0,login,,,,1,Suspicious login hour
DTAA/ELD1000,PC-4069,2010-11-12 22:07:00,22.0,login,,,,1,Suspicious login hour
DTAA/ELD1000,PC-1441,2010-11-12 22:08:00,22.0,login,,,,1,Suspicious login hour
DTAA/JLL0301,PC-0807,2010-11-12 22:14:00,22.0,login,,,,1,Suspicious login hour
DTAA/ELD1000,PC-1441,2010-11-12 22:35:00,22.0,login,,,,1,Suspicious login hour
DTAA/KEE0997,PC-0419,2010-11-12 22:45:00,22.0,login,,,,1,Suspicious login hour
DTAA/DFZ0063,PC-4442,2010-11-12 22:52:00,22.0,login,,,,1,Suspicious login hour
DTAA/KEE0997,PC-0419,2010-11-12 22:53:00,22.0,login,,,,1,Suspicious login hour
DTAA/WTA0867,PC-1522,2010-11-12 23:14:00,23.0,login,,,,1,Suspicious login hour
DTAA/IKH0904,PC-3664,2010-11-12 23:38:00,23.0,login,,,,1,Suspicious login hour
DTAA/ARS0993,PC-1848,2010-11-12 23:46:00,23.0,login,,,,1,Suspicious login hour
DTAA/ARS0993,PC-1582,2010-12-01 00:04:00,0.0,login,,,,1,Suspicious login hour
DTAA/JCC0998,PC-0791,2010-12-01 00:05:00,0.0,login,,,,1,Suspicious login hour
DTAA/KEE0997,PC-2286,2010-12-01 00:09:00,0.0,login,,,,1,Suspicious login hour
DTAA/JTT0989,PC-3644,2010-12-01 00:11:00,0.0,login,,,,1,Suspicious login hour
DTAA/EOS0972,PC-4981,2010-12-01 00:12:00,0.0,login,,,,1,Suspicious login hour
DTAA/CRC0996,PC-4442,2010-12-01 00:18:00,0.0,login,,,,1,Suspicious login hour
DTAA/BJM0992,PC-0823,2010-12-01 00:23:00,0.0,login,,,,1,Suspicious login hour
DTAA/JTT0989,PC-3644,2010-12-01 00:25:00,0.0,login,,,,1,Suspicious login hour
DTAA/KEE0997,PC-2286,2010-12-01 00:26:00,0.0,login,,,,1,Suspicious login hour
DTAA/CRC0996,PC-4039,2010-12-01 00:30:00,0.0,login,,,,1,Suspicious login hour
DTAA/CRC0996,PC-4039,2010-12-01 00:34:00,0.0,login,,,,1,Suspicious login hour
DTAA/CRC0996,PC-4442,2010-12-01 00:37:00,0.0,login,,,,1,Suspicious login hour
DTAA/BTW0973,PC-4462,2010-12-01 00:47:00,0.0,login,,,,1,Suspicious login hour
DTAA/BJM0992,PC-0823,2010-12-01 00:53:00,0.0,login,,,,1,Suspicious login hour
DTAA/IKH0904,PC-3664,2010-12-01 00:54:00,0.0,login,,,,1,Suspicious login hour
DTAA/JLL0301,PC-0807,2010-12-01 01:05:00,1.0,login,,,,1,Suspicious login hour
DTAA/ARS0993,PC-4462,2010-12-01 01:28:00,1.0,login,,,,1,Suspicious login hour
DTAA/BJM0992,PC-3591,2010-12-01 01:30:00,1.0,login,,,,1,Suspicious login hour
DTAA/BJM0992,PC-0633,2010-12-01 01:30:00,1.0,login,,,,1,Suspicious login hour
DTAA/JTT0989,PC-2198,2010-12-01 01:32:00,1.0,login,,,,1,Suspicious login hour
DTAA/BJM0992,PC-0633,2010-12-01 01:44:00,1.0,login,,,,1,Suspicious login hour
DTAA/BJM0992,PC-3591,2010-12-01 01:44:00,1.0,login,,,,1,Suspicious login hour
DTAA/KEE0997,PC-1401,2010-12-01 01:46:00,1.0,login,,,,1,Suspicious login hour
DTAA/ARS0993,PC-4462,2010-12-01 01:48:00,1.0,login,,,,1,Suspicious login hour
DTAA/JCC0998,PC-1046,2010-12-01 02:02:00,2.0,login,,,,1,Suspicious login hour
DTAA/KEE0997,PC-1401,2010-12-01 02:05:00,2.0,login,,,,1,Suspicious login hour
DTAA/JTT0989,PC-2198,2010-12-01 02:07:00,2.0,login,,,,1,Suspicious login hour
DTAA/JCC0998,PC-1046,2010-12-01 02:11:00,2.0,login,,,,1,Suspicious login hour
DTAA/JGC0775,PC-2680,2010-12-01 02:25:00,2.0,login,,,,1,Suspicious login hour
DTAA/CLB0995,PC-2668,2010-12-01 02:48:00,2.0,login,,,,1,Suspicious login hour
DTAA/JGC0775,PC-2680,2010-12-01 02:56:00,2.0,login,,,,1,Suspicious login hour
DTAA/CLB0995,PC-2668,2010-12-01 03:00:00,3.0,login,,,,1,Suspicious login hour
DTAA/JCC0998,PC-3392,2010-12-01 03:03:00,3.0,login,,,,1,Suspicious login hour
DTAA/JCC0998,PC-3392,2010-12-01 03:13:00,3.0,login,,,,1,Suspicious login hour
DTAA/CRC0996,PC-2876,2010-12-01 03:24:00,3.0,login,,,,1,Suspicious login hour
DTAA/WOT0549,PC-0304,2010-12-01 03:36:00,3.0,login,,,,1,Suspicious login hour
DTAA/IRC0991,PC-3185,2010-12-01 03:38:00,3.0,login,,,,1,Suspicious login hour
DTAA/IRC0991,PC-3185,2010-12-01 03:39:00,3.0,login,,,,1,Suspicious login hour
DTAA/KEE0997,PC-2368,2010-12-01 03:39:00,3.0,login,,,,1,Suspicious login hour
DTAA/DIS0382,PC-2501,2010-12-01 03:40:00,3.0,login,,,,1,Suspicious login hour
DTAA/BJM0992,PC-2882,2010-12-01 03:42:00,3.0,login,,,,1,Suspicious login hour
DTAA/CTH0856,PC-4677,2010-12-01 03:43:00,3.0,login,,,,1,Suspicious login hour
DTAA/IRC0991,PC-0932,2010-12-01 03:50:00,3.0,login,,,,1,Suspicious login hour
DTAA/KEE0997,PC-3021,2010-12-01 03:51:00,3.0,login,,,,1,Suspicious login hour
DTAA/BJM0992,PC-2882,2010-12-01 04:01:00,4.0,login,,,,1,Suspicious login hour
DTAA/HCG0731,PC-4643,2010-12-01 04:03:00,4.0,login,,,,1,Suspicious login hour
DTAA/CRC0996,PC-2876,2010-12-01 04:04:00,4.0,login,,,,1,Suspicious login hour
DTAA/CLN0999,PC-3656,2010-12-01 04:08:00,4.0,login,,,,1,Suspicious login hour
DTAA/CLN0999,PC-3656,2010-12-01 04:14:00,4.0,login,,,,1,Suspicious login hour
DTAA/IRC0991,PC-0932,2010-12-01 04:16:00,4.0,login,,,,1,Suspicious login hour
DTAA/KEE0997,PC-3021,2010-12-01 04:16:00,4.0,login,,,,1,Suspicious login hour
DTAA/KEE0997,PC-2368,2010-12-01 04:18:00,4.0,login,,,,1,Suspicious login hour
DTAA/WOT0549,PC-0304,2010-12-01 04:19:00,4.0,login,,,,1,Suspicious login hour
DTAA/ARS0993,PC-2643,2010-12-01 04:20:00,4.0,login,,,,1,Suspicious login hour
DTAA/BTW0973,PC-4462,2010-12-01 04:25:00,4.0,login,,,,1,Suspicious login hour
DTAA/SJH0588,PC-2512,2010-12-01 04:38:00,4.0,login,,,,1,Suspicious login hour
DTAA/DIS0382,PC-2501,2010-12-01 04:44:00,4.0,login,,,,1,Suspicious login hour
DTAA/ARS0993,PC-2643,2010-12-01 05:05:00,5.0,login,,,,1,Suspicious login hour
DTAA/CLN0999,PC-2161,2010-12-01 05:35:00,5.0,login,,,,1,Suspicious login hour
DTAA/KEE0997,PC-0081,2010-12-01 05:42:00,5.0,login,,,,1,Suspicious login hour
DTAA/SRN0275,PC-3531,2010-12-01 05:44:00,5.0,login,,,,1,Suspicious login hour
DTAA/CTH0856,PC-4677,2010-12-01 05:47:00,5.0,login,,,,1,Suspicious login hour
DTAA/DSM0990,PC-0406,2010-12-01 05:48:00,5.0,login,,,,1,Suspicious login hour
DTAA/DSM0990,PC-0406,2010-12-01 05:54:00,5.0,login,,,,1,Suspicious login hour
DTAA/KEE0997,PC-0081,2010-12-01 05:55:00,5.0,login,,,,1,Suspicious login hour
DTAA/SKL0881,PC-1581,2010-12-01 21:11:00,21.0,login,,,,1,Suspicious login hour
DTAA/JTT0989,PC-4081,2010-12-01 21:13:00,21.0,login,,,,1,Suspicious login hour
DTAA/VAH0262,PC-1398,2010-12-01 21:17:00,21.0,login,,,,1,Suspicious login hour
DTAA/NAT0252,PC-1796,2010-12-01 21:19:00,21.0,login,,,,1,Suspicious login hour
DTAA/CLN0999,PC-1089,2010-12-01 21:19:00,21.0,login,,,,1,Suspicious login hour
DTAA/CLN0999,PC-1089,2010-12-01 21:20:00,21.0,login,,,,1,Suspicious login hour
DTAA/NDS0490,PC-2549,2010-12-01 21:29:00,21.0,login,,,,1,Suspicious login hour
DTAA/JTT0989,PC-4820,2010-12-01 21:34:00,21.0,login,,,,1,Suspicious login hour
DTAA/RBY0065,PC-2214,2010-12-01 21:45:00,21.0,login,,,,1,Suspicious login hour
DTAA/ARS0993,PC-4482,2010-12-01 21:49:00,21.0,login,,,,1,Suspicious login hour
DTAA/JAH0544,PC-4081,2010-12-01 22:04:00,22.0,login,,,,1,Suspicious login hour
DTAA/ARS0993,PC-4482,2010-12-01 22:06:00,22.0,login,,,,1,Suspicious login hour
DTAA/KEE0997,PC-0942,2010-12-01 22:08:00,22.0,login,,,,1,Suspicious login hour
DTAA/JTT0989,PC-4820,2010-12-01 22:17:00,22.0,login,,,,1,Suspicious login hour
DTAA/JAH0544,PC-4081,2010-12-01 22:19:00,22.0,login,,,,1,Suspicious login hour
DTAA/KEE0997,PC-0942,2010-12-01 22:20:00,22.0,login,,,,1,Suspicious login hour
DTAA/JCC0998,PC-1270,2010-12-01 22:46:00,22.0,login,,,,1,Suspicious login hour
DTAA/JTT0989,PC-1075,2010-12-01 22:50:00,22.0,login,,,,1,Suspicious login hour
DTAA/JTT0989,PC-1075,2010-12-01 23:05:00,23.0,login,,,,1,Suspicious login hour
DTAA/JCC0998,PC-1270,2010-12-01 23:24:00,23.0,login,,,,1,Suspicious login hour
DTAA/JCC0998,PC-4361,2010-12-01 23:27:00,23.0,login,,,,1,Suspicious login hour
DTAA/CDZ0056,PC-4052,2010-12-01 23:35:00,23.0,login,,,,1,Suspicious login hour
DTAA/CLN0999,PC-2214,2010-12-01 23:55:00,23.0,login,,,,1,Suspicious login hour
DTAA/JCC0998,PC-4361,2010-12-01 23:58:00,23.0,login,,,,1,Suspicious login hour
DTAA/CLN0999,PC-2214,2010-12-02 00:01:00,0.0,login,,,,1,Suspicious login hour
DTAA/KEE0997,PC-0290,2010-12-02 00:37:00,0.0,login,,,,1,Suspicious login hour
DTAA/ELD1000,PC-0497,2010-12-02 00:48:00,0.0,login,,,,1,Suspicious login hour
DTAA/SAP0304,PC-1331,2010-12-02 00:55:00,0.0,login,,,,1,Suspicious login hour
DTAA/KEE0997,PC-3330,2010-12-02 01:01:00,1.0,login,,,,1,Suspicious login hour
DTAA/PUH0847,PC-2550,2010-12-02 01:02:00,1.0,login,,,,1,Suspicious login hour
DTAA/KEE0997,PC-0290,2010-12-02 01:11:00,1.0,login,,,,1,Suspicious login hour
DTAA/ARS0993,PC-2680,2010-12-02 01:19:00,1.0,login,,,,1,Suspicious login hour
DTAA/ARS0993,PC-2680,2010-12-02 01:20:00,1.0,login,,,,1,Suspicious login hour
DTAA/NDS0490,PC-2549,2010-12-02 01:22:00,1.0,login,,,,1,Suspicious login hour
DTAA/ELD1000,PC-0497,2010-12-02 01:28:00,1.0,login,,,,1,Suspicious login hour
DTAA/ARS0993,PC-3645,2010-12-02 01:29:00,1.0,login,,,,1,Suspicious login hour
DTAA/ARS0993,PC-3645,2010-12-02 01:36:00,1.0,login,,,,1,Suspicious login hour
DTAA/KEE0997,PC-3330,2010-12-02 01:37:00,1.0,login,,,,1,Suspicious login hour
DTAA/BJM0992,PC-2395,2010-12-02 01:47:00,1.0,login,,,,1,Suspicious login hour
DTAA/DDK0417,PC-0980,2010-12-02 02:18:00,2.0,login,,,,1,Suspicious login hour
DTAA/SAH0192,PC-4079,2010-12-02 02:25:00,2.0,login,,,,1,Suspicious login hour
DTAA/BJM0992,PC-2395,2010-12-02 02:26:00,2.0,login,,,,1,Suspicious login hour
DTAA/IRC0991,PC-4225,2010-12-02 02:41:00,2.0,login,,,,1,Suspicious login hour
DTAA/IRC0991,PC-4225,2010-12-02 03:02:00,3.0,login,,,,1,Suspicious login hour
DTAA/COS0121,PC-0462,2010-12-02 03:02:00,3.0,login,,,,1,Suspicious login hour
DTAA/JTT0989,PC-3726,2010-12-02 03:08:00,3.0,login,,,,1,Suspicious login hour
DTAA/COS0121,PC-0462,2010-12-02 03:34:00,3.0,login,,,,1,Suspicious login hour
DTAA/JTT0989,PC-3726,2010-12-02 03:46:00,3.0,login,,,,1,Suspicious login hour
DTAA/MSV0506,PC-3240,2010-12-02 04:00:00,4.0,login,,,,1,Suspicious login hour
DTAA/DSH0627,PC-2474,2010-12-02 04:10:00,4.0,login,,,,1,Suspicious login hour
DTAA/JTT0989,PC-1638,2010-12-02 04:20:00,4.0,login,,,,1,Suspicious login hour
DTAA/CLN0999,PC-1535,2010-12-02 04:22:00,4.0,login,,,,1,Suspicious login hour
DTAA/CGM0994,PC-1380,2010-12-02 04:27:00,4.0,login,,,,1,Suspicious login hour
DTAA/CLN0999,PC-1535,2010-12-02 04:32:00,4.0,login,,,,1,Suspicious login hour
DTAA/PJL0320,PC-1233,2010-12-02 04:37:00,4.0,login,,,,1,Suspicious login hour
DTAA/TKH0211,PC-0719,2010-12-02 04:48:00,4.0,login,,,,1,Suspicious login hour
DTAA/JTT0989,PC-1638,2010-12-02 04:57:00,4.0,login,,,,1,Suspicious login hour
DTAA/CGM0994,PC-1380,2010-12-02 05:00:00,5.0,login,,,,1,Suspicious login hour
DTAA/TKH0211,PC-0719,2010-12-02 05:22:00,5.0,login,,,,1,Suspicious login hour
DTAA/SAP0304,PC-1331,2010-12-02 05:44:00,5.0,login,,,,1,Suspicious login hour
DTAA/NDS0490,PC-2549,2010-12-02 05:46:00,5.0,login,,,,1,Suspicious login hour
DTAA/DDK0417,PC-0980,2010-12-02 05:53:00,5.0,login,,,,1,Suspicious login hour
DTAA/BJM0992,PC-0834,2010-12-02 21:00:00,21.0,login,,,,1,Suspicious login hour
DTAA/VAH0262,PC-1398,2010-12-02 21:10:00,21.0,login,,,,1,Suspicious login hour
DTAA/GRG0693,PC-3411,2010-12-02 21:10:00,21.0,login,,,,1,Suspicious login hour
DTAA/CRC0996,PC-2926,2010-12-02 21:13:00,21.0,login,,,,1,Suspicious login hour
DTAA/SKL0881,PC-1581,2010-12-02 21:16:00,21.0,login,,,,1,Suspicious login hour
DTAA/NAT0252,PC-1796,2010-12-02 21:16:00,21.0,login,,,,1,Suspicious login hour
DTAA/ARS0993,PC-2030,2010-12-02 21:23:00,21.0,login,,,,1,Suspicious login hour
DTAA/NDS0490,PC-2549,2010-12-02 21:33:00,21.0,login,,,,1,Suspicious login hour
DTAA/CLB0995,PC-3261,2010-12-02 22:19:00,22.0,login,,,,1,Suspicious login hour
DTAA/ELD1000,PC-0196,2010-12-02 22:20:00,22.0,login,,,,1,Suspicious login hour
DTAA/ELD1000,PC-0196,2010-12-02 22:21:00,22.0,login,,,,1,Suspicious login hour
DTAA/CLB0995,PC-3261,2010-12-02 22:29:00,22.0,login,,,,1,Suspicious login hour
DTAA/BJM0992,PC-3766,2010-12-02 22:48:00,22.0,login,,,,1,Suspicious login hour
DTAA/MCH0530,PC-4577,2010-12-02 22:59:00,22.0,login,,,,1,Suspicious login hour
DTAA/BJM0992,PC-3766,2010-12-02 23:33:00,23.0,login,,,,1,Suspicious login hour
DTAA/IRC0991,PC-2888,2010-12-02 23:39:00,23.0,login,,,,1,Suspicious login hour
DTAA/ARS0993,PC-4573,2010-12-02 23:54:00,23.0,login,,,,1,Suspicious login hour
DTAA/ARS0993,PC-4573,2010-12-03 00:09:00,0.0,login,,,,1,Suspicious login hour
DTAA/ELD1000,PC-1822,2010-12-03 00:12:00,0.0,login,,,,1,Suspicious login hour
DTAA/IRC0991,PC-2888,2010-12-03 00:20:00,0.0,login,,,,1,Suspicious login hour
DTAA/ELD1000,PC-0303,2010-12-03 00:41:00,0.0,login,,,,1,Suspicious login hour
DTAA/ELD1000,PC-1822,2010-12-03 00:44:00,0.0,login,,,,1,Suspicious login hour
DTAA/KAD0059,PC-4031,2010-12-03 00:45:00,0.0,login,,,,1,Suspicious login hour
DTAA/JCC0998,PC-2015,2010-12-03 00:57:00,0.0,login,,,,1,Suspicious login hour
DTAA/ELD1000,PC-0303,2010-12-03 01:00:00,1.0,login,,,,1,Suspicious login hour
DTAA/NHL0253,PC-3339,2010-12-03 01:04:00,1.0,login,,,,1,Suspicious login hour
DTAA/JCC0998,PC-2015,2010-12-03 01:05:00,1.0,login,,,,1,Suspicious login hour
DTAA/KEE0997,PC-4625,2010-12-03 01:15:00,1.0,login,,,,1,Suspicious login hour
DTAA/CTH0082,PC-4582,2010-12-03 01:40:00,1.0,login,,,,1,Suspicious login hour
DTAA/KEE0997,PC-4625,2010-12-03 01:55:00,1.0,login,,,,1,Suspicious login hour
DTAA/IRC0991,PC-3818,2010-12-03 02:15:00,2.0,login,,,,1,Suspicious login hour
DTAA/IRC0991,PC-3818,2010-12-03 02:16:00,2.0,login,,,,1,Suspicious login hour
DTAA/CGM0994,PC-2219,2010-12-03 02:20:00,2.0,login,,,,1,Suspicious login hour
DTAA/AJA0220,PC-3872,2010-12-03 02:34:00,2.0,login,,,,1,Suspicious login hour
DTAA/RAH0968,PC-3119,2010-12-03 02:35:00,2.0,login,,,,1,Suspicious login hour
DTAA/CGM0994,PC-1431,2010-12-03 02:38:00,2.0,login,,,,1,Suspicious login hour
DTAA/NHL0253,PC-3339,2010-12-03 02:53:00,2.0,login,,,,1,Suspicious login hour
DTAA/CGM0994,PC-2219,2010-12-03 03:00:00,3.0,login,,,,1,Suspicious login hour
DTAA/JTT0989,PC-4328,2010-12-03 03:05:00,3.0,login,,,,1,Suspicious login hour
DTAA/RBC0879,PC-1261,2010-12-03 03:06:00,3.0,login,,,,1,Suspicious login hour
DTAA/GRG0693,PC-3411,2010-12-03 03:09:00,3.0,login,,,,1,Suspicious login hour
DTAA/CGM0994,PC-1431,2010-12-03 03:17:00,3.0,login,,,,1,Suspicious login hour
DTAA/KAD0059,PC-4031,2010-12-03 03:18:00,3.0,login,,,,1,Suspicious login hour
DTAA/CGM0994,PC-4563,2010-12-03 03:18:00,3.0,login,,,,1,Suspicious login hour
DTAA/CGM0994,PC-4563,2010-12-03 03:22:00,3.0,login,,,,1,Suspicious login hour
DTAA/JTT0989,PC-4328,2010-12-03 03:27:00,3.0,login,,,,1,Suspicious login hour
DTAA/KEE0997,PC-4532,2010-12-03 03:28:00,3.0,login,,,,1,Suspicious login hour
DTAA/ARS0993,PC-0776,2010-12-03 03:35:00,3.0,login,,,,1,Suspicious login hour
DTAA/KEE0997,PC-4532,2010-12-03 03:58:00,3.0,login,,,,1,Suspicious login hour
DTAA/ELD1000,PC-4069,2010-12-03 03:58:00,3.0,login,,,,1,Suspicious login hour
DTAA/ARS0993,PC-0776,2010-12-03 04:03:00,4.0,login,,,,1,Suspicious login hour
DTAA/RAH0968,PC-3119,2010-12-03 04:07:00,4.0,login,,,,1,Suspicious login hour
DTAA/ELD1000,PC-4069,2010-12-03 04:22:00,4.0,login,,,,1,Suspicious login hour
DTAA/EOS0972,PC-4981,2010-12-03 04:42:00,4.0,login,,,,1,Suspicious login hour
DTAA/IRC0991,PC-1355,2010-12-03 04:55:00,4.0,login,,,,1,Suspicious login hour
DTAA/IRC0991,PC-2492,2010-12-03 05:04:00,5.0,login,,,,1,Suspicious login hour
DTAA/IRC0991,PC-1355,2010-12-03 05:05:00,5.0,login,,,,1,Suspicious login hour
DTAA/BIR0534,PC-1834,2010-12-03 05:14:00,5.0,login,,,,1,Suspicious login hour
DTAA/IRC0991,PC-2492,2010-12-03 05:16:00,5.0,login,,,,1,Suspicious login hour
DTAA/CLN0999,PC-2359,2010-12-03 05:21:00,5.0,login,,,,1,Suspicious login hour
DTAA/CLN0999,PC-2359,2010-12-03 05:23:00,5.0,login,,,,1,Suspicious login hour
DTAA/EOS0972,PC-4981,2010-12-03 05:25:00,5.0,login,,,,1,Suspicious login hour
DTAA/CRC0996,PC-3212,2010-12-03 05:31:00,5.0,login,,,,1,Suspicious login hour
DTAA/RBC0879,PC-1261,2010-12-03 05:34:00,5.0,login,,,,1,Suspicious login hour
DTAA/BIR0534,PC-1834,2010-12-03 05:57:00,5.0,login,,,,1,Suspicious login hour
DTAA/ARC0677,PC-0465,2010-12-03 21:05:00,21.0,login,,,,1,Suspicious login hour
DTAA/ODW0839,PC-1940,2010-12-03 21:06:00,21.0,login,,,,1,Suspicious login hour
DTAA/CLN0999,PC-3359,2010-12-03 21:16:00,21.0,login,,,,1,Suspicious login hour
DTAA/NAT0252,PC-1796,2010-12-03 21:16:00,21.0,login,,,,1,Suspicious login hour
DTAA/CLN0999,PC-3359,2010-12-03 21:19:00,21.0,login,,,,1,Suspicious login hour
DTAA/SKL0881,PC-1581,2010-12-03 21:20:00,21.0,login,,,,1,Suspicious login hour
DTAA/VAH0262,PC-1398,2010-12-03 21:24:00,21.0,login,,,,1,Suspicious login hour
DTAA/IRC0991,PC-0797,2010-12-03 21:33:00,21.0,login,,,,1,Suspicious login hour
DTAA/NDS0490,PC-2549,2010-12-03 21:36:00,21.0,login,,,,1,Suspicious login hour
DTAA/IRC0991,PC-0797,2010-12-03 21:39:00,21.0,login,,,,1,Suspicious login hour
DTAA/JTT0989,PC-0472,2010-12-03 21:40:00,21.0,login,,,,1,Suspicious login hour
DTAA/JTT0989,PC-0472,2010-12-03 21:42:00,21.0,login,,,,1,Suspicious login hour
DTAA/CLB0995,PC-1389,2010-12-03 21:58:00,21.0,login,,,,1,Suspicious login hour
DTAA/CLB0995,PC-0419,2010-12-03 22:07:00,22.0,login,,,,1,Suspicious login hour
DTAA/BJM0992,PC-2662,2010-12-03 22:12:00,22.0,login,,,,1,Suspicious login hour
DTAA/CLB0995,PC-1389,2010-12-03 22:23:00,22.0,login,,,,1,Suspicious login hour
DTAA/IRC0991,PC-1174,2010-12-03 22:29:00,22.0,login,,,,1,Suspicious login hour
DTAA/BJM0992,PC-2662,2010-12-03 22:32:00,22.0,login,,,,1,Suspicious login hour
DTAA/JCC0998,PC-3136,2010-12-03 22:33:00,22.0,login,,,,1,Suspicious login hour
DTAA/CLB0995,PC-0419,2010-12-03 22:47:00,22.0,login,,,,1,Suspicious login hour
DTAA/ZAB0889,PC-2844,2010-12-03 22:51:00,22.0,login,,,,1,Suspicious login hour
DTAA/JCC0998,PC-3136,2010-12-03 22:54:00,22.0,login,,,,1,Suspicious login hour
DTAA/ABS0726,PC-3698,2010-12-03 23:04:00,23.0,login,,,,1,Suspicious login hour
DTAA/JCC0998,PC-4694,2010-12-03 23:07:00,23.0,login,,,,1,Suspicious login hour
DTAA/IRC0991,PC-1174,2010-12-03 23:13:00,23.0,login,,,,1,Suspicious login hour
DTAA/CLN0999,PC-3588,2010-12-03 23:20:00,23.0,login,,,,1,Suspicious login hour
DTAA/BJM0992,PC-0075,2010-12-03 23:20:00,23.0,login,,,,1,Suspicious login hour
DTAA/HCG0731,PC-4643,2010-12-03 23:26:00,23.0,login,,,,1,Suspicious login hour
DTAA/DSM0990,PC-1763,2010-12-03 23:31:00,23.0,login,,,,1,Suspicious login hour
DTAA/DSM0990,PC-1763,2010-12-03 23:33:00,23.0,login,,,,1,Suspicious login hour
DTAA/JCC0998,PC-4694,2010-12-03 23:46:00,23.0,login,,,,1,Suspicious login hour
DTAA/CLN0999,PC-3588,2010-12-03 23:50:00,23.0,login,,,,1,Suspicious login hour
DTAA/BJM0992,PC-0075,2010-12-04 00:01:00,0.0,login,,,,1,Suspicious login hour
DTAA/ABS0726,PC-3698,2010-12-04 01:01:00,1.0,login,,,,1,Suspicious login hour
DTAA/CTF0687,PC-2959,2010-12-04 01:14:00,1.0,login,,,,1,Suspicious login hour
DTAA/CTF0687,PC-2959,2010-12-04 02:45:00,2.0,login,,,,1,Suspicious login hour
DTAA/LJR0772,PC-3780,2010-12-04 02:48:00,2.0,login,,,,1,Suspicious login hour
DTAA/LJR0772,PC-3780,2010-12-04 03:51:00,3.0,login,,,,1,Suspicious login hour
DTAA/STF0145,PC-0191,2010-12-04 04:18:00,4.0,login,,,,1,Suspicious login hour
DTAA/PCM0846,PC-1898,2010-12-04 05:17:00,5.0,login,,,,1,Suspicious login hour
DTAA/JGC0775,PC-2680,2010-12-04 05:29:00,5.0,login,,,,1,Suspicious login hour
DTAA/HCG0731,PC-4643,2010-12-04 05:36:00,5.0,login,,,,1,Suspicious login hour
DTAA/JGC0775,PC-2680,2010-12-04 05:39:00,5.0,login,,,,1,Suspicious login hour
DTAA/ZAB0889,PC-2844,2010-12-04 05:46:00,5.0,login,,,,1,Suspicious login hour
DTAA/JTT0989,PC-2520,2010-12-06 00:24:00,0.0,login,,,,1,Suspicious login hour
DTAA/CRC0996,PC-1569,2010-12-06 00:45:00,0.0,login,,,,1,Suspicious login hour
DTAA/CRC0996,PC-1569,2010-12-06 00:46:00,0.0,login,,,,1,Suspicious login hour
DTAA/JTT0989,PC-2520,2010-12-06 01:05:00,1.0,login,,,,1,Suspicious login hour
DTAA/IRC0991,PC-2333,2010-12-06 01:32:00,1.0,login,,,,1,Suspicious login hour
DTAA/KEE0997,PC-2881,2010-12-06 01:43:00,1.0,login,,,,1,Suspicious login hour
DTAA/IRC0991,PC-2333,2010-12-06 02:16:00,2.0,login,,,,1,Suspicious login hour
DTAA/DSM0990,PC-0799,2010-12-06 02:19:00,2.0,login,,,,1,Suspicious login hour
DTAA/KEE0997,PC-2881,2010-12-06 02:24:00,2.0,login,,,,1,Suspicious login hour
DTAA/CLN0999,PC-0726,2010-12-06 02:47:00,2.0,login,,,,1,Suspicious login hour
DTAA/CLN0999,PC-0805,2010-12-06 02:48:00,2.0,login,,,,1,Suspicious login hour
DTAA/CLN0999,PC-0805,2010-12-06 02:52:00,2.0,login,,,,1,Suspicious login hour
DTAA/DSM0990,PC-0799,2010-12-06 02:56:00,2.0,login,,,,1,Suspicious login hour
DTAA/CLN0999,PC-0726,2010-12-06 03:06:00,3.0,login,,,,1,Suspicious login hour
DTAA/CLN0999,PC-0702,2010-12-06 04:02:00,4.0,login,,,,1,Suspicious login hour
DTAA/CLN0999,PC-0702,2010-12-06 04:17:00,4.0,login,,,,1,Suspicious login hour
DTAA/BJM0992,PC-2751,2010-12-06 04:34:00,4.0,login,,,,1,Suspicious login hour
DTAA/ELD1000,PC-0719,2010-12-06 04:37:00,4.0,login,,,,1,Suspicious login hour
DTAA/JCC0998,PC-3826,2010-12-06 04:47:00,4.0,login,,,,1,Suspicious login hour
DTAA/JCC0998,PC-3826,2010-12-06 04:51:00,4.0,login,,,,1,Suspicious login hour
DTAA/BJM0992,PC-2751,2010-12-06 05:11:00,5.0,login,,,,1,Suspicious login hour
DTAA/ELD1000,PC-0719,2010-12-06 05:22:00,5.0,login,,,,1,Suspicious login hour
DTAA/DSM0990,PC-0431,2010-12-06 05:35:00,5.0,login,,,,1,Suspicious login hour
DTAA/DSM0990,PC-0431,2010-12-06 05:35:00,5.0,login,,,,1,Suspicious login hour
DTAA/ODW0839,PC-1940,2010-12-06 21:00:00,21.0,login,,,,1,Suspicious login hour
DTAA/ARC0677,PC-0465,2010-12-06 21:04:00,21.0,login,,,,1,Suspicious login hour
DTAA/NAT0252,PC-1796,2010-12-06 21:10:00,21.0,login,,,,1,Suspicious login hour
DTAA/SKL0881,PC-1581,2010-12-06 21:12:00,21.0,login,,,,1,Suspicious login hour
DTAA/VAH0262,PC-1398,2010-12-06 21:18:00,21.0,login,,,,1,Suspicious login hour
DTAA/NDS0490,PC-2549,2010-12-06 21:38:00,21.0,login,,,,1,Suspicious login hour
DTAA/ELD1000,PC-1374,2010-12-06 22:03:00,22.0,login,,,,1,Suspicious login hour
DTAA/JTT0989,PC-4252,2010-12-06 22:22:00,22.0,login,,,,1,Suspicious login hour
DTAA/ELD1000,PC-4887,2010-12-06 22:29:00,22.0,login,,,,1,Suspicious login hour
DTAA/JCS0873,PC-1560,2010-12-06 22:30:00,22.0,login,,,,1,Suspicious login hour
DTAA/ELD1000,PC-4887,2010-12-06 22:31:00,22.0,login,,,,1,Suspicious login hour
DTAA/JTT0989,PC-4252,2010-12-06 22:32:00,22.0,login,,,,1,Suspicious login hour
DTAA/CLN0999,PC-0593,2010-12-06 22:34:00,22.0,login,,,,1,Suspicious login hour
DTAA/ELD1000,PC-1374,2010-12-06 22:43:00,22.0,login,,,,1,Suspicious login hour
DTAA/KEE0997,PC-4950,2010-12-06 22:47:00,22.0,login,,,,1,Suspicious login hour
DTAA/CLN0999,PC-0593,2010-12-06 22:54:00,22.0,login,,,,1,Suspicious login hour
DTAA/CLN0999,PC-3949,2010-12-06 23:04:00,23.0,login,,,,1,Suspicious login hour
DTAA/CLN0999,PC-3949,2010-12-06 23:14:00,23.0,login,,,,1,Suspicious login hour
DTAA/KEE0997,PC-4950,2010-12-06 23:16:00,23.0,login,,,,1,Suspicious login hour
DTAA/KAD0059,PC-4031,2010-12-06 23:19:00,23.0,login,,,,1,Suspicious login hour
DTAA/CLB0995,PC-1796,2010-12-06 23:31:00,23.0,login,,,,1,Suspicious login hour
DTAA/KAD0059,PC-4031,2010-12-06 23:36:00,23.0,login,,,,1,Suspicious login hour
DTAA/CLB0995,PC-1796,2010-12-06 23:36:00,23.0,login,,,,1,Suspicious login hour
DTAA/JTT0989,PC-2848,2010-12-06 23:37:00,23.0,login,,,,1,Suspicious login hour
DTAA/JTT0989,PC-2848,2010-12-06 23:44:00,23.0,login,,,,1,Suspicious login hour
DTAA/HTS0265,PC-1744,2010-12-06 23:47:00,23.0,login,,,,1,Suspicious login hour
DTAA/BJM0992,PC-1331,2010-12-07 00:11:00,0.0,login,,,,1,Suspicious login hour
DTAA/JCC0998,PC-2889,2010-12-07 00:13:00,0.0,login,,,,1,Suspicious login hour
DTAA/JCC0998,PC-2889,2010-12-07 00:42:00,0.0,login,,,,1,Suspicious login hour
DTAA/CLN0999,PC-1069,2010-12-07 00:43:00,0.0,login,,,,1,Suspicious login hour
DTAA/CLN0999,PC-1069,2010-12-07 00:44:00,0.0,login,,,,1,Suspicious login hour
DTAA/BJM0992,PC-1331,2010-12-07 00:50:00,0.0,login,,,,1,Suspicious login hour
DTAA/DSM0990,PC-3713,2010-12-07 00:51:00,0.0,login,,,,1,Suspicious login hour
DTAA/JTT0989,PC-3120,2010-12-07 01:08:00,1.0,login,,,,1,Suspicious login hour
DTAA/DSM0990,PC-3713,2010-12-07 01:10:00,1.0,login,,,,1,Suspicious login hour
DTAA/AJP0553,PC-1270,2010-12-07 01:22:00,1.0,login,,,,1,Suspicious login hour
DTAA/CGM0994,PC-1775,2010-12-07 01:32:00,1.0,login,,,,1,Suspicious login hour
DTAA/HTS0265,PC-1744,2010-12-07 01:34:00,1.0,login,,,,1,Suspicious login hour
DTAA/JTT0989,PC-3120,2010-12-07 01:39:00,1.0,login,,,,1,Suspicious login hour
DTAA/ARS0993,PC-2469,2010-12-07 01:41:00,1.0,login,,,,1,Suspicious login hour
DTAA/AMA0191,PC-4736,2010-12-07 01:42:00,1.0,login,,,,1,Suspicious login hour
DTAA/IRC0991,PC-1494,2010-12-07 01:46:00,1.0,login,,,,1,Suspicious login hour
DTAA/JTT0989,PC-2790,2010-12-07 01:55:00,1.0,login,,,,1,Suspicious login hour
DTAA/ARS0993,PC-2469,2010-12-07 01:55:00,1.0,login,,,,1,Suspicious login hour
DTAA/IRC0991,PC-3780,2010-12-07 02:00:00,2.0,login,,,,1,Suspicious login hour
DTAA/BJM0992,PC-0926,2010-12-07 02:00:00,2.0,login,,,,1,Suspicious login hour
DTAA/CLN0999,PC-2460,2010-12-07 02:00:00,2.0,login,,,,1,Suspicious login hour
DTAA/AKS0283,PC-3049,2010-12-07 02:06:00,2.0,login,,,,1,Suspicious login hour
DTAA/DSM0990,PC-4650,2010-12-07 02:10:00,2.0,login,,,,1,Suspicious login hour
DTAA/CGM0994,PC-1775,2010-12-07 02:13:00,2.0,login,,,,1,Suspicious login hour
DTAA/JCC0998,PC-0457,2010-12-07 02:17:00,2.0,login,,,,1,Suspicious login hour
DTAA/BJM0992,PC-0926,2010-12-07 02:24:00,2.0,login,,,,1,Suspicious login hour
DTAA/HNS0858,PC-3790,2010-12-07 02:25:00,2.0,login,,,,1,Suspicious login hour
DTAA/IRC0991,PC-1494,2010-12-07 02:26:00,2.0,login,,,,1,Suspicious login hour
DTAA/JTT0989,PC-2790,2010-12-07 02:33:00,2.0,login,,,,1,Suspicious login hour
DTAA/CLN0999,PC-2460,2010-12-07 02:36:00,2.0,login,,,,1,Suspicious login hour
DTAA/DSM0990,PC-4650,2010-12-07 02:39:00,2.0,login,,,,1,Suspicious login hour
DTAA/BJM0992,PC-3490,2010-12-07 02:40:00,2.0,login,,,,1,Suspicious login hour
DTAA/IRC0991,PC-3780,2010-12-07 02:42:00,2.0,login,,,,1,Suspicious login hour
DTAA/JCS0873,PC-1560,2010-12-07 02:44:00,2.0,login,,,,1,Suspicious login hour
DTAA/VNM0127,PC-3456,2010-12-07 02:44:00,2.0,login,,,,1,Suspicious login hour
DTAA/BJM0992,PC-3490,2010-12-07 02:50:00,2.0,login,,,,1,Suspicious login hour
DTAA/JCC0998,PC-0457,2010-12-07 02:58:00,2.0,login,,,,1,Suspicious login hour
DTAA/HNS0858,PC-3790,2010-12-07 03:12:00,3.0,login,,,,1,Suspicious login hour
DTAA/DSM0990,PC-3109,2010-12-07 03:14:00,3.0,login,,,,1,Suspicious login hour
DTAA/KEE0997,PC-1646,2010-12-07 03:36:00,3.0,login,,,,1,Suspicious login hour
DTAA/KEE0997,PC-1646,2010-12-07 03:40:00,3.0,login,,,,1,Suspicious login hour
DTAA/JCC0998,PC-2033,2010-12-07 03:42:00,3.0,login,,,,1,Suspicious login hour
DTAA/CDZ0056,PC-4052,2010-12-07 03:42:00,3.0,login,,,,1,Suspicious login hour
DTAA/DSM0990,PC-3109,2010-12-07 03:51:00,3.0,login,,,,1,Suspicious login hour
DTAA/CDZ0056,PC-4052,2010-12-07 03:52:00,3.0,login,,,,1,Suspicious login hour
DTAA/JCC0998,PC-2033,2010-12-07 04:05:00,4.0,login,,,,1,Suspicious login hour
DTAA/ARS0993,PC-1228,2010-12-07 04:21:00,4.0,login,,,,1,Suspicious login hour
DTAA/ARS0993,PC-1228,2010-12-07 04:30:00,4.0,login,,,,1,Suspicious login hour
DTAA/JCC0998,PC-4381,2010-12-07 04:34:00,4.0,login,,,,1,Suspicious login hour
DTAA/AJP0553,PC-1270,2010-12-07 04:34:00,4.0,login,,,,1,Suspicious login hour
DTAA/CRC0996,PC-1922,2010-12-07 04:37:00,4.0,login,,,,1,Suspicious login hour
DTAA/JCC0998,PC-4381,2010-12-07 04:43:00,4.0,login,,,,1,Suspicious login hour
DTAA/CTF0687,PC-2959,2010-12-07 04:47:00,4.0,login,,,,1,Suspicious login hour
DTAA/AKS0283,PC-3049,2010-12-07 04:52:00,4.0,login,,,,1,Suspicious login hour
DTAA/JAH0544,PC-4081,2010-12-07 04:56:00,4.0,login,,,,1,Suspicious login hour
DTAA/CTF0687,PC-2959,2010-12-07 04:56:00,4.0,login,,,,1,Suspicious login hour
DTAA/HAG0649,PC-1350,2010-12-07 05:07:00,5.0,login,,,,1,Suspicious login hour
DTAA/CRC0996,PC-1922,2010-12-07 05:08:00,5.0,login,,,,1,Suspicious login hour
DTAA/CRC0996,PC-0500,2010-12-07 05:09:00,5.0,login,,,,1,Suspicious login hour
DTAA/VNM0127,PC-3456,2010-12-07 05:16:00,5.0,login,,,,1,Suspicious login hour
DTAA/ARS0993,PC-3058,2010-12-07 05:28:00,5.0,login,,,,1,Suspicious login hour
DTAA/IRC0991,PC-4441,2010-12-07 05:29:00,5.0,login,,,,1,Suspicious login hour
DTAA/AKW0582,PC-0891,2010-12-07 05:30:00,5.0,login,,,,1,Suspicious login hour
DTAA/AMA0191,PC-4736,2010-12-07 05:35:00,5.0,login,,,,1,Suspicious login hour
DTAA/HAG0649,PC-1350,2010-12-07 05:38:00,5.0,login,,,,1,Suspicious login hour
DTAA/ARS0993,PC-3058,2010-12-07 05:41:00,5.0,login,,,,1,Suspicious login hour
DTAA/CRC0996,PC-0500,2010-12-07 05:49:00,5.0,login,,,,1,Suspicious login hour
DTAA/IRC0991,PC-1631,2010-12-07 05:52:00,5.0,login,,,,1,Suspicious login hour
DTAA/IRC0991,PC-4441,2010-12-07 05:54:00,5.0,login,,,,1,Suspicious login hour
DTAA/KEE0997,PC-0465,2010-12-07 05:58:00,5.0,login,,,,1,Suspicious login hour
DTAA/VAH0262,PC-1398,2010-12-07 21:17:00,21.0,login,,,,1,Suspicious login hour
DTAA/SKL0881,PC-1581,2010-12-07 21:18:00,21.0,login,,,,1,Suspicious login hour
DTAA/NAT0252,PC-1796,2010-12-07 21:19:00,21.0,login,,,,1,Suspicious login hour
DTAA/ELD1000,PC-2615,2010-12-07 21:33:00,21.0,login,,,,1,Suspicious login hour
DTAA/NDS0490,PC-2549,2010-12-07 21:34:00,21.0,login,,,,1,Suspicious login hour
DTAA/ZAB0889,PC-2844,2010-12-07 21:42:00,21.0,login,,,,1,Suspicious login hour
DTAA/RBC0879,PC-1261,2010-12-07 21:43:00,21.0,login,,,,1,Suspicious login hour
DTAA/ELD1000,PC-2615,2010-12-07 22:04:00,22.0,login,,,,1,Suspicious login hour
DTAA/CLB0995,PC-2382,2010-12-07 22:10:00,22.0,login,,,,1,Suspicious login hour
DTAA/DSM0990,PC-2498,2010-12-07 22:15:00,22.0,login,,,,1,Suspicious login hour
DTAA/CRC0996,PC-1803,2010-12-07 22:17:00,22.0,login,,,,1,Suspicious login hour
DTAA/DSM0990,PC-2498,2010-12-07 22:18:00,22.0,login,,,,1,Suspicious login hour
DTAA/CLB0995,PC-2382,2010-12-07 22:37:00,22.0,login,,,,1,Suspicious login hour
DTAA/CRC0996,PC-1803,2010-12-07 22:55:00,22.0,login,,,,1,Suspicious login hour
DTAA/RBC0879,PC-1261,2010-12-07 23:13:00,23.0,login,,,,1,Suspicious login hour
DTAA/MQL0135,PC-4656,2010-12-07 23:21:00,23.0,login,,,,1,Suspicious login hour
DTAA/DSM0990,PC-0530,2010-12-07 23:35:00,23.0,login,,,,1,Suspicious login hour
DTAA/CLB0995,PC-3240,2010-12-07 23:39:00,23.0,login,,,,1,Suspicious login hour
DTAA/DSM0990,PC-0530,2010-12-07 23:47:00,23.0,login,,,,1,Suspicious login hour
DTAA/IRC0991,PC-0847,2010-12-07 23:59:00,23.0,login,,,,1,Suspicious login hour
DTAA/KEE0997,PC-1203,2010-12-08 00:04:00,0.0,login,,,,1,Suspicious login hour
DTAA/CLB0995,PC-3240,2010-12-08 00:12:00,0.0,login,,,,1,Suspicious login hour
DTAA/IRC0991,PC-0633,2010-12-08 00:13:00,0.0,login,,,,1,Suspicious login hour
DTAA/IRC0991,PC-0847,2010-12-08 00:14:00,0.0,login,,,,1,Suspicious login hour
DTAA/AIB0797,PC-4147,2010-12-08 00:19:00,0.0,login,,,,1,Suspicious login hour
DTAA/CRC0996,PC-2765,2010-12-08 00:40:00,0.0,login,,,,1,Suspicious login hour
DTAA/IRC0991,PC-0633,2010-12-08 00:41:00,0.0,login,,,,1,Suspicious login hour
DTAA/KEE0997,PC-1203,2010-12-08 00:45:00,0.0,login,,,,1,Suspicious login hour
DTAA/CLB0995,PC-3052,2010-12-08 00:50:00,0.0,login,,,,1,Suspicious login hour
DTAA/IRC0991,PC-0240,2010-12-08 01:04:00,1.0,login,,,,1,Suspicious login hour
DTAA/JCC0998,PC-3501,2010-12-08 01:13:00,1.0,login,,,,1,Suspicious login hour
DTAA/CLB0995,PC-3052,2010-12-08 01:14:00,1.0,login,,,,1,Suspicious login hour
DTAA/IRC0991,PC-0240,2010-12-08 01:14:00,1.0,login,,,,1,Suspicious login hour
DTAA/CRC0996,PC-2765,2010-12-08 01:23:00,1.0,login,,,,1,Suspicious login hour
DTAA/JCC0998,PC-3501,2010-12-08 01:25:00,1.0,login,,,,1,Suspicious login hour
DTAA/CLB0995,PC-2876,2010-12-08 01:30:00,1.0,login,,,,1,Suspicious login hour
DTAA/CGM0994,PC-3973,2010-12-08 01:39:00,1.0,login,,,,1,Suspicious login hour
DTAA/BJM0992,PC-0557,2010-12-08 01:44:00,1.0,login,,,,1,Suspicious login hour
DTAA/CGM0994,PC-3973,2010-12-08 01:51:00,1.0,login,,,,1,Suspicious login hour
DTAA/CLB0995,PC-2876,2010-12-08 02:00:00,2.0,login,,,,1,Suspicious login hour
DTAA/BJM0992,PC-0557,2010-12-08 02:25:00,2.0,login,,,,1,Suspicious login hour
DTAA/AIB0797,PC-4147,2010-12-08 02:34:00,2.0,login,,,,1,Suspicious login hour
DTAA/CTH0856,PC-4677,2010-12-08 02:34:00,2.0,login,,,,1,Suspicious login hour
DTAA/ARS0993,PC-1394,2010-12-08 02:38:00,2.0,login,,,,1,Suspicious login hour
DTAA/ARS0993,PC-1394,2010-12-08 03:02:00,3.0,login,,,,1,Suspicious login hour
DTAA/ELD1000,PC-0932,2010-12-08 03:26:00,3.0,login,,,,1,Suspicious login hour
DTAA/JCC0998,PC-4872,2010-12-08 03:36:00,3.0,login,,,,1,Suspicious login hour
DTAA/JCC0998,PC-4872,2010-12-08 03:40:00,3.0,login,,,,1,Suspicious login hour
DTAA/JTT0989,PC-1116,2010-12-08 03:53:00,3.0,login,,,,1,Suspicious login hour
DTAA/ELD1000,PC-0932,2010-12-08 03:56:00,3.0,login,,,,1,Suspicious login hour
DTAA/ABS0726,PC-3698,2010-12-08 04:08:00,4.0,login,,,,1,Suspicious login hour
DTAA/BJM0992,PC-1744,2010-12-08 04:16:00,4.0,login,,,,1,Suspicious login hour
DTAA/JTT0989,PC-1116,2010-12-08 04:20:00,4.0,login,,,,1,Suspicious login hour
DTAA/IRC0991,PC-1972,2010-12-08 04:29:00,4.0,login,,,,1,Suspicious login hour
DTAA/IRC0991,PC-1972,2010-12-08 04:48:00,4.0,login,,,,1,Suspicious login hour
DTAA/BJM0992,PC-1744,2010-12-08 04:59:00,4.0,login,,,,1,Suspicious login hour
DTAA/CLN0999,PC-3270,2010-12-08 05:00:00,5.0,login,,,,1,Suspicious login hour
DTAA/JTT0989,PC-1377,2010-12-08 05:03:00,5.0,login,,,,1,Suspicious login hour
DTAA/CLN0999,PC-3270,2010-12-08 05:17:00,5.0,login,,,,1,Suspicious login hour
DTAA/BAF0379,PC-3645,2010-12-08 05:17:00,5.0,login,,,,1,Suspicious login hour
DTAA/BAF0379,PC-3645,2010-12-08 05:31:00,5.0,login,,,,1,Suspicious login hour
DTAA/ZAB0889,PC-2844,2010-12-08 05:43:00,5.0,login,,,,1,Suspicious login hour
DTAA/JTT0989,PC-1377,2010-12-08 05:45:00,5.0,login,,,,1,Suspicious login hour
DTAA/ARS0993,PC-2652,2010-12-08 05:49:00,5.0,login,,,,1,Suspicious login hour
DTAA/MQL0135,PC-4656,2010-12-08 05:50:00,5.0,login,,,,1,Suspicious login hour
DTAA/CGM0994,PC-3584,2010-12-08 05:51:00,5.0,login,,,,1,Suspicious login hour
DTAA/CLB0995,PC-2629,2010-12-08 21:00:00,21.0,login,,,,1,Suspicious login hour
DTAA/ARC0677,PC-0465,2010-12-08 21:07:00,21.0,login,,,,1,Suspicious login hour
DTAA/JCC0998,PC-2202,2010-12-08 21:07:00,21.0,login,,,,1,Suspicious login hour
DTAA/JCC0998,PC-2202,2010-12-08 21:16:00,21.0,login,,,,1,Suspicious login hour
DTAA/KEE0997,PC-0942,2010-12-08 21:16:00,21.0,login,,,,1,Suspicious login hour
DTAA/VAH0262,PC-1398,2010-12-08 21:19:00,21.0,login,,,,1,Suspicious login hour
DTAA/SKL0881,PC-1581,2010-12-08 21:20:00,21.0,login,,,,1,Suspicious login hour
DTAA/NAT0252,PC-1796,2010-12-08 21:24:00,21.0,login,,,,1,Suspicious login hour
DTAA/CGM0994,PC-2512,2010-12-08 21:29:00,21.0,login,,,,1,Suspicious login hour
DTAA/NDS0490,PC-2549,2010-12-08 21:29:00,21.0,login,,,,1,Suspicious login hour
DTAA/ELD1000,PC-3643,2010-12-08 22:24:00,22.0,login,,,,1,Suspicious login hour
DTAA/ELD1000,PC-3643,2010-12-08 22:25:00,22.0,login,,,,1,Suspicious login hour
DTAA/ARS0993,PC-0652,2010-12-08 22:28:00,22.0,login,,,,1,Suspicious login hour
DTAA/ARS0993,PC-0652,2010-12-08 22:29:00,22.0,login,,,,1,Suspicious login hour
DTAA/BJM0992,PC-0124,2010-12-08 22:38:00,22.0,login,,,,1,Suspicious login hour
DTAA/BJM0992,PC-0124,2010-12-08 22:40:00,22.0,login,,,,1,Suspicious login hour
DTAA/CLN0999,PC-2108,2010-12-08 22:40:00,22.0,login,,,,1,Suspicious login hour
DTAA/ASO0023,PC-3990,2010-12-08 22:45:00,22.0,login,,,,1,Suspicious login hour
DTAA/JHD0512,PC-2683,2010-12-08 22:48:00,22.0,login,,,,1,Suspicious login hour
DTAA/JTT0989,PC-2161,2010-12-08 22:53:00,22.0,login,,,,1,Suspicious login hour
DTAA/IRC0991,PC-0560,2010-12-08 23:09:00,23.0,login,,,,1,Suspicious login hour
DTAA/CGM0994,PC-2710,2010-12-08 23:11:00,23.0,login,,,,1,Suspicious login hour
DTAA/JTT0989,PC-2161,2010-12-08 23:12:00,23.0,login,,,,1,Suspicious login hour
DTAA/CLN0999,PC-2108,2010-12-08 23:15:00,23.0,login,,,,1,Suspicious login hour
DTAA/CWG0305,PC-1107,2010-12-08 23:19:00,23.0,login,,,,1,Suspicious login hour
DTAA/IRC0991,PC-2286,2010-12-08 23:30:00,23.0,login,,,,1,Suspicious login hour
DTAA/CGM0994,PC-2710,2010-12-08 23:37:00,23.0,login,,,,1,Suspicious login hour
DTAA/IRC0991,PC-0560,2010-12-08 23:45:00,23.0,login,,,,1,Suspicious login hour
DTAA/BTW0973,PC-4462,2010-12-09 00:01:00,0.0,login,,,,1,Suspicious login hour
DTAA/IRC0991,PC-2286,2010-12-09 00:10:00,0.0,login,,,,1,Suspicious login hour
DTAA/SRN0275,PC-3531,2010-12-09 00:34:00,0.0,login,,,,1,Suspicious login hour
DTAA/PCM0846,PC-1898,2010-12-09 00:59:00,0.0,login,,,,1,Suspicious login hour
DTAA/JTT0989,PC-2436,2010-12-09 01:19:00,1.0,login,,,,1,Suspicious login hour
DTAA/KEE0997,PC-0473,2010-12-09 01:20:00,1.0,login,,,,1,Suspicious login hour
DTAA/SRN0275,PC-3531,2010-12-09 01:31:00,1.0,login,,,,1,Suspicious login hour
DTAA/JTT0989,PC-2436,2010-12-09 01:41:00,1.0,login,,,,1,Suspicious login hour
DTAA/IRC0991,PC-1529,2010-12-09 01:42:00,1.0,login,,,,1,Suspicious login hour
DTAA/MCF0427,PC-3754,2010-12-09 01:54:00,1.0,login,,,,1,Suspicious login hour
DTAA/KEE0997,PC-0473,2010-12-09 01:56:00,1.0,login,,,,1,Suspicious login hour
DTAA/CWG0305,PC-1107,2010-12-09 02:08:00,2.0,login,,,,1,Suspicious login hour
DTAA/NHH0566,PC-1651,2010-12-09 02:17:00,2.0,login,,,,1,Suspicious login hour
DTAA/ARS0993,PC-1226,2010-12-09 02:19:00,2.0,login,,,,1,Suspicious login hour
DTAA/IRC0991,PC-1529,2010-12-09 02:20:00,2.0,login,,,,1,Suspicious login hour
DTAA/CLB0995,PC-2222,2010-12-09 02:30:00,2.0,login,,,,1,Suspicious login hour
DTAA/LJR0772,PC-3780,2010-12-09 02:31:00,2.0,login,,,,1,Suspicious login hour
DTAA/CLB0995,PC-2222,2010-12-09 02:36:00,2.0,login,,,,1,Suspicious login hour
DTAA/ARS0993,PC-1226,2010-12-09 02:43:00,2.0,login,,,,1,Suspicious login hour
DTAA/DSM0990,PC-3599,2010-12-09 02:45:00,2.0,login,,,,1,Suspicious login hour
DTAA/CLB0995,PC-3850,2010-12-09 02:45:00,2.0,login,,,,1,Suspicious login hour
DTAA/LJR0772,PC-3780,2010-12-09 02:47:00,2.0,login,,,,1,Suspicious login hour
DTAA/CRC0996,PC-3766,2010-12-09 02:52:00,2.0,login,,,,1,Suspicious login hour
DTAA/BTW0973,PC-4462,2010-12-09 02:56:00,2.0,login,,,,1,Suspicious login hour
DTAA/ARS0993,PC-1900,2010-12-09 02:58:00,2.0,login,,,,1,Suspicious login hour
DTAA/CRC0996,PC-3766,2010-12-09 02:58:00,2.0,login,,,,1,Suspicious login hour
DTAA/DSM0990,PC-3599,2010-12-09 03:01:00,3.0,login,,,,1,Suspicious login hour
DTAA/PCM0846,PC-1898,2010-12-09 03:06:00,3.0,login,,,,1,Suspicious login hour
DTAA/CLB0995,PC-3850,2010-12-09 03:07:00,3.0,login,,,,1,Suspicious login hour
DTAA/ARS0993,PC-1900,2010-12-09 03:21:00,3.0,login,,,,1,Suspicious login hour
DTAA/BJM0992,PC-3411,2010-12-09 04:20:00,4.0,login,,,,1,Suspicious login hour
DTAA/JTT0989,PC-0891,2010-12-09 04:38:00,4.0,login,,,,1,Suspicious login hour
DTAA/JCC0998,PC-4718,2010-12-09 04:39:00,4.0,login,,,,1,Suspicious login hour
DTAA/MCF0427,PC-3754,2010-12-09 04:41:00,4.0,login,,,,1,Suspicious login hour
DTAA/JCC0998,PC-4718,2010-12-09 04:42:00,4.0,login,,,,1,Suspicious login hour
DTAA/CLB0995,PC-3739,2010-12-09 04:47:00,4.0,login,,,,1,Suspicious login hour
DTAA/BJM0992,PC-3411,2010-12-09 04:50:00,4.0,login,,,,1,Suspicious login hour
DTAA/CLB0995,PC-3739,2010-12-09 04:51:00,4.0,login,,,,1,Suspicious login hour
DTAA/ARS0993,PC-0666,2010-12-09 04:53:00,4.0,login,,,,1,Suspicious login hour
DTAA/ARS0993,PC-1535,2010-12-09 04:59:00,4.0,login,,,,1,Suspicious login hour
DTAA/JTT0989,PC-0891,2010-12-09 05:03:00,5.0,login,,,,1,Suspicious login hour
DTAA/ASO0023,PC-3990,2010-12-09 05:25:00,5.0,login,,,,1,Suspicious login hour
DTAA/ARS0993,PC-0666,2010-12-09 05:36:00,5.0,login,,,,1,Suspicious login hour
DTAA/ARS0993,PC-1535,2010-12-09 05:41:00,5.0,login,,,,1,Suspicious login hour
DTAA/CLN0999,PC-1040,2010-12-09 21:02:00,21.0,login,,,,1,Suspicious login hour
DTAA/CRC0996,PC-1628,2010-12-09 21:04:00,21.0,login,,,,1,Suspicious login hour
DTAA/ODW0839,PC-1940,2010-12-09 21:09:00,21.0,login,,,,1,Suspicious login hour
DTAA/SKL0881,PC-1581,2010-12-09 21:13:00,21.0,login,,,,1,Suspicious login hour
DTAA/BJM0992,PC-2749,2010-12-09 21:14:00,21.0,login,,,,1,Suspicious login hour
DTAA/VAH0262,PC-1398,2010-12-09 21:16:00,21.0,login,,,,1,Suspicious login hour
DTAA/NAT0252,PC-1796,2010-12-09 21:23:00,21.0,login,,,,1,Suspicious login hour
DTAA/GYT0279,PC-2791,2010-12-09 21:24:00,21.0,login,,,,1,Suspicious login hour
DTAA/ELD1000,PC-0718,2010-12-09 21:25:00,21.0,login,,,,1,Suspicious login hour
DTAA/CLN0999,PC-1040,2010-12-09 21:26:00,21.0,login,,,,1,Suspicious login hour
DTAA/NDS0490,PC-2549,2010-12-09 21:28:00,21.0,login,,,,1,Suspicious login hour
DTAA/ELD1000,PC-0718,2010-12-09 21:36:00,21.0,login,,,,1,Suspicious login hour
DTAA/JTT0989,PC-0986,2010-12-09 21:42:00,21.0,login,,,,1,Suspicious login hour
DTAA/BJM0992,PC-2749,2010-12-09 21:50:00,21.0,login,,,,1,Suspicious login hour
DTAA/JTT0989,PC-0986,2010-12-09 21:51:00,21.0,login,,,,1,Suspicious login hour
DTAA/CGM0994,PC-0577,2010-12-09 21:58:00,21.0,login,,,,1,Suspicious login hour
DTAA/CGM0994,PC-0299,2010-12-09 22:00:00,22.0,login,,,,1,Suspicious login hour
DTAA/CGM0994,PC-0299,2010-12-09 22:03:00,22.0,login,,,,1,Suspicious login hour
DTAA/IRC0991,PC-1229,2010-12-09 22:04:00,22.0,login,,,,1,Suspicious login hour
DTAA/CGM0994,PC-0577,2010-12-09 22:08:00,22.0,login,,,,1,Suspicious login hour
DTAA/SJH0588,PC-2512,2010-12-09 22:11:00,22.0,login,,,,1,Suspicious login hour
DTAA/HTS0265,PC-1744,2010-12-09 22:26:00,22.0,login,,,,1,Suspicious login hour
DTAA/CLN0999,PC-3339,2010-12-09 22:30:00,22.0,login,,,,1,Suspicious login hour
DTAA/HTC0607,PC-1033,2010-12-09 22:38:00,22.0,login,,,,1,Suspicious login hour
DTAA/IRC0991,PC-1229,2010-12-09 22:43:00,22.0,login,,,,1,Suspicious login hour
DTAA/CLN0999,PC-3339,2010-12-09 22:58:00,22.0,login,,,,1,Suspicious login hour
DTAA/EMR0242,PC-1306,2010-12-09 23:29:00,23.0,login,,,,1,Suspicious login hour
DTAA/CRC0996,PC-1381,2010-12-10 00:03:00,0.0,login,,,,1,Suspicious login hour
DTAA/HTC0607,PC-1033,2010-12-10 00:10:00,0.0,login,,,,1,Suspicious login hour
DTAA/JCC0998,PC-3011,2010-12-10 00:10:00,0.0,login,,,,1,Suspicious login hour
DTAA/ELD1000,PC-3736,2010-12-10 00:11:00,0.0,login,,,,1,Suspicious login hour
DTAA/JCC0998,PC-3011,2010-12-10 00:15:00,0.0,login,,,,1,Suspicious login hour
DTAA/CRC0996,PC-0906,2010-12-10 00:25:00,0.0,login,,,,1,Suspicious login hour
DTAA/CRC0996,PC-1381,2010-12-10 00:36:00,0.0,login,,,,1,Suspicious login hour
DTAA/ELD1000,PC-3736,2010-12-10 00:49:00,0.0,login,,,,1,Suspicious login hour
DTAA/CRC0996,PC-0906,2010-12-10 01:08:00,1.0,login,,,,1,Suspicious login hour
DTAA/SJH0588,PC-2512,2010-12-10 01:32:00,1.0,login,,,,1,Suspicious login hour
DTAA/JTT0989,PC-4328,2010-12-10 01:34:00,1.0,login,,,,1,Suspicious login hour
DTAA/JTT0989,PC-4328,2010-12-10 01:44:00,1.0,login,,,,1,Suspicious login hour
DTAA/JTT0989,PC-3384,2010-12-10 01:45:00,1.0,login,,,,1,Suspicious login hour
DTAA/JTT0989,PC-3384,2010-12-10 01:58:00,1.0,login,,,,1,Suspicious login hour
DTAA/KEE0997,PC-1431,2010-12-10 02:03:00,2.0,login,,,,1,Suspicious login hour
DTAA/EOS0972,PC-4981,2010-12-10 02:04:00,2.0,login,,,,1,Suspicious login hour
DTAA/DSM0990,PC-3825,2010-12-10 02:05:00,2.0,login,,,,1,Suspicious login hour
DTAA/CGM0994,PC-0472,2010-12-10 02:06:00,2.0,login,,,,1,Suspicious login hour
DTAA/VNM0127,PC-3456,2010-12-10 02:21:00,2.0,login,,,,1,Suspicious login hour
DTAA/JCC0998,PC-2407,2010-12-10 02:25:00,2.0,login,,,,1,Suspicious login hour
DTAA/CGM0994,PC-0472,2010-12-10 02:28:00,2.0,login,,,,1,Suspicious login hour
DTAA/CLN0999,PC-1946,2010-12-10 02:31:00,2.0,login,,,,1,Suspicious login hour
DTAA/JCC0998,PC-2407,2010-12-10 02:37:00,2.0,login,,,,1,Suspicious login hour
DTAA/KEE0997,PC-1431,2010-12-10 02:43:00,2.0,login,,,,1,Suspicious login hour
DTAA/DSM0990,PC-3825,2010-12-10 02:46:00,2.0,login,,,,1,Suspicious login hour
DTAA/HTS0265,PC-1744,2010-12-10 02:48:00,2.0,login,,,,1,Suspicious login hour
DTAA/DSM0990,PC-0323,2010-12-10 02:53:00,2.0,login,,,,1,Suspicious login hour
DTAA/CHA0174,PC-2751,2010-12-10 02:53:00,2.0,login,,,,1,Suspicious login hour
DTAA/IRC0991,PC-0029,2010-12-10 02:55:00,2.0,login,,,,1,Suspicious login hour
DTAA/IRC0991,PC-0029,2010-12-10 02:56:00,2.0,login,,,,1,Suspicious login hour
DTAA/EMR0242,PC-1306,2010-12-10 02:58:00,2.0,login,,,,1,Suspicious login hour
DTAA/DSM0990,PC-1560,2010-12-10 03:04:00,3.0,login,,,,1,Suspicious login hour
DTAA/JTT0989,PC-3755,2010-12-10 03:06:00,3.0,login,,,,1,Suspicious login hour
DTAA/CLN0999,PC-1946,2010-12-10 03:10:00,3.0,login,,,,1,Suspicious login hour
DTAA/TKH0211,PC-0719,2010-12-10 03:27:00,3.0,login,,,,1,Suspicious login hour
DTAA/DSM0990,PC-0323,2010-12-10 03:28:00,3.0,login,,,,1,Suspicious login hour
DTAA/DSM0990,PC-1560,2010-12-10 03:32:00,3.0,login,,,,1,Suspicious login hour
DTAA/CGM0994,PC-1732,2010-12-10 03:41:00,3.0,login,,,,1,Suspicious login hour
DTAA/JTT0989,PC-3231,2010-12-10 03:43:00,3.0,login,,,,1,Suspicious login hour
DTAA/NDS0490,PC-2549,2010-12-10 03:49:00,3.0,login,,,,1,Suspicious login hour
DTAA/JTT0989,PC-3755,2010-12-10 03:50:00,3.0,login,,,,1,Suspicious login hour
DTAA/ELD1000,PC-2082,2010-12-10 03:54:00,3.0,login,,,,1,Suspicious login hour
DTAA/DSM0990,PC-3582,2010-12-10 04:04:00,4.0,login,,,,1,Suspicious login hour
DTAA/DSM0990,PC-3582,2010-12-10 04:11:00,4.0,login,,,,1,Suspicious login hour
DTAA/CGM0994,PC-1732,2010-12-10 04:12:00,4.0,login,,,,1,Suspicious login hour
DTAA/JTT0989,PC-3231,2010-12-10 04:15:00,4.0,login,,,,1,Suspicious login hour
DTAA/ELD1000,PC-1261,2010-12-10 04:27:00,4.0,login,,,,1,Suspicious login hour
DTAA/BJM0992,PC-0075,2010-12-10 04:27:00,4.0,login,,,,1,Suspicious login hour
DTAA/ELD1000,PC-2082,2010-12-10 04:32:00,4.0,login,,,,1,Suspicious login hour
DTAA/DSM0990,PC-3653,2010-12-10 04:37:00,4.0,login,,,,1,Suspicious login hour
DTAA/DSM0990,PC-3653,2010-12-10 04:46:00,4.0,login,,,,1,Suspicious login hour
DTAA/KEE0997,PC-1343,2010-12-10 04:54:00,4.0,login,,,,1,Suspicious login hour
DTAA/JTT0989,PC-2645,2010-12-10 04:56:00,4.0,login,,,,1,Suspicious login hour
DTAA/HCG0731,PC-4643,2010-12-10 04:57:00,4.0,login,,,,1,Suspicious login hour
DTAA/ELD1000,PC-1261,2010-12-10 04:57:00,4.0,login,,,,1,Suspicious login hour
DTAA/CRC0996,PC-2242,2010-12-10 05:00:00,5.0,login,,,,1,Suspicious login hour
DTAA/NDS0490,PC-2549,2010-12-10 05:03:00,5.0,login,,,,1,Suspicious login hour
DTAA/BJM0992,PC-0075,2010-12-10 05:04:00,5.0,login,,,,1,Suspicious login hour
DTAA/KEE0997,PC-1343,2010-12-10 05:09:00,5.0,login,,,,1,Suspicious login hour
DTAA/TPC0102,PC-1945,2010-12-10 05:26:00,5.0,login,,,,1,Suspicious login hour
DTAA/TPC0102,PC-1945,2010-12-10 05:29:00,5.0,login,,,,1,Suspicious login hour
DTAA/CRC0996,PC-2242,2010-12-10 05:30:00,5.0,login,,,,1,Suspicious login hour
DTAA/JTT0989,PC-2645,2010-12-10 05:32:00,5.0,login,,,,1,Suspicious login hour
DTAA/PJL0320,PC-1233,2010-12-10 05:32:00,5.0,login,,,,1,Suspicious login hour
DTAA/PJL0320,PC-1233,2010-12-10 05:35:00,5.0,login,,,,1,Suspicious login hour
DTAA/EOS0972,PC-4981,2010-12-10 05:37:00,5.0,login,,,,1,Suspicious login hour
DTAA/STF0145,PC-0191,2010-12-10 05:50:00,5.0,login,,,,1,Suspicious login hour
DTAA/ARC0677,PC-0465,2010-12-10 21:00:00,21.0,login,,,,1,Suspicious login hour
DTAA/NAT0252,PC-1796,2010-12-10 21:17:00,21.0,login,,,,1,Suspicious login hour
DTAA/IRC0991,PC-4132,2010-12-10 21:18:00,21.0,login,,,,1,Suspicious login hour
DTAA/VAH0262,PC-1398,2010-12-10 21:22:00,21.0,login,,,,1,Suspicious login hour
DTAA/SKL0881,PC-1581,2010-12-10 21:23:00,21.0,login,,,,1,Suspicious login hour
DTAA/IRC0991,PC-4132,2010-12-10 21:28:00,21.0,login,,,,1,Suspicious login hour
DTAA/NDS0490,PC-2549,2010-12-10 21:34:00,21.0,login,,,,1,Suspicious login hour
DTAA/JAH0544,PC-4081,2010-12-10 21:38:00,21.0,login,,,,1,Suspicious login hour
DTAA/NDM0893,PC-0322,2010-12-10 21:39:00,21.0,login,,,,1,Suspicious login hour
DTAA/CGM0994,PC-3212,2010-12-10 21:46:00,21.0,login,,,,1,Suspicious login hour
DTAA/CLB0995,PC-3867,2010-12-10 21:59:00,21.0,login,,,,1,Suspicious login hour
DTAA/CGM0994,PC-3212,2010-12-10 22:08:00,22.0,login,,,,1,Suspicious login hour
DTAA/JCC0998,PC-4272,2010-12-10 22:26:00,22.0,login,,,,1,Suspicious login hour
DTAA/JCS0873,PC-1560,2010-12-10 22:30:00,22.0,login,,,,1,Suspicious login hour
DTAA/JCC0998,PC-4272,2010-12-10 22:35:00,22.0,login,,,,1,Suspicious login hour
DTAA/ELD1000,PC-3993,2010-12-10 22:36:00,22.0,login,,,,1,Suspicious login hour
DTAA/CLB0995,PC-3867,2010-12-10 22:39:00,22.0,login,,,,1,Suspicious login hour
DTAA/CGM0994,PC-0980,2010-12-10 22:46:00,22.0,login,,,,1,Suspicious login hour
DTAA/ELD1000,PC-3993,2010-12-10 22:52:00,22.0,login,,,,1,Suspicious login hour
DTAA/BJM0992,PC-0797,2010-12-10 23:00:00,23.0,login,,,,1,Suspicious login hour
DTAA/RLC0442,PC-1467,2010-12-10 23:04:00,23.0,login,,,,1,Suspicious login hour
DTAA/BJM0992,PC-0797,2010-12-10 23:09:00,23.0,login,,,,1,Suspicious login hour
DTAA/ARS0993,PC-1174,2010-12-10 23:10:00,23.0,login,,,,1,Suspicious login hour
DTAA/ELD1000,PC-2662,2010-12-10 23:11:00,23.0,login,,,,1,Suspicious login hour
DTAA/KEE0997,PC-4228,2010-12-10 23:13:00,23.0,login,,,,1,Suspicious login hour
DTAA/KEE0997,PC-4228,2010-12-10 23:21:00,23.0,login,,,,1,Suspicious login hour
DTAA/JAH0544,PC-4081,2010-12-10 23:26:00,23.0,login,,,,1,Suspicious login hour
DTAA/CGM0994,PC-0980,2010-12-10 23:28:00,23.0,login,,,,1,Suspicious login hour
DTAA/ELD1000,PC-2662,2010-12-10 23:39:00,23.0,login,,,,1,Suspicious login hour
DTAA/MCH0530,PC-4577,2010-12-10 23:42:00,23.0,login,,,,1,Suspicious login hour
DTAA/CLB0995,PC-0312,2010-12-10 23:43:00,23.0,login,,,,1,Suspicious login hour
DTAA/ARS0993,PC-1174,2010-12-10 23:45:00,23.0,login,,,,1,Suspicious login hour
DTAA/CLN0999,PC-4147,2010-12-10 23:53:00,23.0,login,,,,1,Suspicious login hour
DTAA/ARS0993,PC-2534,2010-12-10 23:54:00,23.0,login,,,,1,Suspicious login hour
DTAA/CLB0995,PC-0312,2010-12-11 00:04:00,0.0,login,,,,1,Suspicious login hour
DTAA/ARS0993,PC-2534,2010-12-11 00:10:00,0.0,login,,,,1,Suspicious login hour
DTAA/CLN0999,PC-4147,2010-12-11 00:22:00,0.0,login,,,,1,Suspicious login hour
DTAA/DIS0382,PC-2501,2010-12-11 01:45:00,1.0,login,,,,1,Suspicious login hour
DTAA/MSV0506,PC-3240,2010-12-11 02:22:00,2.0,login,,,,1,Suspicious login hour
DTAA/DIS0382,PC-2501,2010-12-11 04:01:00,4.0,login,,,,1,Suspicious login hour
DTAA/NHL0253,PC-3339,2010-12-11 04:35:00,4.0,login,,,,1,Suspicious login hour
DTAA/CDZ0056,PC-4052,2010-12-11 04:46:00,4.0,login,,,,1,Suspicious login hour
DTAA/DSH0627,PC-2474,2010-12-11 05:07:00,5.0,login,,,,1,Suspicious login hour
DTAA/RLC0442,PC-1467,2010-12-11 05:21:00,5.0,login,,,,1,Suspicious login hour
DTAA/CDZ0056,PC-4052,2010-12-11 05:39:00,5.0,login,,,,1,Suspicious login hour
DTAA/DSH0627,PC-2474,2010-12-11 05:58:00,5.0,login,,,,1,Suspicious login hour
DTAA/JCC0998,PC-0053,2011-01-03 00:22:00,0.0,login,,,,1,Suspicious login hour
DTAA/JCC0998,PC-0053,2011-01-03 00:43:00,0.0,login,,,,1,Suspicious login hour
DTAA/CLB0995,PC-0903,2011-01-03 00:44:00,0.0,login,,,,1,Suspicious login hour
DTAA/CLB0995,PC-0903,2011-01-03 01:21:00,1.0,login,,,,1,Suspicious login hour
DTAA/JCC0998,PC-4499,2011-01-03 01:22:00,1.0,login,,,,1,Suspicious login hour
DTAA/JCC0998,PC-4499,2011-01-03 01:29:00,1.0,login,,,,1,Suspicious login hour
DTAA/DSM0990,PC-2346,2011-01-03 01:31:00,1.0,login,,,,1,Suspicious login hour
DTAA/DSM0990,PC-2346,2011-01-03 02:09:00,2.0,login,,,,1,Suspicious login hour
DTAA/CRC0996,PC-4075,2011-01-03 02:38:00,2.0,login,,,,1,Suspicious login hour
DTAA/CRC0996,PC-4075,2011-01-03 02:56:00,2.0,login,,,,1,Suspicious login hour
DTAA/BJM0992,PC-3171,2011-01-03 03:13:00,3.0,login,,,,1,Suspicious login hour
DTAA/BJM0992,PC-3171,2011-01-03 03:57:00,3.0,login,,,,1,Suspicious login hour
DTAA/BJM0992,PC-4475,2011-01-03 03:59:00,3.0,login,,,,1,Suspicious login hour
DTAA/CGM0994,PC-2745,2011-01-03 04:05:00,4.0,login,,,,1,Suspicious login hour
DTAA/CGM0994,PC-2745,2011-01-03 04:16:00,4.0,login,,,,1,Suspicious login hour
DTAA/DSM0990,PC-0698,2011-01-03 04:40:00,4.0,login,,,,1,Suspicious login hour
DTAA/BJM0992,PC-4475,2011-01-03 04:42:00,4.0,login,,,,1,Suspicious login hour
DTAA/CGM0994,PC-4448,2011-01-03 04:44:00,4.0,login,,,,1,Suspicious login hour
DTAA/CGM0994,PC-4448,2011-01-03 04:56:00,4.0,login,,,,1,Suspicious login hour
DTAA/DSM0990,PC-0698,2011-01-03 04:56:00,4.0,login,,,,1,Suspicious login hour
DTAA/ELD1000,PC-1513,2011-01-03 05:11:00,5.0,login,,,,1,Suspicious login hour
DTAA/ELD1000,PC-1513,2011-01-03 05:36:00,5.0,login,,,,1,Suspicious login hour
DTAA/DSM0990,PC-0248,2011-01-03 05:43:00,5.0,login,,,,1,Suspicious login hour
DTAA/BJM0992,PC-0120,2011-01-03 05:57:00,5.0,login,,,,1,Suspicious login hour
DTAA/ODW0839,PC-1940,2011-01-03 21:00:00,21.0,login,,,,1,Suspicious login hour
DTAA/BJM0992,PC-2034,2011-01-03 21:02:00,21.0,login,,,,1,Suspicious login hour
DTAA/ARC0677,PC-0465,2011-01-03 21:06:00,21.0,login,,,,1,Suspicious login hour
DTAA/JTT0989,PC-3591,2011-01-03 21:10:00,21.0,login,,,,1,Suspicious login hour
DTAA/SKL0881,PC-1581,2011-01-03 21:18:00,21.0,login,,,,1,Suspicious login hour
DTAA/CGM0994,PC-2498,2011-01-03 21:21:00,21.0,login,,,,1,Suspicious login hour
DTAA/VAH0262,PC-1398,2011-01-03 21:23:00,21.0,login,,,,1,Suspicious login hour
DTAA/NAT0252,PC-1796,2011-01-03 21:24:00,21.0,login,,,,1,Suspicious login hour
DTAA/NDS0490,PC-2549,2011-01-03 21:29:00,21.0,login,,,,1,Suspicious login hour
DTAA/CGM0994,PC-2498,2011-01-03 21:34:00,21.0,login,,,,1,Suspicious login hour
DTAA/CSC0297,PC-2848,2011-01-03 21:38:00,21.0,login,,,,1,Suspicious login hour
DTAA/BJM0992,PC-2034,2011-01-03 21:38:00,21.0,login,,,,1,Suspicious login hour
DTAA/JTT0989,PC-3591,2011-01-03 21:52:00,21.0,login,,,,1,Suspicious login hour
DTAA/DJW0368,PC-2518,2011-01-03 21:55:00,21.0,login,,,,1,Suspicious login hour
DTAA/SAH0192,PC-4079,2011-01-03 22:05:00,22.0,login,,,,1,Suspicious login hour
DTAA/HTC0607,PC-1033,2011-01-03 22:08:00,22.0,login,,,,1,Suspicious login hour
DTAA/CRC0996,PC-1738,2011-01-03 22:13:00,22.0,login,,,,1,Suspicious login hour
DTAA/DJW0368,PC-2518,2011-01-03 22:14:00,22.0,login,,,,1,Suspicious login hour
DTAA/KEE0997,PC-2332,2011-01-03 22:20:00,22.0,login,,,,1,Suspicious login hour
DTAA/CGM0994,PC-3866,2011-01-03 22:30:00,22.0,login,,,,1,Suspicious login hour
DTAA/SAH0192,PC-4079,2011-01-03 22:31:00,22.0,login,,,,1,Suspicious login hour
DTAA/JTT0989,PC-4724,2011-01-03 22:31:00,22.0,login,,,,1,Suspicious login hour
DTAA/CRC0996,PC-1738,2011-01-03 22:35:00,22.0,login,,,,1,Suspicious login hour
DTAA/CLN0999,PC-0221,2011-01-03 22:39:00,22.0,login,,,,1,Suspicious login hour
DTAA/CSC0297,PC-2848,2011-01-03 22:46:00,22.0,login,,,,1,Suspicious login hour
DTAA/CGM0994,PC-3866,2011-01-03 22:47:00,22.0,login,,,,1,Suspicious login hour
DTAA/KEE0997,PC-2332,2011-01-03 22:56:00,22.0,login,,,,1,Suspicious login hour
DTAA/JTT0989,PC-4724,2011-01-03 23:00:00,23.0,login,,,,1,Suspicious login hour
DTAA/PJL0320,PC-1233,2011-01-03 23:17:00,23.0,login,,,,1,Suspicious login hour
DTAA/CLN0999,PC-0221,2011-01-03 23:18:00,23.0,login,,,,1,Suspicious login hour
DTAA/IRC0991,PC-0300,2011-01-03 23:28:00,23.0,login,,,,1,Suspicious login hour
DTAA/JHD0512,PC-2683,2011-01-03 23:35:00,23.0,login,,,,1,Suspicious login hour
DTAA/IRC0991,PC-0300,2011-01-03 23:42:00,23.0,login,,,,1,Suspicious login hour
DTAA/CLN0999,PC-1147,2011-01-03 23:52:00,23.0,login,,,,1,Suspicious login hour
DTAA/JCS0873,PC-1560,2011-01-04 00:17:00,0.0,login,,,,1,Suspicious login hour
DTAA/KEE0997,PC-0023,2011-01-04 00:22:00,0.0,login,,,,1,Suspicious login hour
DTAA/CLN0999,PC-1147,2011-01-04 00:23:00,0.0,login,,,,1,Suspicious login hour
DTAA/EMR0242,PC-1306,2011-01-04 00:27:00,0.0,login,,,,1,Suspicious login hour
DTAA/JTT0989,PC-3959,2011-01-04 00:47:00,0.0,login,,,,1,Suspicious login hour
DTAA/CGM0994,PC-4853,2011-01-04 00:50:00,0.0,login,,,,1,Suspicious login hour
DTAA/JTT0989,PC-3959,2011-01-04 00:52:00,0.0,login,,,,1,Suspicious login hour
DTAA/EMR0242,PC-1306,2011-01-04 01:04:00,1.0,login,,,,1,Suspicious login hour
DTAA/KEE0997,PC-0023,2011-01-04 01:06:00,1.0,login,,,,1,Suspicious login hour
DTAA/CGM0994,PC-4853,2011-01-04 01:13:00,1.0,login,,,,1,Suspicious login hour
DTAA/JCS0873,PC-1560,2011-01-04 01:41:00,1.0,login,,,,1,Suspicious login hour
DTAA/PJL0320,PC-1233,2011-01-04 01:54:00,1.0,login,,,,1,Suspicious login hour
DTAA/CLB0995,PC-3165,2011-01-04 01:55:00,1.0,login,,,,1,Suspicious login hour
DTAA/CLB0995,PC-3165,2011-01-04 01:58:00,1.0,login,,,,1,Suspicious login hour
DTAA/HTC0607,PC-1033,2011-01-04 02:13:00,2.0,login,,,,1,Suspicious login hour
DTAA/JTT0989,PC-1270,2011-01-04 02:53:00,2.0,login,,,,1,Suspicious login hour
DTAA/ARS0993,PC-0807,2011-01-04 02:54:00,2.0,login,,,,1,Suspicious login hour
DTAA/IRC0991,PC-0834,2011-01-04 03:01:00,3.0,login,,,,1,Suspicious login hour
DTAA/IRC0991,PC-1228,2011-01-04 03:07:00,3.0,login,,,,1,Suspicious login hour
DTAA/IRC0991,PC-1228,2011-01-04 03:12:00,3.0,login,,,,1,Suspicious login hour
DTAA/ARS0993,PC-0807,2011-01-04 03:28:00,3.0,login,,,,1,Suspicious login hour
DTAA/JTT0989,PC-1270,2011-01-04 03:32:00,3.0,login,,,,1,Suspicious login hour
DTAA/IRC0991,PC-0834,2011-01-04 03:35:00,3.0,login,,,,1,Suspicious login hour
DTAA/CDZ0056,PC-4052,2011-01-04 03:50:00,3.0,login,,,,1,Suspicious login hour
DTAA/COS0121,PC-0462,2011-01-04 03:53:00,3.0,login,,,,1,Suspicious login hour
DTAA/CDZ0056,PC-4052,2011-01-04 03:59:00,3.0,login,,,,1,Suspicious login hour
DTAA/CSR0189,PC-3494,2011-01-04 04:29:00,4.0,login,,,,1,Suspicious login hour
DTAA/HTS0265,PC-1744,2011-01-04 04:34:00,4.0,login,,,,1,Suspicious login hour
DTAA/IRC0991,PC-2718,2011-01-04 04:36:00,4.0,login,,,,1,Suspicious login hour
DTAA/CGM0994,PC-0266,2011-01-04 04:54:00,4.0,login,,,,1,Suspicious login hour
DTAA/AKW0582,PC-0891,2011-01-04 04:59:00,4.0,login,,,,1,Suspicious login hour
DTAA/HTS0265,PC-1744,2011-01-04 05:09:00,5.0,login,,,,1,Suspicious login hour
DTAA/HCG0731,PC-4643,2011-01-04 05:10:00,5.0,login,,,,1,Suspicious login hour
DTAA/IRC0991,PC-2718,2011-01-04 05:16:00,5.0,login,,,,1,Suspicious login hour
DTAA/CSR0189,PC-3494,2011-01-04 05:26:00,5.0,login,,,,1,Suspicious login hour
DTAA/CGM0994,PC-0266,2011-01-04 05:30:00,5.0,login,,,,1,Suspicious login hour
DTAA/CRC0996,PC-1493,2011-01-04 05:31:00,5.0,login,,,,1,Suspicious login hour
DTAA/HCG0731,PC-4643,2011-01-04 05:38:00,5.0,login,,,,1,Suspicious login hour
DTAA/JCC0998,PC-3882,2011-01-04 05:58:00,5.0,login,,,,1,Suspicious login hour
DTAA/BJM0992,PC-3052,2011-01-04 21:00:00,21.0,login,,,,1,Suspicious login hour
DTAA/ODW0839,PC-1940,2011-01-04 21:07:00,21.0,login,,,,1,Suspicious login hour
DTAA/NAT0252,PC-1796,2011-01-04 21:13:00,21.0,login,,,,1,Suspicious login hour
DTAA/CGM0994,PC-0001,2011-01-04 21:20:00,21.0,login,,,,1,Suspicious login hour
DTAA/SKL0881,PC-1581,2011-01-04 21:21:00,21.0,login,,,,1,Suspicious login hour
DTAA/VAH0262,PC-1398,2011-01-04 21:22:00,21.0,login,,,,1,Suspicious login hour
DTAA/KEE0997,PC-3992,2011-01-04 21:27:00,21.0,login,,,,1,Suspicious login hour
DTAA/CLN0999,PC-0238,2011-01-04 21:27:00,21.0,login,,,,1,Suspicious login hour
DTAA/AMA0191,PC-4736,2011-01-04 21:31:00,21.0,login,,,,1,Suspicious login hour
DTAA/NDS0490,PC-2549,2011-01-04 21:34:00,21.0,login,,,,1,Suspicious login hour
DTAA/CGM0994,PC-0001,2011-01-04 21:38:00,21.0,login,,,,1,Suspicious login hour
DTAA/BJM0992,PC-3052,2011-01-04 21:39:00,21.0,login,,,,1,Suspicious login hour
DTAA/KEE0997,PC-3992,2011-01-04 21:41:00,21.0,login,,,,1,Suspicious login hour
DTAA/BAF0379,PC-3645,2011-01-04 21:56:00,21.0,login,,,,1,Suspicious login hour
DTAA/ELD1000,PC-1112,2011-01-04 21:57:00,21.0,login,,,,1,Suspicious login hour
DTAA/ARS0993,PC-2000,2011-01-04 21:59:00,21.0,login,,,,1,Suspicious login hour
DTAA/CMF0339,PC-1939,2011-01-04 22:01:00,22.0,login,,,,1,Suspicious login hour
DTAA/JCC0998,PC-1631,2011-01-04 22:02:00,22.0,login,,,,1,Suspicious login hour
DTAA/ARS0993,PC-1212,2011-01-04 22:07:00,22.0,login,,,,1,Suspicious login hour
DTAA/ELD1000,PC-1112,2011-01-04 22:11:00,22.0,login,,,,1,Suspicious login hour
DTAA/ARS0993,PC-1212,2011-01-04 22:13:00,22.0,login,,,,1,Suspicious login hour
DTAA/JTT0989,PC-1217,2011-01-04 22:27:00,22.0,login,,,,1,Suspicious login hour
DTAA/JCC0998,PC-1631,2011-01-04 22:31:00,22.0,login,,,,1,Suspicious login hour
DTAA/JTT0989,PC-1217,2011-01-04 22:38:00,22.0,login,,,,1,Suspicious login hour
DTAA/BAF0379,PC-3645,2011-01-04 22:39:00,22.0,login,,,,1,Suspicious login hour
DTAA/ARS0993,PC-2000,2011-01-04 22:41:00,22.0,login,,,,1,Suspicious login hour
DTAA/CLB0995,PC-4335,2011-01-04 22:51:00,22.0,login,,,,1,Suspicious login hour
DTAA/AMA0191,PC-4736,2011-01-04 22:55:00,22.0,login,,,,1,Suspicious login hour
DTAA/CLB0995,PC-4335,2011-01-04 22:56:00,22.0,login,,,,1,Suspicious login hour
DTAA/ARS0993,PC-2844,2011-01-04 22:57:00,22.0,login,,,,1,Suspicious login hour
DTAA/ARS0993,PC-2844,2011-01-04 23:10:00,23.0,login,,,,1,Suspicious login hour
DTAA/ARS0993,PC-4820,2011-01-04 23:15:00,23.0,login,,,,1,Suspicious login hour
DTAA/CLN0999,PC-0316,2011-01-04 23:20:00,23.0,login,,,,1,Suspicious login hour
DTAA/AJP0553,PC-1270,2011-01-04 23:34:00,23.0,login,,,,1,Suspicious login hour
DTAA/ARS0993,PC-4820,2011-01-04 23:39:00,23.0,login,,,,1,Suspicious login hour
DTAA/CLN0999,PC-0316,2011-01-04 23:41:00,23.0,login,,,,1,Suspicious login hour
DTAA/BJM0992,PC-1764,2011-01-04 23:49:00,23.0,login,,,,1,Suspicious login hour
DTAA/DSM0990,PC-2652,2011-01-05 00:06:00,0.0,login,,,,1,Suspicious login hour
DTAA/BJM0992,PC-1764,2011-01-05 00:06:00,0.0,login,,,,1,Suspicious login hour
DTAA/ARS0993,PC-3512,2011-01-05 00:16:00,0.0,login,,,,1,Suspicious login hour
DTAA/DSM0990,PC-2652,2011-01-05 00:17:00,0.0,login,,,,1,Suspicious login hour
DTAA/ABS0726,PC-3698,2011-01-05 00:19:00,0.0,login,,,,1,Suspicious login hour
DTAA/CLN0999,PC-3644,2011-01-05 00:24:00,0.0,login,,,,1,Suspicious login hour
DTAA/ARS0993,PC-3512,2011-01-05 00:26:00,0.0,login,,,,1,Suspicious login hour
DTAA/ARS0993,PC-2316,2011-01-05 00:29:00,0.0,login,,,,1,Suspicious login hour
DTAA/CTF0687,PC-2959,2011-01-05 00:37:00,0.0,login,,,,1,Suspicious login hour
DTAA/CLN0999,PC-3644,2011-01-05 00:39:00,0.0,login,,,,1,Suspicious login hour
DTAA/ARS0993,PC-4442,2011-01-05 00:42:00,0.0,login,,,,1,Suspicious login hour
DTAA/DSM0990,PC-4474,2011-01-05 01:00:00,1.0,login,,,,1,Suspicious login hour
DTAA/ARS0993,PC-2316,2011-01-05 01:12:00,1.0,login,,,,1,Suspicious login hour
DTAA/DSM0990,PC-4474,2011-01-05 01:18:00,1.0,login,,,,1,Suspicious login hour
DTAA/JTT0989,PC-3818,2011-01-05 01:22:00,1.0,login,,,,1,Suspicious login hour
DTAA/ARS0993,PC-4442,2011-01-05 01:27:00,1.0,login,,,,1,Suspicious login hour
DTAA/ELD1000,PC-4944,2011-01-05 01:38:00,1.0,login,,,,1,Suspicious login hour
DTAA/JTT0989,PC-3818,2011-01-05 01:44:00,1.0,login,,,,1,Suspicious login hour
DTAA/JTT0989,PC-4670,2011-01-05 01:55:00,1.0,login,,,,1,Suspicious login hour
DTAA/SDC0032,PC-3081,2011-01-05 02:02:00,2.0,login,,,,1,Suspicious login hour
DTAA/ELD1000,PC-4944,2011-01-05 02:03:00,2.0,login,,,,1,Suspicious login hour
DTAA/JTT0989,PC-4670,2011-01-05 02:04:00,2.0,login,,,,1,Suspicious login hour
DTAA/CGM0994,PC-1434,2011-01-05 02:05:00,2.0,login,,,,1,Suspicious login hour
DTAA/DFZ0063,PC-4442,2011-01-05 02:12:00,2.0,login,,,,1,Suspicious login hour
DTAA/BTW0973,PC-4462,2011-01-05 02:12:00,2.0,login,,,,1,Suspicious login hour
DTAA/ARS0993,PC-0672,2011-01-05 02:15:00,2.0,login,,,,1,Suspicious login hour
DTAA/CGM0994,PC-1434,2011-01-05 02:27:00,2.0,login,,,,1,Suspicious login hour
DTAA/DFZ0063,PC-4442,2011-01-05 02:28:00,2.0,login,,,,1,Suspicious login hour
DTAA/ARS0993,PC-0672,2011-01-05 02:35:00,2.0,login,,,,1,Suspicious login hour
DTAA/HNS0858,PC-3790,2011-01-05 02:56:00,2.0,login,,,,1,Suspicious login hour
DTAA/KEE0997,PC-2467,2011-01-05 03:08:00,3.0,login,,,,1,Suspicious login hour
DTAA/HNS0858,PC-3790,2011-01-05 03:13:00,3.0,login,,,,1,Suspicious login hour
DTAA/JAH0544,PC-4081,2011-01-05 03:43:00,3.0,login,,,,1,Suspicious login hour
DTAA/KEE0997,PC-2467,2011-01-05 03:49:00,3.0,login,,,,1,Suspicious login hour
DTAA/SDC0032,PC-3081,2011-01-05 03:54:00,3.0,login,,,,1,Suspicious login hour
DTAA/ABS0726,PC-3698,2011-01-05 04:07:00,4.0,login,,,,1,Suspicious login hour
DTAA/JCC0998,PC-3822,2011-01-05 04:09:00,4.0,login,,,,1,Suspicious login hour
DTAA/RAH0968,PC-3119,2011-01-05 04:11:00,4.0,login,,,,1,Suspicious login hour
DTAA/KEE0997,PC-3879,2011-01-05 04:17:00,4.0,login,,,,1,Suspicious login hour
DTAA/JCC0998,PC-1822,2011-01-05 04:32:00,4.0,login,,,,1,Suspicious login hour
DTAA/JCC0998,PC-3822,2011-01-05 04:35:00,4.0,login,,,,1,Suspicious login hour
DTAA/JCC0998,PC-1822,2011-01-05 04:44:00,4.0,login,,,,1,Suspicious login hour
DTAA/MQL0135,PC-4656,2011-01-05 04:50:00,4.0,login,,,,1,Suspicious login hour
DTAA/KEE0997,PC-3879,2011-01-05 04:50:00,4.0,login,,,,1,Suspicious login hour
DTAA/BTW0973,PC-4462,2011-01-05 04:51:00,4.0,login,,,,1,Suspicious login hour
DTAA/MQL0135,PC-4656,2011-01-05 05:18:00,5.0,login,,,,1,Suspicious login hour
DTAA/CMF0339,PC-1939,2011-01-05 05:20:00,5.0,login,,,,1,Suspicious login hour
DTAA/JLM0053,PC-1334,2011-01-05 05:22:00,5.0,login,,,,1,Suspicious login hour
DTAA/CRC0996,PC-2668,2011-01-05 05:46:00,5.0,login,,,,1,Suspicious login hour
DTAA/JAH0544,PC-4081,2011-01-05 05:48:00,5.0,login,,,,1,Suspicious login hour
DTAA/KEE0997,PC-0002,2011-01-05 05:49:00,5.0,login,,,,1,Suspicious login hour
DTAA/CRC0996,PC-2668,2011-01-05 05:55:00,5.0,login,,,,1,Suspicious login hour
DTAA/ELD1000,PC-1763,2011-01-05 05:55:00,5.0,login,,,,1,Suspicious login hour
DTAA/RAH0968,PC-3119,2011-01-05 05:59:00,5.0,login,,,,1,Suspicious login hour
DTAA/IRC0991,PC-4625,2011-01-05 21:00:00,21.0,login,,,,1,Suspicious login hour
DTAA/FKR0550,PC-2469,2011-01-05 21:04:00,21.0,login,,,,1,Suspicious login hour
DTAA/ARC0677,PC-0465,2011-01-05 21:04:00,21.0,login,,,,1,Suspicious login hour
DTAA/DSM0990,PC-4673,2011-01-05 21:06:00,21.0,login,,,,1,Suspicious login hour
DTAA/VAH0262,PC-1398,2011-01-05 21:14:00,21.0,login,,,,1,Suspicious login hour
DTAA/CLN0999,PC-1669,2011-01-05 21:18:00,21.0,login,,,,1,Suspicious login hour
DTAA/NAT0252,PC-1796,2011-01-05 21:20:00,21.0,login,,,,1,Suspicious login hour
DTAA/ARS0993,PC-4773,2011-01-05 21:20:00,21.0,login,,,,1,Suspicious login hour
DTAA/SKL0881,PC-1581,2011-01-05 21:21:00,21.0,login,,,,1,Suspicious login hour
DTAA/IRC0991,PC-4625,2011-01-05 21:28:00,21.0,login,,,,1,Suspicious login hour
DTAA/NDS0490,PC-2549,2011-01-05 21:38:00,21.0,login,,,,1,Suspicious login hour
DTAA/ELD1000,PC-4696,2011-01-05 21:56:00,21.0,login,,,,1,Suspicious login hour
DTAA/JCC0998,PC-1441,2011-01-05 21:59:00,21.0,login,,,,1,Suspicious login hour
DTAA/JCC0998,PC-1441,2011-01-05 22:02:00,22.0,login,,,,1,Suspicious login hour
DTAA/CLN0999,PC-2344,2011-01-05 22:11:00,22.0,login,,,,1,Suspicious login hour
DTAA/ELD1000,PC-4696,2011-01-05 22:15:00,22.0,login,,,,1,Suspicious login hour
DTAA/DSM0990,PC-4678,2011-01-05 22:32:00,22.0,login,,,,1,Suspicious login hour
DTAA/CTH0856,PC-4677,2011-01-05 22:37:00,22.0,login,,,,1,Suspicious login hour
DTAA/CLN0999,PC-2344,2011-01-05 22:48:00,22.0,login,,,,1,Suspicious login hour
DTAA/CLN0999,PC-1699,2011-01-05 23:00:00,23.0,login,,,,1,Suspicious login hour
DTAA/DSM0990,PC-4678,2011-01-05 23:03:00,23.0,login,,,,1,Suspicious login hour
DTAA/CLN0999,PC-1699,2011-01-05 23:24:00,23.0,login,,,,1,Suspicious login hour
DTAA/CGM0994,PC-1898,2011-01-06 00:13:00,0.0,login,,,,1,Suspicious login hour
DTAA/IRC0991,PC-0288,2011-01-06 00:27:00,0.0,login,,,,1,Suspicious login hour
DTAA/CGM0994,PC-1898,2011-01-06 00:30:00,0.0,login,,,,1,Suspicious login hour
DTAA/CLB0995,PC-0003,2011-01-06 00:36:00,0.0,login,,,,1,Suspicious login hour
DTAA/IRC0991,PC-0288,2011-01-06 01:03:00,1.0,login,,,,1,Suspicious login hour
DTAA/CLB0995,PC-0003,2011-01-06 01:17:00,1.0,login,,,,1,Suspicious login hour
DTAA/RBC0879,PC-1261,2011-01-06 02:03:00,2.0,login,,,,1,Suspicious login hour
DTAA/DSM0990,PC-2395,2011-01-06 02:15:00,2.0,login,,,,1,Suspicious login hour
DTAA/BJM0992,PC-0191,2011-01-06 02:29:00,2.0,login,,,,1,Suspicious login hour
DTAA/JCC0998,PC-4158,2011-01-06 02:37:00,2.0,login,,,,1,Suspicious login hour
DTAA/JCC0998,PC-4158,2011-01-06 02:46:00,2.0,login,,,,1,Suspicious login hour
DTAA/JTT0989,PC-1226,2011-01-06 02:48:00,2.0,login,,,,1,Suspicious login hour
DTAA/KAD0059,PC-4031,2011-01-06 02:50:00,2.0,login,,,,1,Suspicious login hour
DTAA/JTT0989,PC-4332,2011-01-06 02:52:00,2.0,login,,,,1,Suspicious login hour
DTAA/IRC0991,PC-0542,2011-01-06 02:53:00,2.0,login,,,,1,Suspicious login hour
DTAA/DSM0990,PC-2395,2011-01-06 02:53:00,2.0,login,,,,1,Suspicious login hour
DTAA/LJR0772,PC-3780,2011-01-06 02:55:00,2.0,login,,,,1,Suspicious login hour
DTAA/BJM0992,PC-0191,2011-01-06 02:57:00,2.0,login,,,,1,Suspicious login hour
DTAA/JTT0989,PC-4332,2011-01-06 03:07:00,3.0,login,,,,1,Suspicious login hour
DTAA/JTT0989,PC-1226,2011-01-06 03:24:00,3.0,login,,,,1,Suspicious login hour
DTAA/IRC0991,PC-0542,2011-01-06 03:37:00,3.0,login,,,,1,Suspicious login hour
DTAA/CRC0996,PC-4705,2011-01-06 03:55:00,3.0,login,,,,1,Suspicious login hour
DTAA/ARS0993,PC-2477,2011-01-06 04:04:00,4.0,login,,,,1,Suspicious login hour
DTAA/RBC0879,PC-1261,2011-01-06 04:17:00,4.0,login,,,,1,Suspicious login hour
DTAA/CGM0994,PC-0768,2011-01-06 04:19:00,4.0,login,,,,1,Suspicious login hour
DTAA/ARS0993,PC-2477,2011-01-06 04:27:00,4.0,login,,,,1,Suspicious login hour
DTAA/CRC0996,PC-4705,2011-01-06 04:35:00,4.0,login,,,,1,Suspicious login hour
DTAA/KAD0059,PC-4031,2011-01-06 04:42:00,4.0,login,,,,1,Suspicious login hour
DTAA/CGM0994,PC-0768,2011-01-06 04:43:00,4.0,login,,,,1,Suspicious login hour
DTAA/ARS0993,PC-0497,2011-01-06 04:44:00,4.0,login,,,,1,Suspicious login hour
DTAA/ARS0993,PC-0497,2011-01-06 04:53:00,4.0,login,,,,1,Suspicious login hour
DTAA/DIS0382,PC-2501,2011-01-06 05:02:00,5.0,login,,,,1,Suspicious login hour
DTAA/IRC0991,PC-2632,2011-01-06 05:05:00,5.0,login,,,,1,Suspicious login hour
DTAA/DSM0990,PC-3996,2011-01-06 05:14:00,5.0,login,,,,1,Suspicious login hour
DTAA/DIS0382,PC-2501,2011-01-06 05:15:00,5.0,login,,,,1,Suspicious login hour
DTAA/LJR0772,PC-3780,2011-01-06 05:27:00,5.0,login,,,,1,Suspicious login hour
DTAA/CLN0999,PC-4525,2011-01-06 05:28:00,5.0,login,,,,1,Suspicious login hour
DTAA/IRC0991,PC-2632,2011-01-06 05:39:00,5.0,login,,,,1,Suspicious login hour
DTAA/DSM0990,PC-3996,2011-01-06 05:39:00,5.0,login,,,,1,Suspicious login hour
DTAA/CLN0999,PC-4525,2011-01-06 05:44:00,5.0,login,,,,1,Suspicious login hour
DTAA/CGM0994,PC-2210,2011-01-06 05:56:00,5.0,login,,,,1,Suspicious login hour
DTAA/DJW0368,PC-2518,2011-01-06 21:01:00,21.0,login,,,,1,Suspicious login hour
DTAA/ODW0839,PC-1940,2011-01-06 21:01:00,21.0,login,,,,1,Suspicious login hour
DTAA/JCC0998,PC-2222,2011-01-06 21:17:00,21.0,login,,,,1,Suspicious login hour
DTAA/VAH0262,PC-1398,2011-01-06 21:17:00,21.0,login,,,,1,Suspicious login hour
DTAA/SKL0881,PC-1581,2011-01-06 21:21:00,21.0,login,,,,1,Suspicious login hour
DTAA/NAT0252,PC-1796,2011-01-06 21:24:00,21.0,login,,,,1,Suspicious login hour
DTAA/CHA0174,PC-2751,2011-01-06 21:26:00,21.0,login,,,,1,Suspicious login hour
DTAA/CLN0999,PC-1243,2011-01-06 21:35:00,21.0,login,,,,1,Suspicious login hour
DTAA/NDS0490,PC-2549,2011-01-06 21:35:00,21.0,login,,,,1,Suspicious login hour
DTAA/JCC0998,PC-2222,2011-01-06 21:52:00,21.0,login,,,,1,Suspicious login hour
DTAA/ELD1000,PC-2365,2011-01-06 21:56:00,21.0,login,,,,1,Suspicious login hour
DTAA/CLN0999,PC-1243,2011-01-06 22:11:00,22.0,login,,,,1,Suspicious login hour
DTAA/ELD1000,PC-2365,2011-01-06 22:33:00,22.0,login,,,,1,Suspicious login hour
DTAA/CLB0995,PC-4692,2011-01-06 22:50:00,22.0,login,,,,1,Suspicious login hour
DTAA/CRC0996,PC-2791,2011-01-06 23:12:00,23.0,login,,,,1,Suspicious login hour
DTAA/CLB0995,PC-4692,2011-01-06 23:16:00,23.0,login,,,,1,Suspicious login hour
DTAA/CRC0996,PC-2791,2011-01-06 23:42:00,23.0,login,,,,1,Suspicious login hour
DTAA/JCC0998,PC-4057,2011-01-07 00:18:00,0.0,login,,,,1,Suspicious login hour
DTAA/JCC0998,PC-4057,2011-01-07 00:21:00,0.0,login,,,,1,Suspicious login hour
DTAA/DJW0368,PC-2518,2011-01-07 00:25:00,0.0,login,,,,1,Suspicious login hour
DTAA/VNM0127,PC-3456,2011-01-07 00:44:00,0.0,login,,,,1,Suspicious login hour
DTAA/KEE0997,PC-0714,2011-01-07 01:00:00,1.0,login,,,,1,Suspicious login hour
DTAA/CHA0174,PC-2751,2011-01-07 01:14:00,1.0,login,,,,1,Suspicious login hour
DTAA/KEE0997,PC-0714,2011-01-07 01:19:00,1.0,login,,,,1,Suspicious login hour
DTAA/DSM0990,PC-4863,2011-01-07 01:22:00,1.0,login,,,,1,Suspicious login hour
DTAA/CRC0996,PC-1782,2011-01-07 01:26:00,1.0,login,,,,1,Suspicious login hour
DTAA/CRC0996,PC-4365,2011-01-07 01:34:00,1.0,login,,,,1,Suspicious login hour
DTAA/CRC0996,PC-1782,2011-01-07 01:38:00,1.0,login,,,,1,Suspicious login hour
DTAA/CRC0996,PC-4365,2011-01-07 01:44:00,1.0,login,,,,1,Suspicious login hour
DTAA/MCF0427,PC-3754,2011-01-07 02:06:00,2.0,login,,,,1,Suspicious login hour
DTAA/CLK0383,PC-0419,2011-01-07 02:10:00,2.0,login,,,,1,Suspicious login hour
DTAA/JCC0998,PC-4867,2011-01-07 02:17:00,2.0,login,,,,1,Suspicious login hour
DTAA/CLB0995,PC-2149,2011-01-07 02:24:00,2.0,login,,,,1,Suspicious login hour
DTAA/CLB0995,PC-2149,2011-01-07 02:29:00,2.0,login,,,,1,Suspicious login hour
DTAA/JHD0512,PC-2683,2011-01-07 02:37:00,2.0,login,,,,1,Suspicious login hour
DTAA/RQH0770,PC-4225,2011-01-07 02:40:00,2.0,login,,,,1,Suspicious login hour
DTAA/JCC0998,PC-4867,2011-01-07 02:43:00,2.0,login,,,,1,Suspicious login hour
DTAA/JCC0998,PC-3588,2011-01-07 02:54:00,2.0,login,,,,1,Suspicious login hour
DTAA/ARS0993,PC-4272,2011-01-07 02:56:00,2.0,login,,,,1,Suspicious login hour
DTAA/JCC0998,PC-3588,2011-01-07 02:56:00,2.0,login,,,,1,Suspicious login hour
DTAA/IRC0991,PC-0028,2011-01-07 03:02:00,3.0,login,,,,1,Suspicious login hour
DTAA/ARS0993,PC-4272,2011-01-07 03:09:00,3.0,login,,,,1,Suspicious login hour
DTAA/IRC0991,PC-0028,2011-01-07 03:30:00,3.0,login,,,,1,Suspicious login hour
DTAA/RQH0770,PC-4225,2011-01-07 03:41:00,3.0,login,,,,1,Suspicious login hour
DTAA/CLK0383,PC-0419,2011-01-07 03:50:00,3.0,login,,,,1,Suspicious login hour
DTAA/DSM0990,PC-4863,2011-01-07 04:20:00,4.0,login,,,,1,Suspicious login hour
DTAA/CGM0994,PC-1005,2011-01-07 04:25:00,4.0,login,,,,1,Suspicious login hour
DTAA/CGM0994,PC-1005,2011-01-07 04:26:00,4.0,login,,,,1,Suspicious login hour
DTAA/JTT0989,PC-0174,2011-01-07 04:27:00,4.0,login,,,,1,Suspicious login hour
DTAA/ELD1000,PC-4863,2011-01-07 04:37:00,4.0,login,,,,1,Suspicious login hour
DTAA/CWG0305,PC-1107,2011-01-07 04:39:00,4.0,login,,,,1,Suspicious login hour
DTAA/ELD1000,PC-4863,2011-01-07 04:58:00,4.0,login,,,,1,Suspicious login hour
DTAA/JHD0512,PC-2683,2011-01-07 05:10:00,5.0,login,,,,1,Suspicious login hour
DTAA/JTT0989,PC-0174,2011-01-07 05:11:00,5.0,login,,,,1,Suspicious login hour
DTAA/BJM0992,PC-4492,2011-01-07 05:28:00,5.0,login,,,,1,Suspicious login hour
DTAA/CGM0994,PC-4079,2011-01-07 05:32:00,5.0,login,,,,1,Suspicious login hour
DTAA/KEE0997,PC-2407,2011-01-07 05:42:00,5.0,login,,,,1,Suspicious login hour
DTAA/ASO0023,PC-3990,2011-01-07 05:55:00,5.0,login,,,,1,Suspicious login hour
DTAA/DSM0990,PC-1381,2011-01-07 05:56:00,5.0,login,,,,1,Suspicious login hour
DTAA/CGM0994,PC-4079,2011-01-07 05:57:00,5.0,login,,,,1,Suspicious login hour
DTAA/ODW0839,PC-1940,2011-01-07 21:00:00,21.0,login,,,,1,Suspicious login hour
DTAA/MSV0506,PC-3240,2011-01-07 21:04:00,21.0,login,,,,1,Suspicious login hour
DTAA/CLB0995,PC-0249,2011-01-07 21:14:00,21.0,login,,,,1,Suspicious login hour
DTAA/VAH0262,PC-1398,2011-01-07 21:15:00,21.0,login,,,,1,Suspicious login hour
DTAA/NAT0252,PC-1796,2011-01-07 21:20:00,21.0,login,,,,1,Suspicious login hour
DTAA/SKL0881,PC-1581,2011-01-07 21:22:00,21.0,login,,,,1,Suspicious login hour
DTAA/JTT0989,PC-0318,2011-01-07 21:26:00,21.0,login,,,,1,Suspicious login hour
DTAA/IRC0991,PC-4228,2011-01-07 21:28:00,21.0,login,,,,1,Suspicious login hour
DTAA/NDS0490,PC-2549,2011-01-07 21:31:00,21.0,login,,,,1,Suspicious login hour
DTAA/JCC0998,PC-4253,2011-01-07 21:33:00,21.0,login,,,,1,Suspicious login hour
DTAA/JTT0989,PC-0318,2011-01-07 21:42:00,21.0,login,,,,1,Suspicious login hour
DTAA/MSV0506,PC-3240,2011-01-07 21:56:00,21.0,login,,,,1,Suspicious login hour
DTAA/KEE0997,PC-0462,2011-01-07 22:00:00,22.0,login,,,,1,Suspicious login hour
DTAA/ELD1000,PC-0906,2011-01-07 22:04:00,22.0,login,,,,1,Suspicious login hour
DTAA/KEE0997,PC-4532,2011-01-07 22:11:00,22.0,login,,,,1,Suspicious login hour
DTAA/IRC0991,PC-4228,2011-01-07 22:13:00,22.0,login,,,,1,Suspicious login hour
DTAA/JCC0998,PC-4253,2011-01-07 22:14:00,22.0,login,,,,1,Suspicious login hour
DTAA/DSM0990,PC-4162,2011-01-07 22:25:00,22.0,login,,,,1,Suspicious login hour
DTAA/KEE0997,PC-0462,2011-01-07 22:28:00,22.0,login,,,,1,Suspicious login hour
DTAA/CGM0994,PC-3784,2011-01-07 22:31:00,22.0,login,,,,1,Suspicious login hour
DTAA/CGM0994,PC-3784,2011-01-07 22:33:00,22.0,login,,,,1,Suspicious login hour
DTAA/ELD1000,PC-0906,2011-01-07 22:35:00,22.0,login,,,,1,Suspicious login hour
DTAA/KEE0997,PC-4532,2011-01-07 22:36:00,22.0,login,,,,1,Suspicious login hour
DTAA/DSM0990,PC-4162,2011-01-07 22:37:00,22.0,login,,,,1,Suspicious login hour
DTAA/HCG0731,PC-4643,2011-01-07 22:39:00,22.0,login,,,,1,Suspicious login hour
DTAA/AKW0582,PC-0891,2011-01-07 22:39:00,22.0,login,,,,1,Suspicious login hour
DTAA/JCS0873,PC-1560,2011-01-07 22:48:00,22.0,login,,,,1,Suspicious login hour
DTAA/SRN0275,PC-3531,2011-01-07 23:07:00,23.0,login,,,,1,Suspicious login hour
DTAA/IRC0991,PC-0650,2011-01-07 23:10:00,23.0,login,,,,1,Suspicious login hour
DTAA/SRN0275,PC-3531,2011-01-07 23:13:00,23.0,login,,,,1,Suspicious login hour
DTAA/HTS0265,PC-1744,2011-01-07 23:18:00,23.0,login,,,,1,Suspicious login hour
DTAA/CLB0995,PC-0416,2011-01-07 23:19:00,23.0,login,,,,1,Suspicious login hour
DTAA/IRC0991,PC-0650,2011-01-07 23:22:00,23.0,login,,,,1,Suspicious login hour
DTAA/HTS0265,PC-1744,2011-01-07 23:28:00,23.0,login,,,,1,Suspicious login hour
DTAA/CLN0999,PC-4052,2011-01-07 23:31:00,23.0,login,,,,1,Suspicious login hour
DTAA/CLB0995,PC-0416,2011-01-07 23:34:00,23.0,login,,,,1,Suspicious login hour
DTAA/CGM0994,PC-4895,2011-01-07 23:35:00,23.0,login,,,,1,Suspicious login hour
DTAA/CLN0999,PC-4052,2011-01-07 23:43:00,23.0,login,,,,1,Suspicious login hour
DTAA/CGM0994,PC-4895,2011-01-08 00:13:00,0.0,login,,,,1,Suspicious login hour
DTAA/EMR0242,PC-1306,2011-01-08 01:03:00,1.0,login,,,,1,Suspicious login hour
DTAA/HNS0858,PC-3790,2011-01-08 01:31:00,1.0,login,,,,1,Suspicious login hour
DTAA/JLL0301,PC-0807,2011-01-08 02:13:00,2.0,login,,,,1,Suspicious login hour
DTAA/RLC0442,PC-1467,2011-01-08 02:44:00,2.0,login,,,,1,Suspicious login hour
DTAA/JLL0301,PC-0807,2011-01-08 02:51:00,2.0,login,,,,1,Suspicious login hour
DTAA/WTA0867,PC-1522,2011-01-08 03:39:00,3.0,login,,,,1,Suspicious login hour
DTAA/HTC0607,PC-1033,2011-01-08 05:19:00,5.0,login,,,,1,Suspicious login hour
DTAA/AKW0582,PC-0891,2011-01-08 05:26:00,5.0,login,,,,1,Suspicious login hour
DTAA/BTW0973,PC-4462,2011-01-08 05:35:00,5.0,login,,,,1,Suspicious login hour
DTAA/HCG0731,PC-4643,2011-01-08 05:38:00,5.0,login,,,,1,Suspicious login hour
DTAA/WTA0867,PC-1522,2011-01-08 05:45:00,5.0,login,,,,1,Suspicious login hour
DTAA/BTW0973,PC-4462,2011-01-08 05:46:00,5.0,login,,,,1,Suspicious login hour
DTAA/CGM0994,PC-1513,2011-01-10 00:16:00,0.0,login,,,,1,Suspicious login hour
DTAA/CGM0994,PC-1513,2011-01-10 00:42:00,0.0,login,,,,1,Suspicious login hour
DTAA/CRC0996,PC-0936,2011-01-10 01:00:00,1.0,login,,,,1,Suspicious login hour
DTAA/CRC0996,PC-0936,2011-01-10 01:15:00,1.0,login,,,,1,Suspicious login hour
DTAA/CLN0999,PC-1458,2011-01-10 01:57:00,1.0,login,,,,1,Suspicious login hour
DTAA/CLN0999,PC-1458,2011-01-10 02:08:00,2.0,login,,,,1,Suspicious login hour
DTAA/JCC0998,PC-0248,2011-01-10 02:44:00,2.0,login,,,,1,Suspicious login hour
DTAA/JTT0989,PC-0431,2011-01-10 02:54:00,2.0,login,,,,1,Suspicious login hour
DTAA/DSM0990,PC-3799,2011-01-10 02:57:00,2.0,login,,,,1,Suspicious login hour
DTAA/JCC0998,PC-0248,2011-01-10 02:59:00,2.0,login,,,,1,Suspicious login hour
DTAA/CGM0994,PC-2701,2011-01-10 03:10:00,3.0,login,,,,1,Suspicious login hour
DTAA/ARS0993,PC-0921,2011-01-10 03:13:00,3.0,login,,,,1,Suspicious login hour
DTAA/KEE0997,PC-0440,2011-01-10 03:20:00,3.0,login,,,,1,Suspicious login hour
DTAA/CGM0994,PC-2701,2011-01-10 03:23:00,3.0,login,,,,1,Suspicious login hour
DTAA/ARS0993,PC-0921,2011-01-10 03:23:00,3.0,login,,,,1,Suspicious login hour
DTAA/KEE0997,PC-0440,2011-01-10 03:29:00,3.0,login,,,,1,Suspicious login hour
DTAA/JTT0989,PC-0431,2011-01-10 03:31:00,3.0,login,,,,1,Suspicious login hour
DTAA/DSM0990,PC-3799,2011-01-10 03:42:00,3.0,login,,,,1,Suspicious login hour
DTAA/CRC0996,PC-3489,2011-01-10 04:07:00,4.0,login,,,,1,Suspicious login hour
DTAA/JCC0998,PC-0240,2011-01-10 04:21:00,4.0,login,,,,1,Suspicious login hour
DTAA/JCC0998,PC-0433,2011-01-10 04:29:00,4.0,login,,,,1,Suspicious login hour
DTAA/CRC0996,PC-3489,2011-01-10 04:29:00,4.0,login,,,,1,Suspicious login hour
DTAA/JCC0998,PC-0240,2011-01-10 04:33:00,4.0,login,,,,1,Suspicious login hour
DTAA/JCC0998,PC-0433,2011-01-10 04:51:00,4.0,login,,,,1,Suspicious login hour
DTAA/ARS0993,PC-2382,2011-01-10 05:04:00,5.0,login,,,,1,Suspicious login hour
DTAA/IRC0991,PC-4046,2011-01-10 05:06:00,5.0,login,,,,1,Suspicious login hour
DTAA/IRC0991,PC-4046,2011-01-10 05:08:00,5.0,login,,,,1,Suspicious login hour
DTAA/IRC0991,PC-3326,2011-01-10 05:13:00,5.0,login,,,,1,Suspicious login hour
DTAA/ARS0993,PC-2382,2011-01-10 05:17:00,5.0,login,,,,1,Suspicious login hour
DTAA/ARS0993,PC-3338,2011-01-10 05:17:00,5.0,login,,,,1,Suspicious login hour
DTAA/CRC0996,PC-3415,2011-01-10 05:26:00,5.0,login,,,,1,Suspicious login hour
DTAA/JTT0989,PC-0300,2011-01-10 05:39:00,5.0,login,,,,1,Suspicious login hour
DTAA/CRC0996,PC-3415,2011-01-10 05:41:00,5.0,login,,,,1,Suspicious login hour
DTAA/BJM0992,PC-1048,2011-01-10 05:41:00,5.0,login,,,,1,Suspicious login hour
DTAA/IRC0991,PC-3326,2011-01-10 05:41:00,5.0,login,,,,1,Suspicious login hour
DTAA/ARS0993,PC-3338,2011-01-10 05:44:00,5.0,login,,,,1,Suspicious login hour
DTAA/ODW0839,PC-1940,2011-01-10 21:05:00,21.0,login,,,,1,Suspicious login hour
DTAA/CGM0994,PC-3973,2011-01-10 21:05:00,21.0,login,,,,1,Suspicious login hour
DTAA/ARC0677,PC-0465,2011-01-10 21:09:00,21.0,login,,,,1,Suspicious login hour
DTAA/ARS0993,PC-4075,2011-01-10 21:10:00,21.0,login,,,,1,Suspicious login hour
DTAA/NAT0252,PC-1796,2011-01-10 21:14:00,21.0,login,,,,1,Suspicious login hour
DTAA/BIR0534,PC-1834,2011-01-10 21:14:00,21.0,login,,,,1,Suspicious login hour
DTAA/VAH0262,PC-1398,2011-01-10 21:21:00,21.0,login,,,,1,Suspicious login hour
DTAA/MVW0630,PC-2005,2011-01-10 21:21:00,21.0,login,,,,1,Suspicious login hour
DTAA/CGM0994,PC-3973,2011-01-10 21:24:00,21.0,login,,,,1,Suspicious login hour
DTAA/SKL0881,PC-1581,2011-01-10 21:24:00,21.0,login,,,,1,Suspicious login hour
DTAA/NDS0490,PC-2549,2011-01-10 21:27:00,21.0,login,,,,1,Suspicious login hour
DTAA/CLB0995,PC-4683,2011-01-10 21:31:00,21.0,login,,,,1,Suspicious login hour
DTAA/ARS0993,PC-4075,2011-01-10 21:53:00,21.0,login,,,,1,Suspicious login hour
DTAA/CLB0995,PC-4683,2011-01-10 21:58:00,21.0,login,,,,1,Suspicious login hour
DTAA/AFO0022,PC-2218,2011-01-10 22:00:00,22.0,login,,,,1,Suspicious login hour
DTAA/JCC0998,PC-3049,2011-01-10 22:13:00,22.0,login,,,,1,Suspicious login hour
DTAA/CHS0324,PC-3251,2011-01-10 22:17:00,22.0,login,,,,1,Suspicious login hour
DTAA/JLL0301,PC-0807,2011-01-10 22:35:00,22.0,login,,,,1,Suspicious login hour
DTAA/JCC0998,PC-3049,2011-01-10 22:44:00,22.0,login,,,,1,Suspicious login hour
DTAA/KEE0997,PC-0799,2011-01-10 23:04:00,23.0,login,,,,1,Suspicious login hour
DTAA/EOS0972,PC-4981,2011-01-10 23:27:00,23.0,login,,,,1,Suspicious login hour
DTAA/CRC0996,PC-4935,2011-01-10 23:31:00,23.0,login,,,,1,Suspicious login hour
DTAA/BIR0534,PC-1834,2011-01-10 23:32:00,23.0,login,,,,1,Suspicious login hour
DTAA/KEE0997,PC-0799,2011-01-10 23:48:00,23.0,login,,,,1,Suspicious login hour
DTAA/ARS0993,PC-0557,2011-01-10 23:52:00,23.0,login,,,,1,Suspicious login hour
DTAA/DSM0990,PC-0869,2011-01-10 23:55:00,23.0,login,,,,1,Suspicious login hour
DTAA/JCC0998,PC-3870,2011-01-11 00:03:00,0.0,login,,,,1,Suspicious login hour
DTAA/ARS0993,PC-0557,2011-01-11 00:03:00,0.0,login,,,,1,Suspicious login hour
DTAA/DSM0990,PC-0869,2011-01-11 00:11:00,0.0,login,,,,1,Suspicious login hour
DTAA/CRC0996,PC-4935,2011-01-11 00:13:00,0.0,login,,,,1,Suspicious login hour
DTAA/JCC0998,PC-3870,2011-01-11 00:17:00,0.0,login,,,,1,Suspicious login hour
DTAA/KEE0997,PC-1803,2011-01-11 00:18:00,0.0,login,,,,1,Suspicious login hour
DTAA/DSM0990,PC-2368,2011-01-11 00:22:00,0.0,login,,,,1,Suspicious login hour
DTAA/JCC0998,PC-1900,2011-01-11 00:25:00,0.0,login,,,,1,Suspicious login hour
DTAA/OYR0801,PC-0088,2011-01-11 00:27:00,0.0,login,,,,1,Suspicious login hour
DTAA/JCC0998,PC-1900,2011-01-11 00:28:00,0.0,login,,,,1,Suspicious login hour
DTAA/KEE0997,PC-1803,2011-01-11 00:41:00,0.0,login,,,,1,Suspicious login hour
DTAA/DSM0990,PC-2368,2011-01-11 00:51:00,0.0,login,,,,1,Suspicious login hour
DTAA/MSV0506,PC-3240,2011-01-11 00:53:00,0.0,login,,,,1,Suspicious login hour
DTAA/AFO0022,PC-2218,2011-01-11 01:02:00,1.0,login,,,,1,Suspicious login hour
DTAA/KEE0997,PC-3058,2011-01-11 01:29:00,1.0,login,,,,1,Suspicious login hour
DTAA/CGM0994,PC-0877,2011-01-11 01:34:00,1.0,login,,,,1,Suspicious login hour
DTAA/KAD0059,PC-4031,2011-01-11 01:36:00,1.0,login,,,,1,Suspicious login hour
DTAA/KEE0997,PC-3058,2011-01-11 01:41:00,1.0,login,,,,1,Suspicious login hour
DTAA/JMM0759,PC-3490,2011-01-11 02:06:00,2.0,login,,,,1,Suspicious login hour
DTAA/CGM0994,PC-0877,2011-01-11 02:18:00,2.0,login,,,,1,Suspicious login hour
DTAA/EMR0242,PC-1306,2011-01-11 02:48:00,2.0,login,,,,1,Suspicious login hour
DTAA/OYR0801,PC-0088,2011-01-11 03:45:00,3.0,login,,,,1,Suspicious login hour
DTAA/CLB0995,PC-3599,2011-01-11 03:45:00,3.0,login,,,,1,Suspicious login hour
DTAA/CHS0324,PC-3251,2011-01-11 03:54:00,3.0,login,,,,1,Suspicious login hour
DTAA/STF0145,PC-0191,2011-01-11 04:01:00,4.0,login,,,,1,Suspicious login hour
DTAA/CLB0995,PC-3599,2011-01-11 04:14:00,4.0,login,,,,1,Suspicious login hour
DTAA/EMR0242,PC-1306,2011-01-11 04:30:00,4.0,login,,,,1,Suspicious login hour
DTAA/STF0145,PC-0191,2011-01-11 04:33:00,4.0,login,,,,1,Suspicious login hour
DTAA/KEE0997,PC-0304,2011-01-11 04:33:00,4.0,login,,,,1,Suspicious login hour
DTAA/CGM0994,PC-1939,2011-01-11 04:48:00,4.0,login,,,,1,Suspicious login hour
DTAA/IRC0991,PC-2979,2011-01-11 04:50:00,4.0,login,,,,1,Suspicious login hour
DTAA/ARS0993,PC-4952,2011-01-11 05:00:00,5.0,login,,,,1,Suspicious login hour
DTAA/KEE0997,PC-0304,2011-01-11 05:04:00,5.0,login,,,,1,Suspicious login hour
DTAA/ARS0993,PC-4952,2011-01-11 05:06:00,5.0,login,,,,1,Suspicious login hour
DTAA/CGM0994,PC-1939,2011-01-11 05:09:00,5.0,login,,,,1,Suspicious login hour
DTAA/MSV0506,PC-3240,2011-01-11 05:09:00,5.0,login,,,,1,Suspicious login hour
DTAA/IRC0991,PC-2979,2011-01-11 05:14:00,5.0,login,,,,1,Suspicious login hour
DTAA/KAD0059,PC-4031,2011-01-11 05:27:00,5.0,login,,,,1,Suspicious login hour
DTAA/CLN0999,PC-4482,2011-01-11 05:29:00,5.0,login,,,,1,Suspicious login hour
DTAA/MVW0630,PC-2005,2011-01-11 05:30:00,5.0,login,,,,1,Suspicious login hour
DTAA/CLB0995,PC-0313,2011-01-11 05:39:00,5.0,login,,,,1,Suspicious login hour
DTAA/KEE0997,PC-1270,2011-01-11 05:46:00,5.0,login,,,,1,Suspicious login hour
DTAA/CLN0999,PC-4482,2011-01-11 05:51:00,5.0,login,,,,1,Suspicious login hour
DTAA/CRC0996,PC-1169,2011-01-11 05:56:00,5.0,login,,,,1,Suspicious login hour
DTAA/IRC0991,PC-2567,2011-01-11 21:00:00,21.0,login,,,,1,Suspicious login hour
DTAA/KEE0997,PC-0209,2011-01-11 21:01:00,21.0,login,,,,1,Suspicious login hour
DTAA/WOT0549,PC-0304,2011-01-11 21:02:00,21.0,login,,,,1,Suspicious login hour
DTAA/ODW0839,PC-1940,2011-01-11 21:02:00,21.0,login,,,,1,Suspicious login hour
DTAA/ARC0677,PC-0465,2011-01-11 21:03:00,21.0,login,,,,1,Suspicious login hour
DTAA/JTT0989,PC-1046,2011-01-11 21:04:00,21.0,login,,,,1,Suspicious login hour
DTAA/VAH0262,PC-1398,2011-01-11 21:10:00,21.0,login,,,,1,Suspicious login hour
DTAA/SKL0881,PC-1581,2011-01-11 21:19:00,21.0,login,,,,1,Suspicious login hour
DTAA/NAT0252,PC-1796,2011-01-11 21:21:00,21.0,login,,,,1,Suspicious login hour
DTAA/NDS0490,PC-2549,2011-01-11 21:30:00,21.0,login,,,,1,Suspicious login hour
DTAA/JTT0989,PC-1046,2011-01-11 21:35:00,21.0,login,,,,1,Suspicious login hour
DTAA/CGM0994,PC-4462,2011-01-11 21:37:00,21.0,login,,,,1,Suspicious login hour
DTAA/ELD1000,PC-1493,2011-01-11 21:55:00,21.0,login,,,,1,Suspicious login hour
DTAA/CGM0994,PC-4462,2011-01-11 22:01:00,22.0,login,,,,1,Suspicious login hour
DTAA/IKH0904,PC-3664,2011-01-11 22:02:00,22.0,login,,,,1,Suspicious login hour
DTAA/CGM0994,PC-4047,2011-01-11 22:07:00,22.0,login,,,,1,Suspicious login hour
DTAA/IRC0991,PC-0502,2011-01-11 22:16:00,22.0,login,,,,1,Suspicious login hour
DTAA/CGM0994,PC-4047,2011-01-11 22:25:00,22.0,login,,,,1,Suspicious login hour
DTAA/CRC0996,PC-1646,2011-01-11 22:25:00,22.0,login,,,,1,Suspicious login hour
DTAA/IRC0991,PC-0502,2011-01-11 22:29:00,22.0,login,,,,1,Suspicious login hour
DTAA/IKH0904,PC-3664,2011-01-11 22:33:00,22.0,login,,,,1,Suspicious login hour
DTAA/CRC0996,PC-1646,2011-01-11 22:37:00,22.0,login,,,,1,Suspicious login hour
DTAA/ELD1000,PC-1493,2011-01-11 22:40:00,22.0,login,,,,1,Suspicious login hour
DTAA/BJM0992,PC-0834,2011-01-11 22:44:00,22.0,login,,,,1,Suspicious login hour
DTAA/JCC0998,PC-4039,2011-01-11 22:51:00,22.0,login,,,,1,Suspicious login hour
DTAA/AJA0220,PC-3872,2011-01-11 22:51:00,22.0,login,,,,1,Suspicious login hour
DTAA/TKH0211,PC-0719,2011-01-11 22:59:00,22.0,login,,,,1,Suspicious login hour
DTAA/JCC0998,PC-4039,2011-01-11 23:16:00,23.0,login,,,,1,Suspicious login hour
DTAA/IRC0991,PC-0975,2011-01-11 23:17:00,23.0,login,,,,1,Suspicious login hour
DTAA/BJM0992,PC-0834,2011-01-11 23:18:00,23.0,login,,,,1,Suspicious login hour
DTAA/WOT0549,PC-0304,2011-01-11 23:18:00,23.0,login,,,,1,Suspicious login hour
DTAA/IRC0991,PC-0975,2011-01-11 23:18:00,23.0,login,,,,1,Suspicious login hour
DTAA/CLN0999,PC-2847,2011-01-11 23:37:00,23.0,login,,,,1,Suspicious login hour
DTAA/DDK0417,PC-0980,2011-01-11 23:57:00,23.0,login,,,,1,Suspicious login hour
DTAA/CLN0999,PC-1822,2011-01-12 00:02:00,0.0,login,,,,1,Suspicious login hour
DTAA/JCC0998,PC-3261,2011-01-12 00:02:00,0.0,login,,,,1,Suspicious login hour
DTAA/CLN0999,PC-2847,2011-01-12 00:09:00,0.0,login,,,,1,Suspicious login hour
DTAA/ELD1000,PC-4209,2011-01-12 00:17:00,0.0,login,,,,1,Suspicious login hour
DTAA/JCC0998,PC-3261,2011-01-12 00:17:00,0.0,login,,,,1,Suspicious login hour
DTAA/CLN0999,PC-1822,2011-01-12 00:28:00,0.0,login,,,,1,Suspicious login hour
DTAA/CRC0996,PC-3501,2011-01-12 00:34:00,0.0,login,,,,1,Suspicious login hour
DTAA/CLN0999,PC-3960,2011-01-12 00:39:00,0.0,login,,,,1,Suspicious login hour
DTAA/HCG0731,PC-4643,2011-01-12 00:47:00,0.0,login,,,,1,Suspicious login hour
DTAA/ELD1000,PC-4209,2011-01-12 00:51:00,0.0,login,,,,1,Suspicious login hour
DTAA/CLN0999,PC-3960,2011-01-12 01:03:00,1.0,login,,,,1,Suspicious login hour
DTAA/CRC0996,PC-3501,2011-01-12 01:08:00,1.0,login,,,,1,Suspicious login hour
DTAA/AKS0283,PC-3049,2011-01-12 01:14:00,1.0,login,,,,1,Suspicious login hour
DTAA/FKR0550,PC-2469,2011-01-12 01:20:00,1.0,login,,,,1,Suspicious login hour
DTAA/DIS0382,PC-2501,2011-01-12 01:26:00,1.0,login,,,,1,Suspicious login hour
DTAA/DDK0417,PC-0980,2011-01-12 01:28:00,1.0,login,,,,1,Suspicious login hour
DTAA/JCC0998,PC-1441,2011-01-12 01:52:00,1.0,login,,,,1,Suspicious login hour
DTAA/JCC0998,PC-1441,2011-01-12 01:56:00,1.0,login,,,,1,Suspicious login hour
DTAA/AIB0797,PC-4147,2011-01-12 02:08:00,2.0,login,,,,1,Suspicious login hour
DTAA/ELD1000,PC-2886,2011-01-12 02:12:00,2.0,login,,,,1,Suspicious login hour
DTAA/ELD1000,PC-2886,2011-01-12 02:16:00,2.0,login,,,,1,Suspicious login hour
DTAA/CGM0994,PC-2053,2011-01-12 02:22:00,2.0,login,,,,1,Suspicious login hour
DTAA/CLN0999,PC-3385,2011-01-12 02:23:00,2.0,login,,,,1,Suspicious login hour
DTAA/CGM0994,PC-2053,2011-01-12 02:37:00,2.0,login,,,,1,Suspicious login hour
DTAA/CLN0999,PC-3385,2011-01-12 02:43:00,2.0,login,,,,1,Suspicious login hour
DTAA/IRC0991,PC-2926,2011-01-12 02:50:00,2.0,login,,,,1,Suspicious login hour
DTAA/IRC0991,PC-2926,2011-01-12 03:14:00,3.0,login,,,,1,Suspicious login hour
DTAA/BJM0992,PC-1870,2011-01-12 03:16:00,3.0,login,,,,1,Suspicious login hour
DTAA/CLN0999,PC-0823,2011-01-12 03:38:00,3.0,login,,,,1,Suspicious login hour
DTAA/JCC0998,PC-4327,2011-01-12 03:39:00,3.0,login,,,,1,Suspicious login hour
DTAA/CLN0999,PC-0823,2011-01-12 03:40:00,3.0,login,,,,1,Suspicious login hour
DTAA/DSM0990,PC-3818,2011-01-12 03:42:00,3.0,login,,,,1,Suspicious login hour
DTAA/CLN0999,PC-1638,2011-01-12 03:54:00,3.0,login,,,,1,Suspicious login hour
DTAA/CLN0999,PC-1638,2011-01-12 03:54:00,3.0,login,,,,1,Suspicious login hour
DTAA/BJM0992,PC-1870,2011-01-12 03:55:00,3.0,login,,,,1,Suspicious login hour
DTAA/FKR0550,PC-2469,2011-01-12 04:05:00,4.0,login,,,,1,Suspicious login hour
DTAA/JCC0998,PC-4327,2011-01-12 04:06:00,4.0,login,,,,1,Suspicious login hour
DTAA/HCG0731,PC-4643,2011-01-12 04:12:00,4.0,login,,,,1,Suspicious login hour
DTAA/DSM0990,PC-3818,2011-01-12 04:21:00,4.0,login,,,,1,Suspicious login hour
DTAA/TKH0211,PC-0719,2011-01-12 04:31:00,4.0,login,,,,1,Suspicious login hour
DTAA/KEE0997,PC-0309,2011-01-12 04:52:00,4.0,login,,,,1,Suspicious login hour
DTAA/AJA0220,PC-3872,2011-01-12 05:09:00,5.0,login,,,,1,Suspicious login hour
DTAA/KEE0997,PC-0309,2011-01-12 05:13:00,5.0,login,,,,1,Suspicious login hour
DTAA/CLB0995,PC-2161,2011-01-12 05:20:00,5.0,login,,,,1,Suspicious login hour
DTAA/CGM0994,PC-3651,2011-01-12 05:21:00,5.0,login,,,,1,Suspicious login hour
DTAA/AIB0797,PC-4147,2011-01-12 05:22:00,5.0,login,,,,1,Suspicious login hour
DTAA/CLB0995,PC-2161,2011-01-12 05:25:00,5.0,login,,,,1,Suspicious login hour
DTAA/JTT0989,PC-3653,2011-01-12 05:31:00,5.0,login,,,,1,Suspicious login hour
DTAA/JGC0775,PC-2680,2011-01-12 05:32:00,5.0,login,,,,1,Suspicious login hour
DTAA/CGM0994,PC-3651,2011-01-12 05:32:00,5.0,login,,,,1,Suspicious login hour
DTAA/CWG0305,PC-1107,2011-01-12 05:35:00,5.0,login,,,,1,Suspicious login hour
DTAA/AKS0283,PC-3049,2011-01-12 05:36:00,5.0,login,,,,1,Suspicious login hour
DTAA/JGC0775,PC-2680,2011-01-12 05:37:00,5.0,login,,,,1,Suspicious login hour
DTAA/JTT0989,PC-3653,2011-01-12 05:58:00,5.0,login,,,,1,Suspicious login hour
DTAA/PJL0320,PC-1233,2011-01-12 21:02:00,21.0,login,,,,1,Suspicious login hour
DTAA/CGM0994,PC-1158,2011-01-12 21:03:00,21.0,login,,,,1,Suspicious login hour
DTAA/ARS0993,PC-0504,2011-01-12 21:04:00,21.0,login,,,,1,Suspicious login hour
DTAA/DSM0990,PC-4773,2011-01-12 21:07:00,21.0,login,,,,1,Suspicious login hour
DTAA/NAT0252,PC-1796,2011-01-12 21:12:00,21.0,login,,,,1,Suspicious login hour
DTAA/BJM0992,PC-0201,2011-01-12 21:14:00,21.0,login,,,,1,Suspicious login hour
DTAA/DSM0990,PC-4773,2011-01-12 21:15:00,21.0,login,,,,1,Suspicious login hour
DTAA/SAP0304,PC-1331,2011-01-12 21:15:00,21.0,login,,,,1,Suspicious login hour
DTAA/VAH0262,PC-1398,2011-01-12 21:16:00,21.0,login,,,,1,Suspicious login hour
DTAA/SKL0881,PC-1581,2011-01-12 21:23:00,21.0,login,,,,1,Suspicious login hour
DTAA/DSM0990,PC-4081,2011-01-12 21:28:00,21.0,login,,,,1,Suspicious login hour
DTAA/NDS0490,PC-2549,2011-01-12 21:31:00,21.0,login,,,,1,Suspicious login hour
DTAA/ARS0993,PC-0504,2011-01-12 21:36:00,21.0,login,,,,1,Suspicious login hour
DTAA/BJM0992,PC-0201,2011-01-12 21:44:00,21.0,login,,,,1,Suspicious login hour
DTAA/CDZ0056,PC-4052,2011-01-12 21:46:00,21.0,login,,,,1,Suspicious login hour
DTAA/PCM0846,PC-1898,2011-01-12 21:48:00,21.0,login,,,,1,Suspicious login hour
DTAA/COS0121,PC-0462,2011-01-12 22:00:00,22.0,login,,,,1,Suspicious login hour
DTAA/CGM0994,PC-0002,2011-01-12 22:05:00,22.0,login,,,,1,Suspicious login hour
DTAA/JCC0998,PC-2651,2011-01-12 22:07:00,22.0,login,,,,1,Suspicious login hour
DTAA/DSM0990,PC-0690,2011-01-12 22:10:00,22.0,login,,,,1,Suspicious login hour
DTAA/DSM0990,PC-4081,2011-01-12 22:11:00,22.0,login,,,,1,Suspicious login hour
DTAA/DSM0990,PC-0690,2011-01-12 22:20:00,22.0,login,,,,1,Suspicious login hour
DTAA/JCC0998,PC-2651,2011-01-12 22:28:00,22.0,login,,,,1,Suspicious login hour
DTAA/PUH0847,PC-2550,2011-01-12 22:48:00,22.0,login,,,,1,Suspicious login hour
DTAA/CGM0994,PC-0002,2011-01-12 22:48:00,22.0,login,,,,1,Suspicious login hour
DTAA/CLB0995,PC-2855,2011-01-12 22:58:00,22.0,login,,,,1,Suspicious login hour
DTAA/CLB0995,PC-2855,2011-01-12 23:00:00,23.0,login,,,,1,Suspicious login hour
DTAA/BAF0379,PC-3645,2011-01-12 23:02:00,23.0,login,,,,1,Suspicious login hour
DTAA/CLB0995,PC-3656,2011-01-12 23:10:00,23.0,login,,,,1,Suspicious login hour
DTAA/CLB0995,PC-2127,2011-01-12 23:13:00,23.0,login,,,,1,Suspicious login hour
DTAA/CLB0995,PC-3656,2011-01-12 23:38:00,23.0,login,,,,1,Suspicious login hour
DTAA/SAH0192,PC-4079,2011-01-12 23:41:00,23.0,login,,,,1,Suspicious login hour
DTAA/IRC0991,PC-0590,2011-01-12 23:46:00,23.0,login,,,,1,Suspicious login hour
DTAA/DFZ0063,PC-4442,2011-01-12 23:47:00,23.0,login,,,,1,Suspicious login hour
DTAA/CLN0999,PC-2030,2011-01-12 23:47:00,23.0,login,,,,1,Suspicious login hour
DTAA/CLB0995,PC-2127,2011-01-12 23:49:00,23.0,login,,,,1,Suspicious login hour
DTAA/IRC0991,PC-0590,2011-01-12 23:57:00,23.0,login,,,,1,Suspicious login hour
DTAA/CRC0996,PC-2048,2011-01-12 23:58:00,23.0,login,,,,1,Suspicious login hour
DTAA/AFO0022,PC-2218,2011-02-01 00:01:00,0.0,login,,,,1,Suspicious login hour
DTAA/AJA0220,PC-3872,2011-02-01 00:02:00,0.0,login,,,,1,Suspicious login hour
DTAA/MSV0506,PC-3240,2011-02-01 00:06:00,0.0,login,,,,1,Suspicious login hour
DTAA/CHS0324,PC-3251,2011-02-01 00:08:00,0.0,login,,,,1,Suspicious login hour
DTAA/JMM0759,PC-3490,2011-02-01 00:17:00,0.0,login,,,,1,Suspicious login hour
DTAA/AJA0220,PC-3872,2011-02-01 01:25:00,1.0,login,,,,1,Suspicious login hour
DTAA/CLN0999,PC-2847,2011-02-01 01:31:00,1.0,login,,,,1,Suspicious login hour
DTAA/CLN0999,PC-2847,2011-02-01 01:34:00,1.0,login,,,,1,Suspicious login hour
DTAA/RBC0583,PC-1380,2011-02-01 01:57:00,1.0,login,,,,1,Suspicious login hour
DTAA/CLB0995,PC-3041,2011-02-01 02:10:00,2.0,login,,,,1,Suspicious login hour
DTAA/KEE0997,PC-2979,2011-02-01 02:11:00,2.0,login,,,,1,Suspicious login hour
DTAA/CLB0995,PC-3041,2011-02-01 02:13:00,2.0,login,,,,1,Suspicious login hour
DTAA/CWG0305,PC-1107,2011-02-01 02:15:00,2.0,login,,,,1,Suspicious login hour
DTAA/KEE0997,PC-2979,2011-02-01 02:30:00,2.0,login,,,,1,Suspicious login hour
DTAA/ELD1000,PC-0504,2011-02-01 02:42:00,2.0,login,,,,1,Suspicious login hour
DTAA/KEE0997,PC-4005,2011-02-01 02:52:00,2.0,login,,,,1,Suspicious login hour
DTAA/AFO0022,PC-2218,2011-02-01 02:55:00,2.0,login,,,,1,Suspicious login hour
DTAA/HCJ0171,PC-0149,2011-02-01 02:56:00,2.0,login,,,,1,Suspicious login hour
DTAA/CWG0305,PC-1107,2011-02-01 03:19:00,3.0,login,,,,1,Suspicious login hour
DTAA/ELD1000,PC-0504,2011-02-01 03:24:00,3.0,login,,,,1,Suspicious login hour
DTAA/KEE0997,PC-4005,2011-02-01 03:29:00,3.0,login,,,,1,Suspicious login hour
DTAA/IRC0991,PC-2529,2011-02-01 03:35:00,3.0,login,,,,1,Suspicious login hour
DTAA/CGM0994,PC-1870,2011-02-01 03:39:00,3.0,login,,,,1,Suspicious login hour
DTAA/IRC0991,PC-2529,2011-02-01 03:41:00,3.0,login,,,,1,Suspicious login hour
DTAA/MVW0630,PC-2005,2011-02-01 03:44:00,3.0,login,,,,1,Suspicious login hour
DTAA/CGM0994,PC-2214,2011-02-01 03:50:00,3.0,login,,,,1,Suspicious login hour
DTAA/HCJ0171,PC-0149,2011-02-01 03:52:00,3.0,login,,,,1,Suspicious login hour
DTAA/ARS0993,PC-4209,2011-02-01 03:57:00,3.0,login,,,,1,Suspicious login hour
DTAA/CGM0994,PC-2214,2011-02-01 04:10:00,4.0,login,,,,1,Suspicious login hour
DTAA/CGM0994,PC-1870,2011-02-01 04:19:00,4.0,login,,,,1,Suspicious login hour
DTAA/OYR0801,PC-0088,2011-02-01 04:34:00,4.0,login,,,,1,Suspicious login hour
DTAA/ARS0993,PC-4209,2011-02-01 04:38:00,4.0,login,,,,1,Suspicious login hour
DTAA/CHS0324,PC-3251,2011-02-01 04:52:00,4.0,login,,,,1,Suspicious login hour
DTAA/CRC0996,PC-0425,2011-02-01 04:56:00,4.0,login,,,,1,Suspicious login hour
DTAA/CRC0996,PC-0425,2011-02-01 05:03:00,5.0,login,,,,1,Suspicious login hour
DTAA/ELD1000,PC-0807,2011-02-01 05:05:00,5.0,login,,,,1,Suspicious login hour
DTAA/ELD1000,PC-4319,2011-02-01 05:19:00,5.0,login,,,,1,Suspicious login hour
DTAA/JCC0998,PC-1822,2011-02-01 05:29:00,5.0,login,,,,1,Suspicious login hour
DTAA/RBC0583,PC-1380,2011-02-01 05:31:00,5.0,login,,,,1,Suspicious login hour
DTAA/ELD1000,PC-4319,2011-02-01 05:32:00,5.0,login,,,,1,Suspicious login hour
DTAA/ELD1000,PC-0807,2011-02-01 05:33:00,5.0,login,,,,1,Suspicious login hour
DTAA/MVW0630,PC-2005,2011-02-01 05:38:00,5.0,login,,,,1,Suspicious login hour
DTAA/MSV0506,PC-3240,2011-02-01 05:39:00,5.0,login,,,,1,Suspicious login hour
DTAA/JCC0998,PC-1822,2011-02-01 05:40:00,5.0,login,,,,1,Suspicious login hour
DTAA/DSM0990,PC-1046,2011-02-01 21:04:00,21.0,login,,,,1,Suspicious login hour
DTAA/ODW0839,PC-1940,2011-02-01 21:07:00,21.0,login,,,,1,Suspicious login hour
DTAA/ARS0993,PC-4820,2011-02-01 21:10:00,21.0,login,,,,1,Suspicious login hour
DTAA/CLB0995,PC-2876,2011-02-01 21:11:00,21.0,login,,,,1,Suspicious login hour
DTAA/SKL0881,PC-1581,2011-02-01 21:17:00,21.0,login,,,,1,Suspicious login hour
DTAA/VAH0262,PC-1398,2011-02-01 21:20:00,21.0,login,,,,1,Suspicious login hour
DTAA/TKH0211,PC-0719,2011-02-01 21:23:00,21.0,login,,,,1,Suspicious login hour
DTAA/CLB0995,PC-1350,2011-02-01 21:24:00,21.0,login,,,,1,Suspicious login hour
DTAA/ARS0993,PC-4444,2011-02-01 21:26:00,21.0,login,,,,1,Suspicious login hour
DTAA/ARS0993,PC-4820,2011-02-01 21:35:00,21.0,login,,,,1,Suspicious login hour
DTAA/NDS0490,PC-2549,2011-02-01 21:36:00,21.0,login,,,,1,Suspicious login hour
DTAA/AJP0553,PC-1270,2011-02-01 21:40:00,21.0,login,,,,1,Suspicious login hour
DTAA/CLB0995,PC-0415,2011-02-01 21:41:00,21.0,login,,,,1,Suspicious login hour
DTAA/ARS0993,PC-4444,2011-02-01 21:49:00,21.0,login,,,,1,Suspicious login hour
DTAA/CLB0995,PC-0415,2011-02-01 21:53:00,21.0,login,,,,1,Suspicious login hour
DTAA/CLB0995,PC-1350,2011-02-01 21:54:00,21.0,login,,,,1,Suspicious login hour
DTAA/RQH0770,PC-4225,2011-02-01 22:14:00,22.0,login,,,,1,Suspicious login hour
DTAA/PMB0702,PC-1792,2011-02-01 22:14:00,22.0,login,,,,1,Suspicious login hour
DTAA/AKS0283,PC-3049,2011-02-01 22:15:00,22.0,login,,,,1,Suspicious login hour
DTAA/KEE0997,PC-3058,2011-02-01 22:20:00,22.0,login,,,,1,Suspicious login hour
DTAA/CGM0994,PC-2108,2011-02-01 22:35:00,22.0,login,,,,1,Suspicious login hour
DTAA/FKR0550,PC-2469,2011-02-01 22:35:00,22.0,login,,,,1,Suspicious login hour
DTAA/KEE0997,PC-3058,2011-02-01 22:43:00,22.0,login,,,,1,Suspicious login hour
DTAA/HTS0265,PC-1744,2011-02-01 22:59:00,22.0,login,,,,1,Suspicious login hour
DTAA/CGM0994,PC-2108,2011-02-01 23:05:00,23.0,login,,,,1,Suspicious login hour
DTAA/HCG0731,PC-4643,2011-02-01 23:15:00,23.0,login,,,,1,Suspicious login hour
DTAA/KEE0997,PC-4047,2011-02-01 23:27:00,23.0,login,,,,1,Suspicious login hour
DTAA/KEE0997,PC-4047,2011-02-01 23:37:00,23.0,login,,,,1,Suspicious login hour
DTAA/JTT0989,PC-1320,2011-02-01 23:40:00,23.0,login,,,,1,Suspicious login hour
DTAA/JGC0775,PC-2680,2011-02-01 23:54:00,23.0,login,,,,1,Suspicious login hour
DTAA/JTT0989,PC-1320,2011-02-01 23:56:00,23.0,login,,,,1,Suspicious login hour
DTAA/AJP0553,PC-1270,2011-02-02 00:10:00,0.0,login,,,,1,Suspicious login hour
DTAA/ARS0993,PC-0290,2011-02-02 00:48:00,0.0,login,,,,1,Suspicious login hour
DTAA/DSM0990,PC-1732,2011-02-02 00:56:00,0.0,login,,,,1,Suspicious login hour
DTAA/CSC0297,PC-2848,2011-02-02 00:59:00,0.0,login,,,,1,Suspicious login hour
DTAA/CSC0297,PC-2848,2011-02-02 01:07:00,1.0,login,,,,1,Suspicious login hour
DTAA/ELD1000,PC-0288,2011-02-02 01:14:00,1.0,login,,,,1,Suspicious login hour
DTAA/ARS0993,PC-0290,2011-02-02 01:14:00,1.0,login,,,,1,Suspicious login hour
DTAA/DSM0990,PC-1732,2011-02-02 01:35:00,1.0,login,,,,1,Suspicious login hour
DTAA/HCG0731,PC-4643,2011-02-02 01:35:00,1.0,login,,,,1,Suspicious login hour
DTAA/ELD1000,PC-0288,2011-02-02 01:48:00,1.0,login,,,,1,Suspicious login hour
DTAA/JCC0998,PC-4081,2011-02-02 02:01:00,2.0,login,,,,1,Suspicious login hour
DTAA/BJM0992,PC-1946,2011-02-02 02:12:00,2.0,login,,,,1,Suspicious login hour
DTAA/JCC0998,PC-4081,2011-02-02 02:37:00,2.0,login,,,,1,Suspicious login hour
DTAA/PMB0702,PC-1792,2011-02-02 02:45:00,2.0,login,,,,1,Suspicious login hour
DTAA/FKR0550,PC-2469,2011-02-02 02:47:00,2.0,login,,,,1,Suspicious login hour
DTAA/BJM0992,PC-1946,2011-02-02 02:51:00,2.0,login,,,,1,Suspicious login hour
DTAA/BJM0992,PC-1158,2011-02-02 02:58:00,2.0,login,,,,1,Suspicious login hour
DTAA/SHR0025,PC-0288,2011-02-02 03:01:00,3.0,login,,,,1,Suspicious login hour
DTAA/BJM0992,PC-1158,2011-02-02 03:07:00,3.0,login,,,,1,Suspicious login hour
DTAA/BJM0992,PC-3229,2011-02-02 03:07:00,3.0,login,,,,1,Suspicious login hour
DTAA/HTS0265,PC-1744,2011-02-02 03:11:00,3.0,login,,,,1,Suspicious login hour
DTAA/AIB0797,PC-4147,2011-02-02 03:13:00,3.0,login,,,,1,Suspicious login hour
DTAA/JGC0775,PC-2680,2011-02-02 03:14:00,3.0,login,,,,1,Suspicious login hour
DTAA/PJL0320,PC-1233,2011-02-02 03:17:00,3.0,login,,,,1,Suspicious login hour
DTAA/BJM0992,PC-3229,2011-02-02 03:27:00,3.0,login,,,,1,Suspicious login hour
DTAA/JCC0998,PC-0690,2011-02-02 03:30:00,3.0,login,,,,1,Suspicious login hour
DTAA/AKS0283,PC-3049,2011-02-02 03:34:00,3.0,login,,,,1,Suspicious login hour
DTAA/ARS0993,PC-2490,2011-02-02 03:38:00,3.0,login,,,,1,Suspicious login hour
DTAA/DJW0368,PC-2518,2011-02-02 03:44:00,3.0,login,,,,1,Suspicious login hour
DTAA/CLK0383,PC-0419,2011-02-02 03:56:00,3.0,login,,,,1,Suspicious login hour
DTAA/SHR0025,PC-0288,2011-02-02 03:57:00,3.0,login,,,,1,Suspicious login hour
DTAA/CLB0995,PC-3818,2011-02-02 04:02:00,4.0,login,,,,1,Suspicious login hour
DTAA/ARS0993,PC-2490,2011-02-02 04:04:00,4.0,login,,,,1,Suspicious login hour
DTAA/JCC0998,PC-0690,2011-02-02 04:05:00,4.0,login,,,,1,Suspicious login hour
DTAA/PJL0320,PC-1233,2011-02-02 04:12:00,4.0,login,,,,1,Suspicious login hour
DTAA/TKH0211,PC-0719,2011-02-02 04:20:00,4.0,login,,,,1,Suspicious login hour
DTAA/CLB0995,PC-3818,2011-02-02 04:21:00,4.0,login,,,,1,Suspicious login hour
DTAA/KEE0997,PC-3747,2011-02-02 04:33:00,4.0,login,,,,1,Suspicious login hour
DTAA/DSM0990,PC-2512,2011-02-02 04:41:00,4.0,login,,,,1,Suspicious login hour
DTAA/KEE0997,PC-4152,2011-02-02 04:42:00,4.0,login,,,,1,Suspicious login hour
DTAA/CLK0383,PC-0419,2011-02-02 04:43:00,4.0,login,,,,1,Suspicious login hour
DTAA/KEE0997,PC-3747,2011-02-02 04:57:00,4.0,login,,,,1,Suspicious login hour
DTAA/DSM0990,PC-2512,2011-02-02 04:58:00,4.0,login,,,,1,Suspicious login hour
DTAA/AIB0797,PC-4147,2011-02-02 05:07:00,5.0,login,,,,1,Suspicious login hour
DTAA/BJM0992,PC-3119,2011-02-02 05:09:00,5.0,login,,,,1,Suspicious login hour
DTAA/KEE0997,PC-4152,2011-02-02 05:12:00,5.0,login,,,,1,Suspicious login hour
DTAA/CLB0995,PC-3651,2011-02-02 05:21:00,5.0,login,,,,1,Suspicious login hour
DTAA/CLB0995,PC-3651,2011-02-02 05:24:00,5.0,login,,,,1,Suspicious login hour
DTAA/BJM0992,PC-4336,2011-02-02 05:32:00,5.0,login,,,,1,Suspicious login hour
DTAA/BJM0992,PC-3119,2011-02-02 05:40:00,5.0,login,,,,1,Suspicious login hour
DTAA/ELD1000,PC-2542,2011-02-02 05:48:00,5.0,login,,,,1,Suspicious login hour
DTAA/ELD1000,PC-2542,2011-02-02 05:57:00,5.0,login,,,,1,Suspicious login hour
DTAA/ARC0677,PC-0465,2011-02-02 21:05:00,21.0,login,,,,1,Suspicious login hour
DTAA/ODW0839,PC-1940,2011-02-02 21:09:00,21.0,login,,,,1,Suspicious login hour
DTAA/SKL0881,PC-1581,2011-02-02 21:11:00,21.0,login,,,,1,Suspicious login hour
DTAA/VAH0262,PC-1398,2011-02-02 21:18:00,21.0,login,,,,1,Suspicious login hour
DTAA/NDS0490,PC-2549,2011-02-02 21:36:00,21.0,login,,,,1,Suspicious login hour
DTAA/CDZ0056,PC-4052,2011-02-02 21:59:00,21.0,login,,,,1,Suspicious login hour
DTAA/LJR0772,PC-3780,2011-02-02 22:13:00,22.0,login,,,,1,Suspicious login hour
DTAA/ELD1000,PC-0989,2011-02-02 22:21:00,22.0,login,,,,1,Suspicious login hour
DTAA/ELD1000,PC-0989,2011-02-02 22:23:00,22.0,login,,,,1,Suspicious login hour
DTAA/CLB0995,PC-1620,2011-02-02 22:25:00,22.0,login,,,,1,Suspicious login hour
DTAA/SAH0192,PC-4079,2011-02-02 22:35:00,22.0,login,,,,1,Suspicious login hour
DTAA/CGM0994,PC-0560,2011-02-02 22:40:00,22.0,login,,,,1,Suspicious login hour
DTAA/ELD1000,PC-3185,2011-02-02 22:43:00,22.0,login,,,,1,Suspicious login hour
DTAA/DSM0990,PC-3825,2011-02-02 22:46:00,22.0,login,,,,1,Suspicious login hour
DTAA/IRC0991,PC-3664,2011-02-02 22:48:00,22.0,login,,,,1,Suspicious login hour
DTAA/ELD1000,PC-3185,2011-02-02 22:49:00,22.0,login,,,,1,Suspicious login hour
DTAA/CGM0994,PC-3261,2011-02-02 22:49:00,22.0,login,,,,1,Suspicious login hour
DTAA/DSM0990,PC-3825,2011-02-02 22:52:00,22.0,login,,,,1,Suspicious login hour
DTAA/CLB0995,PC-1620,2011-02-02 22:57:00,22.0,login,,,,1,Suspicious login hour
DTAA/DFZ0063,PC-4442,2011-02-02 23:05:00,23.0,login,,,,1,Suspicious login hour
DTAA/PUH0847,PC-2550,2011-02-02 23:07:00,23.0,login,,,,1,Suspicious login hour
DTAA/CGM0994,PC-0560,2011-02-02 23:08:00,23.0,login,,,,1,Suspicious login hour
DTAA/IRC0991,PC-3664,2011-02-02 23:21:00,23.0,login,,,,1,Suspicious login hour
DTAA/MQL0135,PC-4656,2011-02-02 23:22:00,23.0,login,,,,1,Suspicious login hour
DTAA/NHH0566,PC-1651,2011-02-02 23:22:00,23.0,login,,,,1,Suspicious login hour
DTAA/ARS0993,PC-1763,2011-02-02 23:27:00,23.0,login,,,,1,Suspicious login hour
DTAA/ARS0993,PC-0666,2011-02-02 23:29:00,23.0,login,,,,1,Suspicious login hour
DTAA/CGM0994,PC-3261,2011-02-02 23:34:00,23.0,login,,,,1,Suspicious login hour
DTAA/ARS0993,PC-3390,2011-02-02 23:39:00,23.0,login,,,,1,Suspicious login hour
DTAA/LJR0772,PC-3780,2011-02-02 23:41:00,23.0,login,,,,1,Suspicious login hour
DTAA/SAH0192,PC-4079,2011-02-02 23:47:00,23.0,login,,,,1,Suspicious login hour
DTAA/ARS0993,PC-3390,2011-02-02 23:54:00,23.0,login,,,,1,Suspicious login hour
DTAA/ARS0993,PC-0666,2011-02-03 00:04:00,0.0,login,,,,1,Suspicious login hour
DTAA/ARS0993,PC-1763,2011-02-03 00:05:00,0.0,login,,,,1,Suspicious login hour
DTAA/BJM0992,PC-1985,2011-02-03 00:15:00,0.0,login,,,,1,Suspicious login hour
DTAA/CGM0994,PC-4365,2011-02-03 00:16:00,0.0,login,,,,1,Suspicious login hour
DTAA/JLM0053,PC-1334,2011-02-03 00:21:00,0.0,login,,,,1,Suspicious login hour
DTAA/NHH0566,PC-1651,2011-02-03 00:29:00,0.0,login,,,,1,Suspicious login hour
DTAA/BJM0992,PC-1985,2011-02-03 00:52:00,0.0,login,,,,1,Suspicious login hour
DTAA/CGM0994,PC-4365,2011-02-03 00:58:00,0.0,login,,,,1,Suspicious login hour
DTAA/KAD0059,PC-4031,2011-02-03 01:04:00,1.0,login,,,,1,Suspicious login hour
DTAA/CSR0189,PC-3494,2011-02-03 01:11:00,1.0,login,,,,1,Suspicious login hour
DTAA/DSM0990,PC-3221,2011-02-03 01:18:00,1.0,login,,,,1,Suspicious login hour
DTAA/IRC0991,PC-3885,2011-02-03 01:19:00,1.0,login,,,,1,Suspicious login hour
DTAA/JCC0998,PC-4804,2011-02-03 01:21:00,1.0,login,,,,1,Suspicious login hour
DTAA/BAF0379,PC-3645,2011-02-03 01:24:00,1.0,login,,,,1,Suspicious login hour
DTAA/CTH0082,PC-4582,2011-02-03 01:30:00,1.0,login,,,,1,Suspicious login hour
DTAA/CMF0339,PC-1939,2011-02-03 01:30:00,1.0,login,,,,1,Suspicious login hour
DTAA/IRC0991,PC-3885,2011-02-03 01:33:00,1.0,login,,,,1,Suspicious login hour
DTAA/CMF0339,PC-1939,2011-02-03 01:34:00,1.0,login,,,,1,Suspicious login hour
DTAA/BAF0379,PC-3645,2011-02-03 01:36:00,1.0,login,,,,1,Suspicious login hour
DTAA/JCC0998,PC-4804,2011-02-03 01:56:00,1.0,login,,,,1,Suspicious login hour
DTAA/DSM0990,PC-3221,2011-02-03 01:58:00,1.0,login,,,,1,Suspicious login hour
DTAA/IRC0991,PC-0744,2011-02-03 02:10:00,2.0,login,,,,1,Suspicious login hour
DTAA/KAD0059,PC-4031,2011-02-03 02:25:00,2.0,login,,,,1,Suspicious login hour
DTAA/IRC0991,PC-0744,2011-02-03 02:43:00,2.0,login,,,,1,Suspicious login hour
DTAA/DSM0990,PC-2680,2011-02-03 02:55:00,2.0,login,,,,1,Suspicious login hour
DTAA/JLM0053,PC-1334,2011-02-03 03:10:00,3.0,login,,,,1,Suspicious login hour
DTAA/CTH0082,PC-4582,2011-02-03 03:18:00,3.0,login,,,,1,Suspicious login hour
DTAA/JCC0998,PC-1535,2011-02-03 03:19:00,3.0,login,,,,1,Suspicious login hour
DTAA/KEE0997,PC-3174,2011-02-03 03:25:00,3.0,login,,,,1,Suspicious login hour
DTAA/CLB0995,PC-2088,2011-02-03 03:28:00,3.0,login,,,,1,Suspicious login hour
DTAA/DSM0990,PC-2680,2011-02-03 03:38:00,3.0,login,,,,1,Suspicious login hour
DTAA/JCC0998,PC-1535,2011-02-03 03:41:00,3.0,login,,,,1,Suspicious login hour
DTAA/MQL0135,PC-4656,2011-02-03 04:00:00,4.0,login,,,,1,Suspicious login hour
DTAA/KEE0997,PC-3174,2011-02-03 04:03:00,4.0,login,,,,1,Suspicious login hour
DTAA/NDS0490,PC-2549,2011-02-03 04:03:00,4.0,login,,,,1,Suspicious login hour
DTAA/ARS0993,PC-0303,2011-02-03 04:05:00,4.0,login,,,,1,Suspicious login hour
DTAA/CLB0995,PC-2088,2011-02-03 04:10:00,4.0,login,,,,1,Suspicious login hour
DTAA/CRC0996,PC-4705,2011-02-03 04:11:00,4.0,login,,,,1,Suspicious login hour
DTAA/AKW0582,PC-0891,2011-02-03 04:14:00,4.0,login,,,,1,Suspicious login hour
DTAA/DSM0990,PC-3736,2011-02-03 04:14:00,4.0,login,,,,1,Suspicious login hour
DTAA/DSM0990,PC-3736,2011-02-03 04:16:00,4.0,login,,,,1,Suspicious login hour
DTAA/ARS0993,PC-0303,2011-02-03 04:16:00,4.0,login,,,,1,Suspicious login hour
DTAA/IAG0152,PC-3521,2011-02-03 04:27:00,4.0,login,,,,1,Suspicious login hour
DTAA/EOS0972,PC-4981,2011-02-03 04:29:00,4.0,login,,,,1,Suspicious login hour
DTAA/ABS0726,PC-3698,2011-02-03 04:33:00,4.0,login,,,,1,Suspicious login hour
DTAA/BJM0992,PC-2791,2011-02-03 04:42:00,4.0,login,,,,1,Suspicious login hour
DTAA/CRC0996,PC-4705,2011-02-03 04:43:00,4.0,login,,,,1,Suspicious login hour
DTAA/IRC0991,PC-0462,2011-02-03 04:52:00,4.0,login,,,,1,Suspicious login hour
DTAA/ARS0993,PC-0768,2011-02-03 04:53:00,4.0,login,,,,1,Suspicious login hour
DTAA/PUH0847,PC-2550,2011-02-03 04:54:00,4.0,login,,,,1,Suspicious login hour
DTAA/JTT0989,PC-0891,2011-02-03 05:02:00,5.0,login,,,,1,Suspicious login hour
DTAA/BJM0992,PC-2791,2011-02-03 05:08:00,5.0,login,,,,1,Suspicious login hour
DTAA/IAG0152,PC-3521,2011-02-03 05:13:00,5.0,login,,,,1,Suspicious login hour
DTAA/ABS0726,PC-3698,2011-02-03 05:20:00,5.0,login,,,,1,Suspicious login hour
DTAA/IRC0991,PC-0462,2011-02-03 05:21:00,5.0,login,,,,1,Suspicious login hour
DTAA/EOS0972,PC-4981,2011-02-03 05:23:00,5.0,login,,,,1,Suspicious login hour
DTAA/ARS0993,PC-0768,2011-02-03 05:24:00,5.0,login,,,,1,Suspicious login hour
DTAA/JTT0989,PC-0891,2011-02-03 05:25:00,5.0,login,,,,1,Suspicious login hour
DTAA/CSR0189,PC-3494,2011-02-03 05:26:00,5.0,login,,,,1,Suspicious login hour
DTAA/CDZ0056,PC-4052,2011-02-03 05:28:00,5.0,login,,,,1,Suspicious login hour
DTAA/IRC0991,PC-3160,2011-02-03 05:52:00,5.0,login,,,,1,Suspicious login hour
DTAA/CLN0999,PC-4788,2011-02-03 05:53:00,5.0,login,,,,1,Suspicious login hour
DTAA/IRC0991,PC-3160,2011-02-03 05:55:00,5.0,login,,,,1,Suspicious login hour
DTAA/CRC0996,PC-3607,2011-02-03 05:56:00,5.0,login,,,,1,Suspicious login hour
DTAA/CGM0994,PC-3069,2011-02-03 21:10:00,21.0,login,,,,1,Suspicious login hour
DTAA/SKL0881,PC-1581,2011-02-03 21:15:00,21.0,login,,,,1,Suspicious login hour
DTAA/CLN0999,PC-1233,2011-02-03 21:15:00,21.0,login,,,,1,Suspicious login hour
DTAA/VAH0262,PC-1398,2011-02-03 21:22:00,21.0,login,,,,1,Suspicious login hour
DTAA/BJM0992,PC-0986,2011-02-03 21:27:00,21.0,login,,,,1,Suspicious login hour
DTAA/ELD1000,PC-4736,2011-02-03 21:28:00,21.0,login,,,,1,Suspicious login hour
DTAA/JTT0989,PC-4041,2011-02-03 21:37:00,21.0,login,,,,1,Suspicious login hour
DTAA/NDS0490,PC-2549,2011-02-03 21:38:00,21.0,login,,,,1,Suspicious login hour
DTAA/BJM0992,PC-0986,2011-02-03 21:53:00,21.0,login,,,,1,Suspicious login hour
DTAA/ELD1000,PC-4736,2011-02-03 21:53:00,21.0,login,,,,1,Suspicious login hour
DTAA/JTT0989,PC-4041,2011-02-03 22:06:00,22.0,login,,,,1,Suspicious login hour
DTAA/JCS0873,PC-1560,2011-02-03 22:15:00,22.0,login,,,,1,Suspicious login hour
DTAA/CTH0856,PC-4677,2011-02-03 22:21:00,22.0,login,,,,1,Suspicious login hour
DTAA/CLN0999,PC-2485,2011-02-03 22:28:00,22.0,login,,,,1,Suspicious login hour
DTAA/IRC0991,PC-4962,2011-02-03 22:28:00,22.0,login,,,,1,Suspicious login hour
DTAA/HNS0858,PC-3790,2011-02-03 22:40:00,22.0,login,,,,1,Suspicious login hour
DTAA/IRC0991,PC-4962,2011-02-03 22:54:00,22.0,login,,,,1,Suspicious login hour
DTAA/CLN0999,PC-2485,2011-02-03 22:59:00,22.0,login,,,,1,Suspicious login hour
DTAA/IRC0991,PC-4154,2011-02-03 23:02:00,23.0,login,,,,1,Suspicious login hour
DTAA/IRC0991,PC-0245,2011-02-03 23:05:00,23.0,login,,,,1,Suspicious login hour
DTAA/KEE0997,PC-3024,2011-02-03 23:08:00,23.0,login,,,,1,Suspicious login hour
DTAA/IRC0991,PC-4154,2011-02-03 23:10:00,23.0,login,,,,1,Suspicious login hour
DTAA/IRC0991,PC-0245,2011-02-03 23:18:00,23.0,login,,,,1,Suspicious login hour
DTAA/KEE0997,PC-3024,2011-02-03 23:39:00,23.0,login,,,,1,Suspicious login hour
DTAA/ELD1000,PC-0980,2011-02-03 23:56:00,23.0,login,,,,1,Suspicious login hour
DTAA/KEE0997,PC-0280,2011-02-03 23:57:00,23.0,login,,,,1,Suspicious login hour
DTAA/IRC0991,PC-2219,2011-02-04 00:09:00,0.0,login,,,,1,Suspicious login hour
DTAA/JCC0998,PC-0813,2011-02-04 00:10:00,0.0,login,,,,1,Suspicious login hour
DTAA/ELD1000,PC-0980,2011-02-04 00:13:00,0.0,login,,,,1,Suspicious login hour
DTAA/CLB0995,PC-4147,2011-02-04 00:17:00,0.0,login,,,,1,Suspicious login hour
DTAA/JCC0998,PC-0813,2011-02-04 00:18:00,0.0,login,,,,1,Suspicious login hour
DTAA/HNS0858,PC-3790,2011-02-04 00:20:00,0.0,login,,,,1,Suspicious login hour
DTAA/IRC0991,PC-2219,2011-02-04 00:25:00,0.0,login,,,,1,Suspicious login hour
DTAA/CGM0994,PC-4866,2011-02-04 00:32:00,0.0,login,,,,1,Suspicious login hour
DTAA/KEE0997,PC-0280,2011-02-04 00:35:00,0.0,login,,,,1,Suspicious login hour
DTAA/JCC0998,PC-4067,2011-02-04 00:41:00,0.0,login,,,,1,Suspicious login hour
DTAA/CGM0994,PC-4866,2011-02-04 00:42:00,0.0,login,,,,1,Suspicious login hour
DTAA/CLB0995,PC-4147,2011-02-04 00:42:00,0.0,login,,,,1,Suspicious login hour
DTAA/AMA0191,PC-4736,2011-02-04 00:58:00,0.0,login,,,,1,Suspicious login hour
DTAA/JCC0998,PC-4067,2011-02-04 01:01:00,1.0,login,,,,1,Suspicious login hour
DTAA/KEE0997,PC-0184,2011-02-04 01:09:00,1.0,login,,,,1,Suspicious login hour
DTAA/CLN0999,PC-0419,2011-02-04 01:16:00,1.0,login,,,,1,Suspicious login hour
DTAA/ZAB0889,PC-2844,2011-02-04 01:34:00,1.0,login,,,,1,Suspicious login hour
DTAA/CLN0999,PC-0419,2011-02-04 01:37:00,1.0,login,,,,1,Suspicious login hour
DTAA/KEE0997,PC-0184,2011-02-04 01:37:00,1.0,login,,,,1,Suspicious login hour
DTAA/DIS0382,PC-2501,2011-02-04 01:52:00,1.0,login,,,,1,Suspicious login hour
DTAA/CLN0999,PC-1575,2011-02-04 02:20:00,2.0,login,,,,1,Suspicious login hour
DTAA/CTH0856,PC-4677,2011-02-04 02:20:00,2.0,login,,,,1,Suspicious login hour
DTAA/EMR0242,PC-1306,2011-02-04 02:26:00,2.0,login,,,,1,Suspicious login hour
DTAA/JTT0989,PC-3456,2011-02-04 02:40:00,2.0,login,,,,1,Suspicious login hour
DTAA/CLN0999,PC-1575,2011-02-04 02:47:00,2.0,login,,,,1,Suspicious login hour
DTAA/JTT0989,PC-3456,2011-02-04 02:50:00,2.0,login,,,,1,Suspicious login hour
DTAA/DIS0382,PC-2501,2011-02-04 02:52:00,2.0,login,,,,1,Suspicious login hour
DTAA/IKH0904,PC-3664,2011-02-04 03:01:00,3.0,login,,,,1,Suspicious login hour
DTAA/CLB0995,PC-4895,2011-02-04 03:05:00,3.0,login,,,,1,Suspicious login hour
DTAA/ELD1000,PC-4818,2011-02-04 03:08:00,3.0,login,,,,1,Suspicious login hour
DTAA/ELD1000,PC-4818,2011-02-04 03:16:00,3.0,login,,,,1,Suspicious login hour
DTAA/RAH0968,PC-3119,2011-02-04 03:27:00,3.0,login,,,,1,Suspicious login hour
DTAA/DSM0990,PC-4580,2011-02-04 03:29:00,3.0,login,,,,1,Suspicious login hour
DTAA/CLB0995,PC-4895,2011-02-04 03:32:00,3.0,login,,,,1,Suspicious login hour
DTAA/DSM0990,PC-4580,2011-02-04 03:41:00,3.0,login,,,,1,Suspicious login hour
DTAA/ZAB0889,PC-2844,2011-02-04 03:42:00,3.0,login,,,,1,Suspicious login hour
DTAA/CLB0995,PC-1300,2011-02-04 04:12:00,4.0,login,,,,1,Suspicious login hour
DTAA/AMA0191,PC-4736,2011-02-04 04:28:00,4.0,login,,,,1,Suspicious login hour
DTAA/CLB0995,PC-1300,2011-02-04 04:37:00,4.0,login,,,,1,Suspicious login hour
DTAA/EMR0242,PC-1306,2011-02-04 04:37:00,4.0,login,,,,1,Suspicious login hour
DTAA/IKH0904,PC-3664,2011-02-04 04:49:00,4.0,login,,,,1,Suspicious login hour
DTAA/ARS0993,PC-2848,2011-02-04 04:49:00,4.0,login,,,,1,Suspicious login hour
DTAA/ARS0993,PC-2507,2011-02-04 04:52:00,4.0,login,,,,1,Suspicious login hour
DTAA/ARS0993,PC-2507,2011-02-04 05:00:00,5.0,login,,,,1,Suspicious login hour
DTAA/CLB0995,PC-3391,2011-02-04 05:20:00,5.0,login,,,,1,Suspicious login hour
DTAA/ARS0993,PC-2848,2011-02-04 05:31:00,5.0,login,,,,1,Suspicious login hour
DTAA/IRC0991,PC-0237,2011-02-04 05:38:00,5.0,login,,,,1,Suspicious login hour
DTAA/CLB0995,PC-3391,2011-02-04 05:43:00,5.0,login,,,,1,Suspicious login hour
DTAA/RAH0968,PC-3119,2011-02-04 05:50:00,5.0,login,,,,1,Suspicious login hour
DTAA/ODW0839,PC-1940,2011-02-04 21:00:00,21.0,login,,,,1,Suspicious login hour
DTAA/KEE0997,PC-1334,2011-02-04 21:01:00,21.0,login,,,,1,Suspicious login hour
DTAA/KEE0997,PC-2188,2011-02-04 21:02:00,21.0,login,,,,1,Suspicious login hour
DTAA/ARC0677,PC-0465,2011-02-04 21:08:00,21.0,login,,,,1,Suspicious login hour
DTAA/SKL0881,PC-1581,2011-02-04 21:15:00,21.0,login,,,,1,Suspicious login hour
DTAA/VAH0262,PC-1398,2011-02-04 21:18:00,21.0,login,,,,1,Suspicious login hour
DTAA/ARS0993,PC-0472,2011-02-04 21:28:00,21.0,login,,,,1,Suspicious login hour
DTAA/NDS0490,PC-2549,2011-02-04 21:28:00,21.0,login,,,,1,Suspicious login hour
DTAA/ARS0993,PC-2881,2011-02-04 21:36:00,21.0,login,,,,1,Suspicious login hour
DTAA/ARS0993,PC-0472,2011-02-04 21:45:00,21.0,login,,,,1,Suspicious login hour
DTAA/KEE0997,PC-1334,2011-02-04 21:45:00,21.0,login,,,,1,Suspicious login hour
DTAA/CRC0996,PC-2520,2011-02-04 22:17:00,22.0,login,,,,1,Suspicious login hour
DTAA/CRC0996,PC-2520,2011-02-04 22:27:00,22.0,login,,,,1,Suspicious login hour
DTAA/MJM0228,PC-2127,2011-02-04 23:14:00,23.0,login,,,,1,Suspicious login hour
DTAA/BIR0534,PC-1834,2011-02-04 23:21:00,23.0,login,,,,1,Suspicious login hour
DTAA/SAH0192,PC-4079,2011-02-04 23:49:00,23.0,login,,,,1,Suspicious login hour
DTAA/BJM0992,PC-0115,2011-02-04 23:56:00,23.0,login,,,,1,Suspicious login hour
DTAA/BJM0992,PC-0115,2011-02-05 00:02:00,0.0,login,,,,1,Suspicious login hour
DTAA/DSM0990,PC-4863,2011-02-05 01:33:00,1.0,login,,,,1,Suspicious login hour
DTAA/MJM0228,PC-2127,2011-02-05 02:25:00,2.0,login,,,,1,Suspicious login hour
DTAA/SDC0032,PC-3081,2011-02-05 02:33:00,2.0,login,,,,1,Suspicious login hour
DTAA/RBY0065,PC-2214,2011-02-05 03:04:00,3.0,login,,,,1,Suspicious login hour
DTAA/SDC0032,PC-3081,2011-02-05 03:16:00,3.0,login,,,,1,Suspicious login hour
DTAA/AGW0182,PC-4531,2011-02-05 03:16:00,3.0,login,,,,1,Suspicious login hour
DTAA/COS0121,PC-0462,2011-02-05 03:54:00,3.0,login,,,,1,Suspicious login hour
DTAA/CTF0687,PC-2959,2011-02-05 04:43:00,4.0,login,,,,1,Suspicious login hour
DTAA/COS0121,PC-0462,2011-02-05 04:49:00,4.0,login,,,,1,Suspicious login hour
DTAA/JHD0512,PC-2683,2011-02-05 05:21:00,5.0,login,,,,1,Suspicious login hour
DTAA/RBY0065,PC-2214,2011-02-05 05:29:00,5.0,login,,,,1,Suspicious login hour
DTAA/DSM0990,PC-4863,2011-02-05 05:31:00,5.0,login,,,,1,Suspicious login hour
DTAA/BTW0973,PC-4462,2011-02-05 05:48:00,5.0,login,,,,1,Suspicious login hour
DTAA/BIR0534,PC-1834,2011-02-05 05:51:00,5.0,login,,,,1,Suspicious login hour
DTAA/AGW0182,PC-4531,2011-02-05 05:54:00,5.0,login,,,,1,Suspicious login hour
DTAA/CTF0687,PC-2959,2011-02-05 05:56:00,5.0,login,,,,1,Suspicious login hour
DTAA/BTW0973,PC-4462,2011-02-05 05:56:00,5.0,login,,,,1,Suspicious login hour
DTAA/KEE0997,PC-0726,2011-02-07 00:11:00,0.0,login,,,,1,Suspicious login hour
DTAA/BJM0992,PC-4367,2011-02-07 00:15:00,0.0,login,,,,1,Suspicious login hour
DTAA/IRC0991,PC-0461,2011-02-07 00:22:00,0.0,login,,,,1,Suspicious login hour
DTAA/KEE0997,PC-0726,2011-02-07 00:28:00,0.0,login,,,,1,Suspicious login hour
DTAA/IRC0991,PC-0461,2011-02-07 00:41:00,0.0,login,,,,1,Suspicious login hour
DTAA/BJM0992,PC-4367,2011-02-07 00:57:00,0.0,login,,,,1,Suspicious login hour
DTAA/CLB0995,PC-1834,2011-02-07 00:58:00,0.0,login,,,,1,Suspicious login hour
DTAA/CLB0995,PC-1075,2011-02-07 01:02:00,1.0,login,,,,1,Suspicious login hour
DTAA/CRC0996,PC-2460,2011-02-07 01:07:00,1.0,login,,,,1,Suspicious login hour
DTAA/CLB0995,PC-1834,2011-02-07 01:11:00,1.0,login,,,,1,Suspicious login hour
DTAA/BJM0992,PC-1817,2011-02-07 01:15:00,1.0,login,,,,1,Suspicious login hour
DTAA/CLB0995,PC-1075,2011-02-07 01:15:00,1.0,login,,,,1,Suspicious login hour
DTAA/CRC0996,PC-3782,2011-02-07 01:19:00,1.0,login,,,,1,Suspicious login hour
DTAA/JCC0998,PC-2367,2011-02-07 01:26:00,1.0,login,,,,1,Suspicious login hour
DTAA/JTT0989,PC-0877,2011-02-07 01:39:00,1.0,login,,,,1,Suspicious login hour
DTAA/CRC0996,PC-3782,2011-02-07 01:39:00,1.0,login,,,,1,Suspicious login hour
DTAA/BJM0992,PC-1817,2011-02-07 01:44:00,1.0,login,,,,1,Suspicious login hour
DTAA/CRC0996,PC-2460,2011-02-07 01:48:00,1.0,login,,,,1,Suspicious login hour
DTAA/BJM0992,PC-2332,2011-02-07 01:50:00,1.0,login,,,,1,Suspicious login hour
DTAA/CLB0995,PC-1217,2011-02-07 02:02:00,2.0,login,,,,1,Suspicious login hour
DTAA/KEE0997,PC-0565,2011-02-07 02:07:00,2.0,login,,,,1,Suspicious login hour
DTAA/JCC0998,PC-2367,2011-02-07 02:08:00,2.0,login,,,,1,Suspicious login hour
DTAA/BJM0992,PC-2332,2011-02-07 02:16:00,2.0,login,,,,1,Suspicious login hour
DTAA/JTT0989,PC-0877,2011-02-07 02:24:00,2.0,login,,,,1,Suspicious login hour
DTAA/CLB0995,PC-1217,2011-02-07 02:32:00,2.0,login,,,,1,Suspicious login hour
DTAA/KEE0997,PC-0565,2011-02-07 02:47:00,2.0,login,,,,1,Suspicious login hour
DTAA/IRC0991,PC-2723,2011-02-07 02:54:00,2.0,login,,,,1,Suspicious login hour
DTAA/ARS0993,PC-4944,2011-02-07 03:06:00,3.0,login,,,,1,Suspicious login hour
DTAA/CGM0994,PC-3464,2011-02-07 03:07:00,3.0,login,,,,1,Suspicious login hour
DTAA/IRC0991,PC-2723,2011-02-07 03:08:00,3.0,login,,,,1,Suspicious login hour
DTAA/CGM0994,PC-3464,2011-02-07 03:17:00,3.0,login,,,,1,Suspicious login hour
DTAA/ARS0993,PC-4944,2011-02-07 03:23:00,3.0,login,,,,1,Suspicious login hour
DTAA/CRC0996,PC-4673,2011-02-07 03:23:00,3.0,login,,,,1,Suspicious login hour
DTAA/CRC0996,PC-4673,2011-02-07 03:24:00,3.0,login,,,,1,Suspicious login hour
DTAA/BJM0992,PC-1751,2011-02-07 03:35:00,3.0,login,,,,1,Suspicious login hour
DTAA/BJM0992,PC-1751,2011-02-07 03:37:00,3.0,login,,,,1,Suspicious login hour
DTAA/BJM0992,PC-4935,2011-02-07 03:45:00,3.0,login,,,,1,Suspicious login hour
DTAA/CLN0999,PC-3302,2011-02-07 03:56:00,3.0,login,,,,1,Suspicious login hour
DTAA/BJM0992,PC-4935,2011-02-07 03:57:00,3.0,login,,,,1,Suspicious login hour
DTAA/CLN0999,PC-3302,2011-02-07 04:01:00,4.0,login,,,,1,Suspicious login hour
DTAA/JTT0989,PC-2751,2011-02-07 04:25:00,4.0,login,,,,1,Suspicious login hour
DTAA/JTT0989,PC-2751,2011-02-07 04:44:00,4.0,login,,,,1,Suspicious login hour
DTAA/CGM0994,PC-1183,2011-02-07 05:11:00,5.0,login,,,,1,Suspicious login hour
DTAA/IRC0991,PC-3757,2011-02-07 05:12:00,5.0,login,,,,1,Suspicious login hour
DTAA/IRC0991,PC-3757,2011-02-07 05:40:00,5.0,login,,,,1,Suspicious login hour
DTAA/CGM0994,PC-1183,2011-02-07 05:43:00,5.0,login,,,,1,Suspicious login hour
DTAA/CGM0994,PC-3780,2011-02-07 05:43:00,5.0,login,,,,1,Suspicious login hour
DTAA/DSM0990,PC-1655,2011-02-07 05:49:00,5.0,login,,,,1,Suspicious login hour
DTAA/HNS0858,PC-3790,2011-02-07 21:01:00,21.0,login,,,,1,Suspicious login hour
DTAA/ARC0677,PC-0465,2011-02-07 21:06:00,21.0,login,,,,1,Suspicious login hour
DTAA/SKL0881,PC-1581,2011-02-07 21:13:00,21.0,login,,,,1,Suspicious login hour
DTAA/VAH0262,PC-1398,2011-02-07 21:23:00,21.0,login,,,,1,Suspicious login hour
DTAA/NDS0490,PC-2549,2011-02-07 21:25:00,21.0,login,,,,1,Suspicious login hour
DTAA/IRC0991,PC-3232,2011-02-07 21:49:00,21.0,login,,,,1,Suspicious login hour
DTAA/IRC0991,PC-3232,2011-02-07 22:01:00,22.0,login,,,,1,Suspicious login hour
DTAA/CGM0994,PC-0379,2011-02-07 22:12:00,22.0,login,,,,1,Suspicious login hour
DTAA/CGM0994,PC-4475,2011-02-07 22:20:00,22.0,login,,,,1,Suspicious login hour
DTAA/CGM0994,PC-0379,2011-02-07 22:22:00,22.0,login,,,,1,Suspicious login hour
DTAA/KEE0997,PC-3599,2011-02-07 22:39:00,22.0,login,,,,1,Suspicious login hour
DTAA/KEE0997,PC-3599,2011-02-07 22:41:00,22.0,login,,,,1,Suspicious login hour
DTAA/CGM0994,PC-4475,2011-02-07 22:54:00,22.0,login,,,,1,Suspicious login hour
DTAA/CGM0994,PC-4507,2011-02-07 22:59:00,22.0,login,,,,1,Suspicious login hour
DTAA/CGM0994,PC-4507,2011-02-07 23:10:00,23.0,login,,,,1,Suspicious login hour
DTAA/JCC0998,PC-1917,2011-02-07 23:25:00,23.0,login,,,,1,Suspicious login hour
DTAA/JCC0998,PC-1917,2011-02-07 23:28:00,23.0,login,,,,1,Suspicious login hour
DTAA/JCC0998,PC-3643,2011-02-07 23:29:00,23.0,login,,,,1,Suspicious login hour
DTAA/JCC0998,PC-3643,2011-02-07 23:37:00,23.0,login,,,,1,Suspicious login hour
DTAA/EOS0972,PC-4981,2011-02-07 23:52:00,23.0,login,,,,1,Suspicious login hour
DTAA/CLN0999,PC-3790,2011-02-08 00:15:00,0.0,login,,,,1,Suspicious login hour
DTAA/CLB0995,PC-1069,2011-02-08 00:19:00,0.0,login,,,,1,Suspicious login hour
DTAA/IRC0991,PC-3411,2011-02-08 00:40:00,0.0,login,,,,1,Suspicious login hour
DTAA/CGM0994,PC-0465,2011-02-08 00:45:00,0.0,login,,,,1,Suspicious login hour
DTAA/CLN0999,PC-3790,2011-02-08 00:46:00,0.0,login,,,,1,Suspicious login hour
DTAA/CLB0995,PC-1069,2011-02-08 00:46:00,0.0,login,,,,1,Suspicious login hour
DTAA/CDZ0056,PC-4052,2011-02-08 00:49:00,0.0,login,,,,1,Suspicious login hour
DTAA/CLN0999,PC-2106,2011-02-08 01:02:00,1.0,login,,,,1,Suspicious login hour
DTAA/CGM0994,PC-0465,2011-02-08 01:07:00,1.0,login,,,,1,Suspicious login hour
DTAA/IRC0991,PC-3411,2011-02-08 01:16:00,1.0,login,,,,1,Suspicious login hour
DTAA/CLN0999,PC-2106,2011-02-08 01:33:00,1.0,login,,,,1,Suspicious login hour
DTAA/EOS0972,PC-4981,2011-02-08 01:48:00,1.0,login,,,,1,Suspicious login hour
DTAA/MEV0886,PC-0565,2011-02-08 01:58:00,1.0,login,,,,1,Suspicious login hour
DTAA/ARS0993,PC-4650,2011-02-08 02:17:00,2.0,login,,,,1,Suspicious login hour
DTAA/ARS0993,PC-4650,2011-02-08 02:24:00,2.0,login,,,,1,Suspicious login hour
DTAA/CLB0995,PC-0111,2011-02-08 02:59:00,2.0,login,,,,1,Suspicious login hour
DTAA/CGM0994,PC-2395,2011-02-08 03:04:00,3.0,login,,,,1,Suspicious login hour
DTAA/CLB0995,PC-0111,2011-02-08 03:06:00,3.0,login,,,,1,Suspicious login hour
DTAA/DSM0990,PC-4381,2011-02-08 03:09:00,3.0,login,,,,1,Suspicious login hour
DTAA/CDZ0056,PC-4052,2011-02-08 03:09:00,3.0,login,,,,1,Suspicious login hour
DTAA/CLN0999,PC-0672,2011-02-08 03:10:00,3.0,login,,,,1,Suspicious login hour
DTAA/CLN0999,PC-0672,2011-02-08 03:16:00,3.0,login,,,,1,Suspicious login hour
DTAA/CGM0994,PC-2395,2011-02-08 03:20:00,3.0,login,,,,1,Suspicious login hour
DTAA/DSM0990,PC-4381,2011-02-08 03:40:00,3.0,login,,,,1,Suspicious login hour
DTAA/PUH0847,PC-2550,2011-02-08 04:07:00,4.0,login,,,,1,Suspicious login hour
DTAA/DSM0990,PC-3870,2011-02-08 04:11:00,4.0,login,,,,1,Suspicious login hour
DTAA/PUH0847,PC-2550,2011-02-08 04:16:00,4.0,login,,,,1,Suspicious login hour
DTAA/WTA0867,PC-1522,2011-02-08 04:35:00,4.0,login,,,,1,Suspicious login hour
DTAA/CLB0995,PC-1914,2011-02-08 04:39:00,4.0,login,,,,1,Suspicious login hour
DTAA/DSM0990,PC-3870,2011-02-08 04:50:00,4.0,login,,,,1,Suspicious login hour
DTAA/CLB0995,PC-1914,2011-02-08 04:55:00,4.0,login,,,,1,Suspicious login hour
DTAA/CLB0995,PC-3959,2011-02-08 05:13:00,5.0,login,,,,1,Suspicious login hour
DTAA/CLB0995,PC-3959,2011-02-08 05:34:00,5.0,login,,,,1,Suspicious login hour
DTAA/ARS0993,PC-0231,2011-02-08 05:54:00,5.0,login,,,,1,Suspicious login hour
DTAA/ARS0993,PC-0231,2011-02-08 05:56:00,5.0,login,,,,1,Suspicious login hour
DTAA/IRC0991,PC-1303,2011-02-08 21:02:00,21.0,login,,,,1,Suspicious login hour
DTAA/DSM0990,PC-3882,2011-02-08 21:04:00,21.0,login,,,,1,Suspicious login hour
DTAA/ARC0677,PC-0465,2011-02-08 21:04:00,21.0,login,,,,1,Suspicious login hour
DTAA/CRC0996,PC-4005,2011-02-08 21:08:00,21.0,login,,,,1,Suspicious login hour
DTAA/CRC0996,PC-4005,2011-02-08 21:12:00,21.0,login,,,,1,Suspicious login hour
DTAA/SKL0881,PC-1581,2011-02-08 21:14:00,21.0,login,,,,1,Suspicious login hour
DTAA/VAH0262,PC-1398,2011-02-08 21:23:00,21.0,login,,,,1,Suspicious login hour
DTAA/NDS0490,PC-2549,2011-02-08 21:26:00,21.0,login,,,,1,Suspicious login hour
DTAA/DSM0990,PC-0310,2011-02-08 21:36:00,21.0,login,,,,1,Suspicious login hour
DTAA/BJM0992,PC-0926,2011-02-08 21:40:00,21.0,login,,,,1,Suspicious login hour
DTAA/IRC0991,PC-1303,2011-02-08 21:43:00,21.0,login,,,,1,Suspicious login hour
DTAA/CLN0999,PC-4639,2011-02-08 21:50:00,21.0,login,,,,1,Suspicious login hour
DTAA/DSM0990,PC-0652,2011-02-08 21:56:00,21.0,login,,,,1,Suspicious login hour
DTAA/BJM0992,PC-0926,2011-02-08 21:58:00,21.0,login,,,,1,Suspicious login hour
DTAA/CLN0999,PC-4639,2011-02-08 22:01:00,22.0,login,,,,1,Suspicious login hour
DTAA/DSM0990,PC-0310,2011-02-08 22:04:00,22.0,login,,,,1,Suspicious login hour
DTAA/DSM0990,PC-3011,2011-02-08 22:18:00,22.0,login,,,,1,Suspicious login hour
DTAA/CHS0324,PC-3251,2011-02-08 22:22:00,22.0,login,,,,1,Suspicious login hour
DTAA/DSM0990,PC-3011,2011-02-08 22:22:00,22.0,login,,,,1,Suspicious login hour
DTAA/ARS0993,PC-3052,2011-02-08 22:24:00,22.0,login,,,,1,Suspicious login hour
DTAA/DSM0990,PC-0652,2011-02-08 22:27:00,22.0,login,,,,1,Suspicious login hour
DTAA/DSM0990,PC-3393,2011-02-08 22:35:00,22.0,login,,,,1,Suspicious login hour
DTAA/RAC0282,PC-3185,2011-02-08 22:50:00,22.0,login,,,,1,Suspicious login hour
DTAA/ARS0993,PC-3052,2011-02-08 22:52:00,22.0,login,,,,1,Suspicious login hour
DTAA/DSM0990,PC-3393,2011-02-08 22:55:00,22.0,login,,,,1,Suspicious login hour
DTAA/ELD1000,PC-4566,2011-02-08 22:57:00,22.0,login,,,,1,Suspicious login hour
DTAA/CLN0999,PC-4444,2011-02-08 22:59:00,22.0,login,,,,1,Suspicious login hour
DTAA/ELD1000,PC-4566,2011-02-08 23:01:00,23.0,login,,,,1,Suspicious login hour
DTAA/JTT0989,PC-3992,2011-02-08 23:10:00,23.0,login,,,,1,Suspicious login hour
DTAA/CLN0999,PC-4444,2011-02-08 23:12:00,23.0,login,,,,1,Suspicious login hour
DTAA/JTT0989,PC-3992,2011-02-08 23:29:00,23.0,login,,,,1,Suspicious login hour
DTAA/WOT0549,PC-0304,2011-02-08 23:30:00,23.0,login,,,,1,Suspicious login hour
DTAA/JCC0998,PC-2467,2011-02-09 00:20:00,0.0,login,,,,1,Suspicious login hour
DTAA/JCC0998,PC-2467,2011-02-09 00:23:00,0.0,login,,,,1,Suspicious login hour
DTAA/ARS0993,PC-0700,2011-02-09 01:02:00,1.0,login,,,,1,Suspicious login hour
DTAA/CHS0324,PC-3251,2011-02-09 01:07:00,1.0,login,,,,1,Suspicious login hour
DTAA/JTT0989,PC-4052,2011-02-09 01:23:00,1.0,login,,,,1,Suspicious login hour
DTAA/JCC0998,PC-2079,2011-02-09 01:33:00,1.0,login,,,,1,Suspicious login hour
DTAA/ARS0993,PC-0700,2011-02-09 01:35:00,1.0,login,,,,1,Suspicious login hour
DTAA/JTT0989,PC-4052,2011-02-09 01:39:00,1.0,login,,,,1,Suspicious login hour
DTAA/JCC0998,PC-2079,2011-02-09 01:40:00,1.0,login,,,,1,Suspicious login hour
DTAA/ARS0993,PC-1229,2011-02-09 02:15:00,2.0,login,,,,1,Suspicious login hour
DTAA/HTS0265,PC-1744,2011-02-09 02:24:00,2.0,login,,,,1,Suspicious login hour
DTAA/SJH0588,PC-2512,2011-02-09 02:34:00,2.0,login,,,,1,Suspicious login hour
DTAA/JMM0759,PC-3490,2011-02-09 02:50:00,2.0,login,,,,1,Suspicious login hour
DTAA/ARS0993,PC-1229,2011-02-09 02:56:00,2.0,login,,,,1,Suspicious login hour
DTAA/IRC0991,PC-1196,2011-02-09 03:12:00,3.0,login,,,,1,Suspicious login hour
DTAA/MIC0914,PC-3326,2011-02-09 03:15:00,3.0,login,,,,1,Suspicious login hour
DTAA/CRC0996,PC-1808,2011-02-09 03:24:00,3.0,login,,,,1,Suspicious login hour
DTAA/JCC0998,PC-2112,2011-02-09 03:27:00,3.0,login,,,,1,Suspicious login hour
DTAA/JCC0998,PC-2112,2011-02-09 03:28:00,3.0,login,,,,1,Suspicious login hour
DTAA/CLB0995,PC-4872,2011-02-09 03:29:00,3.0,login,,,,1,Suspicious login hour
DTAA/IRC0991,PC-1196,2011-02-09 03:30:00,3.0,login,,,,1,Suspicious login hour
DTAA/CLB0995,PC-4872,2011-02-09 03:32:00,3.0,login,,,,1,Suspicious login hour
DTAA/CRC0996,PC-1808,2011-02-09 03:42:00,3.0,login,,,,1,Suspicious login hour
DTAA/JCC0998,PC-1771,2011-02-09 03:44:00,3.0,login,,,,1,Suspicious login hour
DTAA/BJM0992,PC-0256,2011-02-09 03:55:00,3.0,login,,,,1,Suspicious login hour
DTAA/BJM0992,PC-0256,2011-02-09 04:01:00,4.0,login,,,,1,Suspicious login hour
DTAA/KEE0997,PC-2344,2011-02-09 04:02:00,4.0,login,,,,1,Suspicious login hour
DTAA/CGM0994,PC-2544,2011-02-09 04:05:00,4.0,login,,,,1,Suspicious login hour
DTAA/CGM0994,PC-2544,2011-02-09 04:09:00,4.0,login,,,,1,Suspicious login hour
DTAA/KEE0997,PC-2344,2011-02-09 04:10:00,4.0,login,,,,1,Suspicious login hour
DTAA/JCC0998,PC-1771,2011-02-09 04:10:00,4.0,login,,,,1,Suspicious login hour
DTAA/MVW0630,PC-2005,2011-02-09 04:16:00,4.0,login,,,,1,Suspicious login hour
DTAA/CLN0999,PC-0989,2011-02-09 04:28:00,4.0,login,,,,1,Suspicious login hour
DTAA/CLN0999,PC-0989,2011-02-09 04:51:00,4.0,login,,,,1,Suspicious login hour
DTAA/WOT0549,PC-0304,2011-02-09 05:10:00,5.0,login,,,,1,Suspicious login hour
DTAA/PCM0846,PC-1898,2011-02-09 05:19:00,5.0,login,,,,1,Suspicious login hour
DTAA/KEE0997,PC-1620,2011-02-09 05:35:00,5.0,login,,,,1,Suspicious login hour
DTAA/SJH0588,PC-2512,2011-02-09 05:41:00,5.0,login,,,,1,Suspicious login hour
DTAA/JTT0989,PC-1074,2011-02-09 05:43:00,5.0,login,,,,1,Suspicious login hour
DTAA/JTT0989,PC-1074,2011-02-09 05:47:00,5.0,login,,,,1,Suspicious login hour
DTAA/MIC0914,PC-3326,2011-02-09 05:51:00,5.0,login,,,,1,Suspicious login hour
DTAA/JTT0989,PC-1243,2011-02-09 05:52:00,5.0,login,,,,1,Suspicious login hour
DTAA/JTT0989,PC-3850,2011-02-09 05:52:00,5.0,login,,,,1,Suspicious login hour
DTAA/PCM0846,PC-1898,2011-02-09 05:59:00,5.0,login,,,,1,Suspicious login hour
DTAA/KEE0997,PC-4317,2011-02-09 21:02:00,21.0,login,,,,1,Suspicious login hour
DTAA/ARC0677,PC-0465,2011-02-09 21:03:00,21.0,login,,,,1,Suspicious login hour
DTAA/DSM0990,PC-3494,2011-02-09 21:04:00,21.0,login,,,,1,Suspicious login hour
DTAA/ARS0993,PC-0577,2011-02-09 21:05:00,21.0,login,,,,1,Suspicious login hour
DTAA/CLN0999,PC-1946,2011-02-09 21:06:00,21.0,login,,,,1,Suspicious login hour
DTAA/ARS0993,PC-4678,2011-02-09 21:10:00,21.0,login,,,,1,Suspicious login hour
DTAA/HCG0731,PC-4643,2011-02-09 21:10:00,21.0,login,,,,1,Suspicious login hour
DTAA/CLN0999,PC-1946,2011-02-09 21:14:00,21.0,login,,,,1,Suspicious login hour
DTAA/ARS0993,PC-4678,2011-02-09 21:17:00,21.0,login,,,,1,Suspicious login hour
DTAA/VAH0262,PC-1398,2011-02-09 21:19:00,21.0,login,,,,1,Suspicious login hour
DTAA/SKL0881,PC-1581,2011-02-09 21:19:00,21.0,login,,,,1,Suspicious login hour
DTAA/JCC0998,PC-3747,2011-02-09 21:20:00,21.0,login,,,,1,Suspicious login hour
DTAA/JCC0998,PC-0201,2011-02-09 21:23:00,21.0,login,,,,1,Suspicious login hour
DTAA/NDS0490,PC-2549,2011-02-09 21:34:00,21.0,login,,,,1,Suspicious login hour
DTAA/ARS0993,PC-0577,2011-02-09 21:35:00,21.0,login,,,,1,Suspicious login hour
DTAA/DSM0990,PC-0338,2011-02-09 21:35:00,21.0,login,,,,1,Suspicious login hour
DTAA/JCC0998,PC-3747,2011-02-09 21:41:00,21.0,login,,,,1,Suspicious login hour
DTAA/DSM0990,PC-0338,2011-02-09 21:41:00,21.0,login,,,,1,Suspicious login hour
DTAA/DSM0990,PC-3494,2011-02-09 21:48:00,21.0,login,,,,1,Suspicious login hour
DTAA/BJM0992,PC-1150,2011-02-09 22:43:00,22.0,login,,,,1,Suspicious login hour
DTAA/BJM0992,PC-1150,2011-02-09 22:50:00,22.0,login,,,,1,Suspicious login hour
DTAA/BJM0992,PC-4492,2011-02-09 23:21:00,23.0,login,,,,1,Suspicious login hour
DTAA/PJL0320,PC-1233,2011-02-09 23:25:00,23.0,login,,,,1,Suspicious login hour
DTAA/CRC0996,PC-1033,2011-02-09 23:29:00,23.0,login,,,,1,Suspicious login hour
DTAA/CRC0996,PC-1033,2011-02-09 23:36:00,23.0,login,,,,1,Suspicious login hour
DTAA/ARS0993,PC-2377,2011-02-09 23:38:00,23.0,login,,,,1,Suspicious login hour
DTAA/ARS0993,PC-2960,2011-02-09 23:43:00,23.0,login,,,,1,Suspicious login hour
DTAA/ARS0993,PC-2377,2011-02-09 23:44:00,23.0,login,,,,1,Suspicious login hour
DTAA/BJM0992,PC-4492,2011-02-09 23:50:00,23.0,login,,,,1,Suspicious login hour
DTAA/ARS0993,PC-2960,2011-02-09 23:57:00,23.0,login,,,,1,Suspicious login hour
DTAA/IRC0991,PC-0232,2011-02-10 00:10:00,0.0,login,,,,1,Suspicious login hour
DTAA/IRC0991,PC-0232,2011-02-10 00:31:00,0.0,login,,,,1,Suspicious login hour
DTAA/KEE0997,PC-3750,2011-02-10 00:53:00,0.0,login,,,,1,Suspicious login hour
DTAA/JTT0989,PC-1213,2011-02-10 01:11:00,1.0,login,,,,1,Suspicious login hour
DTAA/ELD1000,PC-3141,2011-02-10 01:20:00,1.0,login,,,,1,Suspicious login hour
DTAA/DSM0990,PC-3199,2011-02-10 01:26:00,1.0,login,,,,1,Suspicious login hour
DTAA/IRC0991,PC-2975,2011-02-10 01:26:00,1.0,login,,,,1,Suspicious login hour
DTAA/JTT0989,PC-1213,2011-02-10 01:33:00,1.0,login,,,,1,Suspicious login hour
DTAA/KEE0997,PC-3750,2011-02-10 01:34:00,1.0,login,,,,1,Suspicious login hour
DTAA/RLC0442,PC-1467,2011-02-10 01:35:00,1.0,login,,,,1,Suspicious login hour
DTAA/MSV0506,PC-3240,2011-02-10 01:38:00,1.0,login,,,,1,Suspicious login hour
DTAA/DSM0990,PC-3199,2011-02-10 01:40:00,1.0,login,,,,1,Suspicious login hour
DTAA/CGM0994,PC-4677,2011-02-10 01:42:00,1.0,login,,,,1,Suspicious login hour
DTAA/CGM0994,PC-4677,2011-02-10 01:45:00,1.0,login,,,,1,Suspicious login hour
DTAA/IRC0991,PC-2975,2011-02-10 01:46:00,1.0,login,,,,1,Suspicious login hour
DTAA/CGM0994,PC-3231,2011-02-10 01:51:00,1.0,login,,,,1,Suspicious login hour
DTAA/CGM0994,PC-3231,2011-02-10 01:53:00,1.0,login,,,,1,Suspicious login hour
DTAA/CRC0996,PC-3754,2011-02-10 01:59:00,1.0,login,,,,1,Suspicious login hour
DTAA/ELD1000,PC-3141,2011-02-10 02:01:00,2.0,login,,,,1,Suspicious login hour
DTAA/JCC0998,PC-2501,2011-02-10 02:37:00,2.0,login,,,,1,Suspicious login hour
DTAA/CRC0996,PC-3754,2011-02-10 02:43:00,2.0,login,,,,1,Suspicious login hour
DTAA/RLC0442,PC-1467,2011-02-10 02:46:00,2.0,login,,,,1,Suspicious login hour
DTAA/BJM0992,PC-0101,2011-02-10 03:11:00,3.0,login,,,,1,Suspicious login hour
DTAA/TKH0211,PC-0719,2011-02-10 03:15:00,3.0,login,,,,1,Suspicious login hour
DTAA/FKR0550,PC-2469,2011-02-10 03:15:00,3.0,login,,,,1,Suspicious login hour
DTAA/CHA0174,PC-2751,2011-02-10 03:18:00,3.0,login,,,,1,Suspicious login hour
DTAA/BJM0992,PC-4423,2011-02-10 03:22:00,3.0,login,,,,1,Suspicious login hour
DTAA/JCC0998,PC-2501,2011-02-10 03:22:00,3.0,login,,,,1,Suspicious login hour
DTAA/SHR0025,PC-0288,2011-02-10 03:27:00,3.0,login,,,,1,Suspicious login hour
DTAA/BJM0992,PC-0101,2011-02-10 03:30:00,3.0,login,,,,1,Suspicious login hour
DTAA/JCC0998,PC-4804,2011-02-10 03:35:00,3.0,login,,,,1,Suspicious login hour
DTAA/JCC0998,PC-4804,2011-02-10 03:51:00,3.0,login,,,,1,Suspicious login hour
DTAA/BJM0992,PC-4423,2011-02-10 03:53:00,3.0,login,,,,1,Suspicious login hour
DTAA/CGM0994,PC-2735,2011-02-10 03:54:00,3.0,login,,,,1,Suspicious login hour
DTAA/PJL0320,PC-1233,2011-02-10 04:12:00,4.0,login,,,,1,Suspicious login hour
DTAA/CRC0996,PC-4642,2011-02-10 04:15:00,4.0,login,,,,1,Suspicious login hour
DTAA/DSM0990,PC-1950,2011-02-10 04:22:00,4.0,login,,,,1,Suspicious login hour
DTAA/CWG0305,PC-1107,2011-02-10 04:27:00,4.0,login,,,,1,Suspicious login hour
DTAA/SAP0304,PC-1331,2011-02-10 04:28:00,4.0,login,,,,1,Suspicious login hour
DTAA/CGM0994,PC-2735,2011-02-10 04:34:00,4.0,login,,,,1,Suspicious login hour
DTAA/DSM0990,PC-3024,2011-02-10 04:34:00,4.0,login,,,,1,Suspicious login hour
DTAA/DSM0990,PC-1950,2011-02-10 04:36:00,4.0,login,,,,1,Suspicious login hour
DTAA/AFO0022,PC-2218,2011-02-10 04:45:00,4.0,login,,,,1,Suspicious login hour
DTAA/CRC0996,PC-4642,2011-02-10 04:46:00,4.0,login,,,,1,Suspicious login hour
DTAA/SHR0025,PC-0288,2011-02-10 04:58:00,4.0,login,,,,1,Suspicious login hour
DTAA/DSM0990,PC-3024,2011-02-10 05:05:00,5.0,login,,,,1,Suspicious login hour
DTAA/CGM0994,PC-1628,2011-02-10 05:07:00,5.0,login,,,,1,Suspicious login hour
DTAA/AKS0283,PC-3049,2011-02-10 05:12:00,5.0,login,,,,1,Suspicious login hour
DTAA/CGM0994,PC-1628,2011-02-10 05:20:00,5.0,login,,,,1,Suspicious login hour
DTAA/CWG0305,PC-1107,2011-02-10 05:22:00,5.0,login,,,,1,Suspicious login hour
DTAA/SAP0304,PC-1331,2011-02-10 05:25:00,5.0,login,,,,1,Suspicious login hour
DTAA/JCC0998,PC-2659,2011-02-10 05:34:00,5.0,login,,,,1,Suspicious login hour
DTAA/TKH0211,PC-0719,2011-02-10 05:40:00,5.0,login,,,,1,Suspicious login hour
DTAA/ARC0677,PC-0465,2011-02-10 21:04:00,21.0,login,,,,1,Suspicious login hour
DTAA/BJM0992,PC-2645,2011-02-10 21:06:00,21.0,login,,,,1,Suspicious login hour
DTAA/CLN0999,PC-1226,2011-02-10 21:13:00,21.0,login,,,,1,Suspicious login hour
DTAA/CLB0995,PC-3885,2011-02-10 21:13:00,21.0,login,,,,1,Suspicious login hour
DTAA/VAH0262,PC-1398,2011-02-10 21:16:00,21.0,login,,,,1,Suspicious login hour
DTAA/SKL0881,PC-1581,2011-02-10 21:18:00,21.0,login,,,,1,Suspicious login hour
DTAA/CTH0082,PC-4582,2011-02-10 21:20:00,21.0,login,,,,1,Suspicious login hour
DTAA/CLN0999,PC-1469,2011-02-10 21:22:00,21.0,login,,,,1,Suspicious login hour
DTAA/DSM0990,PC-1587,2011-02-10 21:26:00,21.0,login,,,,1,Suspicious login hour
DTAA/NDS0490,PC-2549,2011-02-10 21:37:00,21.0,login,,,,1,Suspicious login hour
DTAA/BJM0992,PC-2645,2011-02-10 21:39:00,21.0,login,,,,1,Suspicious login hour
DTAA/CLB0995,PC-3885,2011-02-10 21:42:00,21.0,login,,,,1,Suspicious login hour
DTAA/DSM0990,PC-1587,2011-02-10 21:48:00,21.0,login,,,,1,Suspicious login hour
DTAA/JTT0989,PC-4928,2011-02-10 21:48:00,21.0,login,,,,1,Suspicious login hour
DTAA/CLN0999,PC-1469,2011-02-10 22:06:00,22.0,login,,,,1,Suspicious login hour
DTAA/AJP0553,PC-1270,2011-02-10 22:15:00,22.0,login,,,,1,Suspicious login hour
DTAA/CGM0994,PC-1730,2011-02-10 22:20:00,22.0,login,,,,1,Suspicious login hour
DTAA/JTT0989,PC-4928,2011-02-10 22:23:00,22.0,login,,,,1,Suspicious login hour
DTAA/CLB0995,PC-0075,2011-02-10 22:27:00,22.0,login,,,,1,Suspicious login hour
DTAA/CGM0994,PC-1730,2011-02-10 22:33:00,22.0,login,,,,1,Suspicious login hour
DTAA/CLB0995,PC-0075,2011-02-10 22:34:00,22.0,login,,,,1,Suspicious login hour
DTAA/ARS0993,PC-2222,2011-02-10 22:46:00,22.0,login,,,,1,Suspicious login hour
DTAA/DSM0990,PC-2670,2011-02-10 22:57:00,22.0,login,,,,1,Suspicious login hour
DTAA/ELD1000,PC-1040,2011-02-10 22:58:00,22.0,login,,,,1,Suspicious login hour
DTAA/DSM0990,PC-2670,2011-02-10 23:11:00,23.0,login,,,,1,Suspicious login hour
DTAA/KEE0997,PC-3081,2011-02-10 23:12:00,23.0,login,,,,1,Suspicious login hour
DTAA/JCC0998,PC-3755,2011-02-10 23:17:00,23.0,login,,,,1,Suspicious login hour
DTAA/ARS0993,PC-2222,2011-02-10 23:21:00,23.0,login,,,,1,Suspicious login hour
DTAA/JCC0998,PC-3980,2011-02-10 23:24:00,23.0,login,,,,1,Suspicious login hour
DTAA/JCC0998,PC-3755,2011-02-10 23:29:00,23.0,login,,,,1,Suspicious login hour
DTAA/ELD1000,PC-1040,2011-02-10 23:30:00,23.0,login,,,,1,Suspicious login hour
DTAA/ARS0993,PC-0335,2011-02-10 23:44:00,23.0,login,,,,1,Suspicious login hour
DTAA/JCC0998,PC-3980,2011-02-10 23:52:00,23.0,login,,,,1,Suspicious login hour
DTAA/KEE0997,PC-3081,2011-02-10 23:52:00,23.0,login,,,,1,Suspicious login hour
DTAA/KGS0398,PC-1620,2011-02-11 00:16:00,0.0,login,,,,1,Suspicious login hour
DTAA/ARS0993,PC-0335,2011-02-11 00:16:00,0.0,login,,,,1,Suspicious login hour
DTAA/ELD1000,PC-2364,2011-02-11 00:51:00,0.0,login,,,,1,Suspicious login hour
DTAA/KGS0398,PC-1620,2011-02-11 00:55:00,0.0,login,,,,1,Suspicious login hour
DTAA/CLB0995,PC-4272,2011-02-11 01:13:00,1.0,login,,,,1,Suspicious login hour
DTAA/CRC0996,PC-3582,2011-02-11 01:17:00,1.0,login,,,,1,Suspicious login hour
DTAA/CRC0996,PC-3582,2011-02-11 01:22:00,1.0,login,,,,1,Suspicious login hour
DTAA/ELD1000,PC-2364,2011-02-11 01:31:00,1.0,login,,,,1,Suspicious login hour
DTAA/AJP0553,PC-1270,2011-02-11 01:40:00,1.0,login,,,,1,Suspicious login hour
DTAA/CLB0995,PC-4272,2011-02-11 01:58:00,1.0,login,,,,1,Suspicious login hour
DTAA/ELD1000,PC-2974,2011-02-11 02:28:00,2.0,login,,,,1,Suspicious login hour
DTAA/AJA0220,PC-3872,2011-02-11 02:34:00,2.0,login,,,,1,Suspicious login hour
DTAA/BJM0992,PC-4115,2011-02-11 02:39:00,2.0,login,,,,1,Suspicious login hour
DTAA/ELD1000,PC-3548,2011-02-11 02:43:00,2.0,login,,,,1,Suspicious login hour
DTAA/ELD1000,PC-2974,2011-02-11 02:46:00,2.0,login,,,,1,Suspicious login hour
DTAA/BJM0992,PC-4115,2011-02-11 02:47:00,2.0,login,,,,1,Suspicious login hour
DTAA/ELD1000,PC-3548,2011-02-11 02:56:00,2.0,login,,,,1,Suspicious login hour
DTAA/DSM0990,PC-4881,2011-02-11 02:59:00,2.0,login,,,,1,Suspicious login hour
DTAA/AJA0220,PC-3872,2011-02-11 02:59:00,2.0,login,,,,1,Suspicious login hour
DTAA/ELD1000,PC-1945,2011-02-11 03:00:00,3.0,login,,,,1,Suspicious login hour
DTAA/COS0121,PC-0462,2011-02-11 03:05:00,3.0,login,,,,1,Suspicious login hour
DTAA/OYR0801,PC-0088,2011-02-11 03:09:00,3.0,login,,,,1,Suspicious login hour
DTAA/DSM0990,PC-4881,2011-02-11 03:12:00,3.0,login,,,,1,Suspicious login hour
DTAA/IRC0991,PC-4067,2011-02-11 03:13:00,3.0,login,,,,1,Suspicious login hour
DTAA/JSE0020,PC-2745,2011-02-11 03:17:00,3.0,login,,,,1,Suspicious login hour
DTAA/ELD1000,PC-0856,2011-02-11 03:17:00,3.0,login,,,,1,Suspicious login hour
DTAA/COS0121,PC-0462,2011-02-11 03:18:00,3.0,login,,,,1,Suspicious login hour
DTAA/ELD1000,PC-4483,2011-02-11 03:20:00,3.0,login,,,,1,Suspicious login hour
DTAA/ELD1000,PC-0856,2011-02-11 03:20:00,3.0,login,,,,1,Suspicious login hour
DTAA/ELD1000,PC-1945,2011-02-11 03:36:00,3.0,login,,,,1,Suspicious login hour
DTAA/CLB0995,PC-1066,2011-02-11 03:46:00,3.0,login,,,,1,Suspicious login hour
DTAA/IRC0991,PC-4067,2011-02-11 03:54:00,3.0,login,,,,1,Suspicious login hour
DTAA/ELD1000,PC-4483,2011-02-11 04:03:00,4.0,login,,,,1,Suspicious login hour
DTAA/JSE0020,PC-2745,2011-02-11 04:04:00,4.0,login,,,,1,Suspicious login hour
DTAA/JTT0989,PC-3033,2011-02-11 04:07:00,4.0,login,,,,1,Suspicious login hour
DTAA/CLB0995,PC-1066,2011-02-11 04:14:00,4.0,login,,,,1,Suspicious login hour
DTAA/DSM0990,PC-2580,2011-02-11 04:39:00,4.0,login,,,,1,Suspicious login hour
DTAA/JTT0989,PC-3033,2011-02-11 04:44:00,4.0,login,,,,1,Suspicious login hour
DTAA/DSM0990,PC-2580,2011-02-11 04:55:00,4.0,login,,,,1,Suspicious login hour
DTAA/BJM0992,PC-1418,2011-02-11 05:11:00,5.0,login,,,,1,Suspicious login hour
DTAA/IRC0991,PC-0212,2011-02-11 05:17:00,5.0,login,,,,1,Suspicious login hour
DTAA/BJM0992,PC-1418,2011-02-11 05:18:00,5.0,login,,,,1,Suspicious login hour
DTAA/CLB0995,PC-0237,2011-02-11 05:30:00,5.0,login,,,,1,Suspicious login hour
DTAA/CLB0995,PC-0237,2011-02-11 05:37:00,5.0,login,,,,1,Suspicious login hour
DTAA/BJM0992,PC-1334,2011-02-11 05:37:00,5.0,login,,,,1,Suspicious login hour
DTAA/KAD0059,PC-4031,2011-02-11 05:53:00,5.0,login,,,,1,Suspicious login hour
DTAA/BJM0992,PC-1334,2011-02-11 05:59:00,5.0,login,,,,1,Suspicious login hour
DTAA/VAH0262,PC-1398,2011-02-11 21:16:00,21.0,login,,,,1,Suspicious login hour
DTAA/SKL0881,PC-1581,2011-02-11 21:18:00,21.0,login,,,,1,Suspicious login hour
DTAA/CLB0995,PC-3140,2011-02-11 21:30:00,21.0,login,,,,1,Suspicious login hour
DTAA/CRC0996,PC-0912,2011-02-11 21:31:00,21.0,login,,,,1,Suspicious login hour
DTAA/NDS0490,PC-2549,2011-02-11 21:36:00,21.0,login,,,,1,Suspicious login hour
DTAA/EOS0972,PC-4981,2011-02-11 21:45:00,21.0,login,,,,1,Suspicious login hour
DTAA/CLB0995,PC-3140,2011-02-11 21:50:00,21.0,login,,,,1,Suspicious login hour
DTAA/CGM0994,PC-1179,2011-02-11 21:51:00,21.0,login,,,,1,Suspicious login hour
DTAA/IRC0991,PC-1560,2011-02-11 21:57:00,21.0,login,,,,1,Suspicious login hour
DTAA/ARS0993,PC-0323,2011-02-11 22:03:00,22.0,login,,,,1,Suspicious login hour
DTAA/JCC0998,PC-0094,2011-02-11 22:05:00,22.0,login,,,,1,Suspicious login hour
DTAA/CGM0994,PC-2047,2011-02-11 22:06:00,22.0,login,,,,1,Suspicious login hour
DTAA/IRC0991,PC-1560,2011-02-11 22:17:00,22.0,login,,,,1,Suspicious login hour
DTAA/CGM0994,PC-1179,2011-02-11 22:17:00,22.0,login,,,,1,Suspicious login hour
DTAA/CGM0994,PC-2047,2011-02-11 22:18:00,22.0,login,,,,1,Suspicious login hour
DTAA/JCC0998,PC-0094,2011-02-11 22:23:00,22.0,login,,,,1,Suspicious login hour
DTAA/ARS0993,PC-0323,2011-02-11 22:25:00,22.0,login,,,,1,Suspicious login hour
DTAA/PUH0847,PC-2550,2011-02-11 22:38:00,22.0,login,,,,1,Suspicious login hour
DTAA/ARS0993,PC-1512,2011-02-11 23:01:00,23.0,login,,,,1,Suspicious login hour
DTAA/NHH0566,PC-1651,2011-02-11 23:02:00,23.0,login,,,,1,Suspicious login hour
DTAA/AKW0582,PC-0891,2011-02-11 23:13:00,23.0,login,,,,1,Suspicious login hour
DTAA/ARS0993,PC-1512,2011-02-11 23:23:00,23.0,login,,,,1,Suspicious login hour
DTAA/CRC0996,PC-4866,2011-02-11 23:47:00,23.0,login,,,,1,Suspicious login hour
DTAA/CRC0996,PC-4866,2011-02-11 23:59:00,23.0,login,,,,1,Suspicious login hour
DTAA/NHH0566,PC-1651,2011-02-12 01:16:00,1.0,login,,,,1,Suspicious login hour
DTAA/PUH0847,PC-2550,2011-02-12 01:36:00,1.0,login,,,,1,Suspicious login hour
DTAA/LJR0772,PC-3780,2011-02-12 01:59:00,1.0,login,,,,1,Suspicious login hour
DTAA/CDZ0056,PC-4052,2011-02-12 02:27:00,2.0,login,,,,1,Suspicious login hour
DTAA/DFZ0063,PC-4442,2011-02-12 02:28:00,2.0,login,,,,1,Suspicious login hour
DTAA/JMM0759,PC-3490,2011-02-12 02:38:00,2.0,login,,,,1,Suspicious login hour
DTAA/LJR0772,PC-3780,2011-02-12 02:53:00,2.0,login,,,,1,Suspicious login hour
DTAA/JMM0759,PC-3490,2011-02-12 03:02:00,3.0,login,,,,1,Suspicious login hour
DTAA/AKW0582,PC-0891,2011-02-12 04:00:00,4.0,login,,,,1,Suspicious login hour
DTAA/DFZ0063,PC-4442,2011-02-12 04:24:00,4.0,login,,,,1,Suspicious login hour
DTAA/EOS0972,PC-4981,2011-02-12 04:46:00,4.0,login,,,,1,Suspicious login hour
DTAA/CDZ0056,PC-4052,2011-02-12 05:04:00,5.0,login,,,,1,Suspicious login hour
DTAA/DIS0382,PC-2501,2011-02-12 05:07:00,5.0,login,,,,1,Suspicious login hour
DTAA/CTH0856,PC-4677,2011-02-12 05:22:00,5.0,login,,,,1,Suspicious login hour
DTAA/PCM0846,PC-1898,2011-02-12 05:52:00,5.0,login,,,,1,Suspicious login hour
DTAA/HNS0858,PC-3790,2011-02-12 05:53:00,5.0,login,,,,1,Suspicious login hour
DTAA/DIS0382,PC-2501,2011-02-12 05:55:00,5.0,login,,,,1,Suspicious login hour
DTAA/CGM0994,PC-1699,2011-03-01 00:18:00,0.0,login,,,,1,Suspicious login hour
DTAA/GRS0372,PC-2242,2011-03-01 00:31:00,0.0,login,,,,1,Suspicious login hour
DTAA/DIS0382,PC-2501,2011-03-01 00:42:00,0.0,login,,,,1,Suspicious login hour
DTAA/BJM0992,PC-2462,2011-03-01 00:42:00,0.0,login,,,,1,Suspicious login hour
DTAA/BJM0992,PC-2462,2011-03-01 00:49:00,0.0,login,,,,1,Suspicious login hour
DTAA/SAH0192,PC-4079,2011-03-01 01:06:00,1.0,login,,,,1,Suspicious login hour
DTAA/CRC0996,PC-2651,2011-03-01 01:20:00,1.0,login,,,,1,Suspicious login hour
DTAA/CLN0999,PC-4135,2011-03-01 01:48:00,1.0,login,,,,1,Suspicious login hour
DTAA/CRC0996,PC-2651,2011-03-01 01:52:00,1.0,login,,,,1,Suspicious login hour
DTAA/KEE0997,PC-3882,2011-03-01 01:54:00,1.0,login,,,,1,Suspicious login hour
DTAA/KEE0997,PC-3882,2011-03-01 02:08:00,2.0,login,,,,1,Suspicious login hour
DTAA/CLN0999,PC-4135,2011-03-01 02:21:00,2.0,login,,,,1,Suspicious login hour
DTAA/CLN0999,PC-4011,2011-03-01 02:27:00,2.0,login,,,,1,Suspicious login hour
DTAA/CLN0999,PC-4011,2011-03-01 02:29:00,2.0,login,,,,1,Suspicious login hour
DTAA/CGM0994,PC-0465,2011-03-01 02:53:00,2.0,login,,,,1,Suspicious login hour
DTAA/CGM0994,PC-0465,2011-03-01 03:32:00,3.0,login,,,,1,Suspicious login hour
DTAA/KEE0997,PC-0508,2011-03-01 03:47:00,3.0,login,,,,1,Suspicious login hour
DTAA/DIS0382,PC-2501,2011-03-01 03:53:00,3.0,login,,,,1,Suspicious login hour
DTAA/KEE0997,PC-0508,2011-03-01 03:57:00,3.0,login,,,,1,Suspicious login hour
DTAA/SAH0192,PC-4079,2011-03-01 04:13:00,4.0,login,,,,1,Suspicious login hour
DTAA/ELD1000,PC-3438,2011-03-01 04:35:00,4.0,login,,,,1,Suspicious login hour
DTAA/XIN0791,PC-2332,2011-03-01 04:53:00,4.0,login,,,,1,Suspicious login hour
DTAA/ARS0993,PC-0826,2011-03-01 05:05:00,5.0,login,,,,1,Suspicious login hour
DTAA/ELD1000,PC-3438,2011-03-01 05:09:00,5.0,login,,,,1,Suspicious login hour
DTAA/ARS0993,PC-0826,2011-03-01 05:14:00,5.0,login,,,,1,Suspicious login hour
DTAA/CLB0995,PC-2079,2011-03-01 05:19:00,5.0,login,,,,1,Suspicious login hour
DTAA/JCC0998,PC-2929,2011-03-01 05:25:00,5.0,login,,,,1,Suspicious login hour
DTAA/XIN0791,PC-2332,2011-03-01 05:32:00,5.0,login,,,,1,Suspicious login hour
DTAA/ARS0993,PC-2843,2011-03-01 05:35:00,5.0,login,,,,1,Suspicious login hour
DTAA/ARS0993,PC-2843,2011-03-01 05:38:00,5.0,login,,,,1,Suspicious login hour
DTAA/CDZ0056,PC-4052,2011-03-01 05:39:00,5.0,login,,,,1,Suspicious login hour
DTAA/JCC0998,PC-3039,2011-03-01 05:48:00,5.0,login,,,,1,Suspicious login hour
DTAA/JCC0998,PC-2929,2011-03-01 05:54:00,5.0,login,,,,1,Suspicious login hour
DTAA/CLB0995,PC-2079,2011-03-01 05:56:00,5.0,login,,,,1,Suspicious login hour
DTAA/KEE0997,PC-3668,2011-03-01 05:59:00,5.0,login,,,,1,Suspicious login hour
DTAA/ARC0677,PC-0465,2011-03-01 21:07:00,21.0,login,,,,1,Suspicious login hour
DTAA/ODW0839,PC-1940,2011-03-01 21:09:00,21.0,login,,,,1,Suspicious login hour
DTAA/SKL0881,PC-1581,2011-03-01 21:23:00,21.0,login,,,,1,Suspicious login hour
DTAA/VAH0262,PC-1398,2011-03-01 21:23:00,21.0,login,,,,1,Suspicious login hour
DTAA/NDS0490,PC-2549,2011-03-01 21:32:00,21.0,login,,,,1,Suspicious login hour
DTAA/ARS0993,PC-4444,2011-03-01 21:38:00,21.0,login,,,,1,Suspicious login hour
DTAA/JCC0998,PC-3411,2011-03-01 21:41:00,21.0,login,,,,1,Suspicious login hour
DTAA/SJH0588,PC-2512,2011-03-01 21:43:00,21.0,login,,,,1,Suspicious login hour
DTAA/JCC0998,PC-3411,2011-03-01 21:52:00,21.0,login,,,,1,Suspicious login hour
DTAA/FKR0550,PC-2469,2011-03-01 21:53:00,21.0,login,,,,1,Suspicious login hour
DTAA/PCM0846,PC-1898,2011-03-01 21:58:00,21.0,login,,,,1,Suspicious login hour
DTAA/HCJ0171,PC-0149,2011-03-01 22:25:00,22.0,login,,,,1,Suspicious login hour
DTAA/CLB0995,PC-3850,2011-03-01 23:05:00,23.0,login,,,,1,Suspicious login hour
DTAA/JAH0544,PC-4081,2011-03-01 23:12:00,23.0,login,,,,1,Suspicious login hour
DTAA/PMB0702,PC-1792,2011-03-01 23:30:00,23.0,login,,,,1,Suspicious login hour
DTAA/DSM0990,PC-3165,2011-03-01 23:34:00,23.0,login,,,,1,Suspicious login hour
DTAA/JCC0998,PC-2888,2011-03-01 23:39:00,23.0,login,,,,1,Suspicious login hour
DTAA/DSM0990,PC-3165,2011-03-01 23:48:00,23.0,login,,,,1,Suspicious login hour
DTAA/CLB0995,PC-3850,2011-03-01 23:50:00,23.0,login,,,,1,Suspicious login hour
DTAA/ELD1000,PC-1394,2011-03-01 23:58:00,23.0,login,,,,1,Suspicious login hour
DTAA/CGM0994,PC-1310,2011-03-02 00:01:00,0.0,login,,,,1,Suspicious login hour
DTAA/BJM0992,PC-1243,2011-03-02 00:02:00,0.0,login,,,,1,Suspicious login hour
DTAA/ELD1000,PC-1394,2011-03-02 00:07:00,0.0,login,,,,1,Suspicious login hour
DTAA/CLB0995,PC-4492,2011-03-02 00:11:00,0.0,login,,,,1,Suspicious login hour
DTAA/BJM0992,PC-1243,2011-03-02 00:13:00,0.0,login,,,,1,Suspicious login hour
DTAA/CGM0994,PC-1310,2011-03-02 00:16:00,0.0,login,,,,1,Suspicious login hour
DTAA/CHS0324,PC-3251,2011-03-02 00:20:00,0.0,login,,,,1,Suspicious login hour
DTAA/JCC0998,PC-2888,2011-03-02 00:21:00,0.0,login,,,,1,Suspicious login hour
DTAA/CGM0994,PC-2765,2011-03-02 00:27:00,0.0,login,,,,1,Suspicious login hour
DTAA/CGM0994,PC-2765,2011-03-02 00:31:00,0.0,login,,,,1,Suspicious login hour
DTAA/JBL0450,PC-2338,2011-03-02 00:32:00,0.0,login,,,,1,Suspicious login hour
DTAA/CLB0995,PC-4492,2011-03-02 00:34:00,0.0,login,,,,1,Suspicious login hour
DTAA/CLB0995,PC-3390,2011-03-02 00:36:00,0.0,login,,,,1,Suspicious login hour
DTAA/PMB0702,PC-1792,2011-03-02 00:42:00,0.0,login,,,,1,Suspicious login hour
DTAA/CLB0995,PC-3390,2011-03-02 00:56:00,0.0,login,,,,1,Suspicious login hour
DTAA/JTT0989,PC-1628,2011-03-02 01:19:00,1.0,login,,,,1,Suspicious login hour
DTAA/JTT0989,PC-1628,2011-03-02 01:29:00,1.0,login,,,,1,Suspicious login hour
DTAA/IRC0991,PC-1398,2011-03-02 01:30:00,1.0,login,,,,1,Suspicious login hour
DTAA/ELD1000,PC-4718,2011-03-02 01:34:00,1.0,login,,,,1,Suspicious login hour
DTAA/ARS0993,PC-4337,2011-03-02 01:51:00,1.0,login,,,,1,Suspicious login hour
DTAA/IRC0991,PC-1398,2011-03-02 01:55:00,1.0,login,,,,1,Suspicious login hour
DTAA/ARS0993,PC-4337,2011-03-02 01:59:00,1.0,login,,,,1,Suspicious login hour
DTAA/ELD1000,PC-4718,2011-03-02 02:14:00,2.0,login,,,,1,Suspicious login hour
DTAA/JBL0450,PC-2338,2011-03-02 02:18:00,2.0,login,,,,1,Suspicious login hour
DTAA/BJM0992,PC-0318,2011-03-02 02:24:00,2.0,login,,,,1,Suspicious login hour
DTAA/BJM0992,PC-3647,2011-03-02 02:35:00,2.0,login,,,,1,Suspicious login hour
DTAA/MIC0914,PC-3326,2011-03-02 02:38:00,2.0,login,,,,1,Suspicious login hour
DTAA/HCG0731,PC-4643,2011-03-02 02:40:00,2.0,login,,,,1,Suspicious login hour
DTAA/BJM0992,PC-0318,2011-03-02 02:40:00,2.0,login,,,,1,Suspicious login hour
DTAA/BJM0992,PC-3647,2011-03-02 02:42:00,2.0,login,,,,1,Suspicious login hour
DTAA/ARS0993,PC-2960,2011-03-02 02:43:00,2.0,login,,,,1,Suspicious login hour
DTAA/ARS0993,PC-2960,2011-03-02 02:44:00,2.0,login,,,,1,Suspicious login hour
DTAA/JCC0998,PC-2467,2011-03-02 02:52:00,2.0,login,,,,1,Suspicious login hour
DTAA/JCC0998,PC-2467,2011-03-02 02:59:00,2.0,login,,,,1,Suspicious login hour
DTAA/SDC0032,PC-3081,2011-03-02 03:03:00,3.0,login,,,,1,Suspicious login hour
DTAA/ELD1000,PC-4423,2011-03-02 03:12:00,3.0,login,,,,1,Suspicious login hour
DTAA/ELD1000,PC-1859,2011-03-02 03:12:00,3.0,login,,,,1,Suspicious login hour
DTAA/ARS0993,PC-1744,2011-03-02 03:14:00,3.0,login,,,,1,Suspicious login hour
DTAA/ELD1000,PC-4423,2011-03-02 03:14:00,3.0,login,,,,1,Suspicious login hour
DTAA/ARS0993,PC-1744,2011-03-02 03:40:00,3.0,login,,,,1,Suspicious login hour
DTAA/HCJ0171,PC-0149,2011-03-02 03:46:00,3.0,login,,,,1,Suspicious login hour
DTAA/ELD1000,PC-1859,2011-03-02 03:55:00,3.0,login,,,,1,Suspicious login hour
DTAA/DSM0990,PC-2112,2011-03-02 04:10:00,4.0,login,,,,1,Suspicious login hour
DTAA/HTS0265,PC-1744,2011-03-02 04:11:00,4.0,login,,,,1,Suspicious login hour
DTAA/SJH0588,PC-2512,2011-03-02 04:14:00,4.0,login,,,,1,Suspicious login hour
DTAA/FKR0550,PC-2469,2011-03-02 04:19:00,4.0,login,,,,1,Suspicious login hour
DTAA/MVW0630,PC-2005,2011-03-02 04:37:00,4.0,login,,,,1,Suspicious login hour
DTAA/SDC0032,PC-3081,2011-03-02 04:43:00,4.0,login,,,,1,Suspicious login hour
DTAA/DSM0990,PC-2112,2011-03-02 04:52:00,4.0,login,,,,1,Suspicious login hour
DTAA/PJL0320,PC-1233,2011-03-02 05:00:00,5.0,login,,,,1,Suspicious login hour
DTAA/GKC0919,PC-3647,2011-03-02 05:02:00,5.0,login,,,,1,Suspicious login hour
DTAA/JMM0759,PC-3490,2011-03-02 05:06:00,5.0,login,,,,1,Suspicious login hour
DTAA/HCG0731,PC-4643,2011-03-02 05:11:00,5.0,login,,,,1,Suspicious login hour
DTAA/GKC0919,PC-3647,2011-03-02 05:11:00,5.0,login,,,,1,Suspicious login hour
DTAA/HTS0265,PC-1744,2011-03-02 05:12:00,5.0,login,,,,1,Suspicious login hour
DTAA/AFO0022,PC-2218,2011-03-02 05:21:00,5.0,login,,,,1,Suspicious login hour
DTAA/PJL0320,PC-1233,2011-03-02 05:52:00,5.0,login,,,,1,Suspicious login hour
DTAA/CLN0999,PC-2210,2011-03-02 05:52:00,5.0,login,,,,1,Suspicious login hour
DTAA/AFO0022,PC-2218,2011-03-02 05:52:00,5.0,login,,,,1,Suspicious login hour
DTAA/MVW0630,PC-2005,2011-03-02 05:55:00,5.0,login,,,,1,Suspicious login hour
DTAA/ELD1000,PC-2652,2011-03-02 05:59:00,5.0,login,,,,1,Suspicious login hour
DTAA/ARC0677,PC-0465,2011-03-02 21:04:00,21.0,login,,,,1,Suspicious login hour
DTAA/AKS0283,PC-3049,2011-03-02 21:06:00,21.0,login,,,,1,Suspicious login hour
DTAA/VAH0262,PC-1398,2011-03-02 21:14:00,21.0,login,,,,1,Suspicious login hour
DTAA/SKL0881,PC-1581,2011-03-02 21:18:00,21.0,login,,,,1,Suspicious login hour
DTAA/NDS0490,PC-2549,2011-03-02 21:27:00,21.0,login,,,,1,Suspicious login hour
DTAA/JCC0998,PC-2344,2011-03-02 21:45:00,21.0,login,,,,1,Suspicious login hour
DTAA/ELD1000,PC-2855,2011-03-02 21:50:00,21.0,login,,,,1,Suspicious login hour
DTAA/CRC0996,PC-4400,2011-03-02 21:52:00,21.0,login,,,,1,Suspicious login hour
DTAA/JCC0998,PC-2344,2011-03-02 21:55:00,21.0,login,,,,1,Suspicious login hour
DTAA/DSM0990,PC-2735,2011-03-02 22:05:00,22.0,login,,,,1,Suspicious login hour
DTAA/CRC0996,PC-4400,2011-03-02 22:18:00,22.0,login,,,,1,Suspicious login hour
DTAA/RLC0442,PC-1467,2011-03-02 22:29:00,22.0,login,,,,1,Suspicious login hour
DTAA/DSM0990,PC-2735,2011-03-02 22:30:00,22.0,login,,,,1,Suspicious login hour
DTAA/IRC0991,PC-1771,2011-03-02 22:32:00,22.0,login,,,,1,Suspicious login hour
DTAA/ELD1000,PC-2855,2011-03-02 22:34:00,22.0,login,,,,1,Suspicious login hour
DTAA/JCC0998,PC-1033,2011-03-02 22:39:00,22.0,login,,,,1,Suspicious login hour
DTAA/JCC0998,PC-0718,2011-03-02 22:50:00,22.0,login,,,,1,Suspicious login hour
DTAA/IRC0991,PC-1771,2011-03-02 22:53:00,22.0,login,,,,1,Suspicious login hour
DTAA/CSC0297,PC-2848,2011-03-02 22:58:00,22.0,login,,,,1,Suspicious login hour
DTAA/CGM0994,PC-0578,2011-03-02 23:16:00,23.0,login,,,,1,Suspicious login hour
DTAA/CSC0297,PC-2848,2011-03-02 23:22:00,23.0,login,,,,1,Suspicious login hour
DTAA/JCC0998,PC-1033,2011-03-02 23:23:00,23.0,login,,,,1,Suspicious login hour
DTAA/JCC0998,PC-0718,2011-03-02 23:26:00,23.0,login,,,,1,Suspicious login hour
DTAA/CGM0994,PC-0578,2011-03-02 23:35:00,23.0,login,,,,1,Suspicious login hour
DTAA/CWG0305,PC-1107,2011-03-03 00:15:00,0.0,login,,,,1,Suspicious login hour
DTAA/ELD1000,PC-2894,2011-03-03 00:32:00,0.0,login,,,,1,Suspicious login hour
DTAA/ELD1000,PC-2894,2011-03-03 00:43:00,0.0,login,,,,1,Suspicious login hour
DTAA/DSM0990,PC-2137,2011-03-03 00:44:00,0.0,login,,,,1,Suspicious login hour
DTAA/KEE0997,PC-1213,2011-03-03 00:45:00,0.0,login,,,,1,Suspicious login hour
DTAA/CLN0999,PC-1021,2011-03-03 00:45:00,0.0,login,,,,1,Suspicious login hour
DTAA/CGM0994,PC-0101,2011-03-03 00:50:00,0.0,login,,,,1,Suspicious login hour
DTAA/DSM0990,PC-4332,2011-03-03 00:57:00,0.0,login,,,,1,Suspicious login hour
DTAA/KEE0997,PC-1213,2011-03-03 01:06:00,1.0,login,,,,1,Suspicious login hour
DTAA/CWG0305,PC-1107,2011-03-03 01:10:00,1.0,login,,,,1,Suspicious login hour
DTAA/DSM0990,PC-2137,2011-03-03 01:13:00,1.0,login,,,,1,Suspicious login hour
DTAA/DSM0990,PC-4332,2011-03-03 01:26:00,1.0,login,,,,1,Suspicious login hour
DTAA/CGM0994,PC-0101,2011-03-03 01:27:00,1.0,login,,,,1,Suspicious login hour
DTAA/CLN0999,PC-1021,2011-03-03 01:29:00,1.0,login,,,,1,Suspicious login hour
DTAA/CGM0994,PC-3996,2011-03-03 01:34:00,1.0,login,,,,1,Suspicious login hour
DTAA/MSV0506,PC-3240,2011-03-03 01:46:00,1.0,login,,,,1,Suspicious login hour
DTAA/CGM0994,PC-3996,2011-03-03 01:53:00,1.0,login,,,,1,Suspicious login hour
DTAA/CRC0996,PC-0744,2011-03-03 02:06:00,2.0,login,,,,1,Suspicious login hour
DTAA/CMF0339,PC-1939,2011-03-03 02:10:00,2.0,login,,,,1,Suspicious login hour
DTAA/CRC0996,PC-0744,2011-03-03 02:12:00,2.0,login,,,,1,Suspicious login hour
DTAA/SRN0275,PC-3531,2011-03-03 02:27:00,2.0,login,,,,1,Suspicious login hour
DTAA/CLN0999,PC-0280,2011-03-03 02:28:00,2.0,login,,,,1,Suspicious login hour
DTAA/ARS0993,PC-2507,2011-03-03 02:29:00,2.0,login,,,,1,Suspicious login hour
DTAA/SHR0025,PC-0288,2011-03-03 02:31:00,2.0,login,,,,1,Suspicious login hour
DTAA/ARS0993,PC-2507,2011-03-03 02:34:00,2.0,login,,,,1,Suspicious login hour
DTAA/SRN0275,PC-3531,2011-03-03 02:37:00,2.0,login,,,,1,Suspicious login hour
DTAA/IRC0991,PC-0969,2011-03-03 02:40:00,2.0,login,,,,1,Suspicious login hour
DTAA/CLN0999,PC-0280,2011-03-03 02:45:00,2.0,login,,,,1,Suspicious login hour
DTAA/SHR0025,PC-0288,2011-03-03 02:54:00,2.0,login,,,,1,Suspicious login hour
DTAA/BJM0992,PC-1665,2011-03-03 03:04:00,3.0,login,,,,1,Suspicious login hour
DTAA/IRC0991,PC-0969,2011-03-03 03:07:00,3.0,login,,,,1,Suspicious login hour
DTAA/AKS0283,PC-3049,2011-03-03 03:12:00,3.0,login,,,,1,Suspicious login hour
DTAA/JCC0998,PC-2632,2011-03-03 03:22:00,3.0,login,,,,1,Suspicious login hour
DTAA/JCC0998,PC-2632,2011-03-03 03:27:00,3.0,login,,,,1,Suspicious login hour
DTAA/KEE0997,PC-1226,2011-03-03 03:29:00,3.0,login,,,,1,Suspicious login hour
DTAA/BJM0992,PC-1665,2011-03-03 03:29:00,3.0,login,,,,1,Suspicious login hour
DTAA/KEE0997,PC-1226,2011-03-03 03:53:00,3.0,login,,,,1,Suspicious login hour
DTAA/IRC0991,PC-0408,2011-03-03 04:24:00,4.0,login,,,,1,Suspicious login hour
DTAA/RQH0770,PC-4225,2011-03-03 04:25:00,4.0,login,,,,1,Suspicious login hour
DTAA/CHA0174,PC-2751,2011-03-03 04:31:00,4.0,login,,,,1,Suspicious login hour
DTAA/IRC0991,PC-0408,2011-03-03 04:44:00,4.0,login,,,,1,Suspicious login hour
DTAA/CGM0994,PC-1139,2011-03-03 04:46:00,4.0,login,,,,1,Suspicious login hour
DTAA/JLM0053,PC-1334,2011-03-03 04:57:00,4.0,login,,,,1,Suspicious login hour
DTAA/CRC0996,PC-1093,2011-03-03 05:03:00,5.0,login,,,,1,Suspicious login hour
DTAA/CGM0994,PC-1139,2011-03-03 05:13:00,5.0,login,,,,1,Suspicious login hour
DTAA/BJM0992,PC-4334,2011-03-03 05:20:00,5.0,login,,,,1,Suspicious login hour
DTAA/JLM0053,PC-1334,2011-03-03 05:22:00,5.0,login,,,,1,Suspicious login hour
DTAA/CRC0996,PC-1093,2011-03-03 05:42:00,5.0,login,,,,1,Suspicious login hour
DTAA/BJM0992,PC-4334,2011-03-03 05:46:00,5.0,login,,,,1,Suspicious login hour
DTAA/ODW0839,PC-1940,2011-03-03 21:06:00,21.0,login,,,,1,Suspicious login hour
DTAA/COS0121,PC-0462,2011-03-03 21:09:00,21.0,login,,,,1,Suspicious login hour
DTAA/ARC0677,PC-0465,2011-03-03 21:09:00,21.0,login,,,,1,Suspicious login hour
DTAA/SKL0881,PC-1581,2011-03-03 21:13:00,21.0,login,,,,1,Suspicious login hour
DTAA/VAH0262,PC-1398,2011-03-03 21:16:00,21.0,login,,,,1,Suspicious login hour
DTAA/NDS0490,PC-2549,2011-03-03 21:32:00,21.0,login,,,,1,Suspicious login hour
DTAA/CGM0994,PC-0094,2011-03-03 21:34:00,21.0,login,,,,1,Suspicious login hour
DTAA/CGM0994,PC-0094,2011-03-03 21:40:00,21.0,login,,,,1,Suspicious login hour
DTAA/EOS0972,PC-4981,2011-03-03 21:45:00,21.0,login,,,,1,Suspicious login hour
DTAA/JCC0998,PC-4483,2011-03-03 22:07:00,22.0,login,,,,1,Suspicious login hour
DTAA/OYR0801,PC-0088,2011-03-03 22:09:00,22.0,login,,,,1,Suspicious login hour
DTAA/CLB0995,PC-2580,2011-03-03 22:33:00,22.0,login,,,,1,Suspicious login hour
DTAA/JCC0998,PC-4483,2011-03-03 22:43:00,22.0,login,,,,1,Suspicious login hour
DTAA/CLB0995,PC-2580,2011-03-03 22:52:00,22.0,login,,,,1,Suspicious login hour
DTAA/BJM0992,PC-0335,2011-03-03 22:52:00,22.0,login,,,,1,Suspicious login hour
DTAA/BJM0992,PC-0335,2011-03-03 22:57:00,22.0,login,,,,1,Suspicious login hour
DTAA/DSM0990,PC-3070,2011-03-03 22:58:00,22.0,login,,,,1,Suspicious login hour
DTAA/CLN0999,PC-2501,2011-03-03 23:01:00,23.0,login,,,,1,Suspicious login hour
DTAA/CLN0999,PC-2501,2011-03-03 23:32:00,23.0,login,,,,1,Suspicious login hour
DTAA/DSM0990,PC-3070,2011-03-03 23:36:00,23.0,login,,,,1,Suspicious login hour
DTAA/KEE0997,PC-2757,2011-03-03 23:50:00,23.0,login,,,,1,Suspicious login hour
DTAA/KEE0997,PC-2757,2011-03-03 23:58:00,23.0,login,,,,1,Suspicious login hour
DTAA/BJM0992,PC-0029,2011-03-04 00:02:00,0.0,login,,,,1,Suspicious login hour
DTAA/CRC0996,PC-1945,2011-03-04 00:04:00,0.0,login,,,,1,Suspicious login hour
DTAA/CGM0994,PC-2555,2011-03-04 00:12:00,0.0,login,,,,1,Suspicious login hour
DTAA/CRC0996,PC-1945,2011-03-04 00:14:00,0.0,login,,,,1,Suspicious login hour
DTAA/BJM0992,PC-0029,2011-03-04 00:34:00,0.0,login,,,,1,Suspicious login hour
DTAA/CGM0994,PC-2555,2011-03-04 00:34:00,0.0,login,,,,1,Suspicious login hour
DTAA/DSM0990,PC-2407,2011-03-04 00:51:00,0.0,login,,,,1,Suspicious login hour
DTAA/DSM0990,PC-2407,2011-03-04 01:04:00,1.0,login,,,,1,Suspicious login hour
DTAA/CLK0383,PC-0419,2011-03-04 01:06:00,1.0,login,,,,1,Suspicious login hour
DTAA/CGM0994,PC-2047,2011-03-04 01:15:00,1.0,login,,,,1,Suspicious login hour
DTAA/CRC0996,PC-4292,2011-03-04 01:19:00,1.0,login,,,,1,Suspicious login hour
DTAA/CGM0994,PC-2047,2011-03-04 01:22:00,1.0,login,,,,1,Suspicious login hour
DTAA/CLB0995,PC-0745,2011-03-04 01:37:00,1.0,login,,,,1,Suspicious login hour
DTAA/CRC0996,PC-4292,2011-03-04 01:52:00,1.0,login,,,,1,Suspicious login hour
DTAA/PUH0847,PC-2550,2011-03-04 01:57:00,1.0,login,,,,1,Suspicious login hour
DTAA/CLB0995,PC-0745,2011-03-04 02:09:00,2.0,login,,,,1,Suspicious login hour
DTAA/IKH0904,PC-3664,2011-03-04 02:12:00,2.0,login,,,,1,Suspicious login hour
DTAA/CLK0383,PC-0419,2011-03-04 02:26:00,2.0,login,,,,1,Suspicious login hour
DTAA/CGM0994,PC-4919,2011-03-04 02:36:00,2.0,login,,,,1,Suspicious login hour
DTAA/CGM0994,PC-4919,2011-03-04 02:59:00,2.0,login,,,,1,Suspicious login hour
DTAA/JTT0989,PC-0598,2011-03-04 03:16:00,3.0,login,,,,1,Suspicious login hour
DTAA/NHH0566,PC-1651,2011-03-04 03:21:00,3.0,login,,,,1,Suspicious login hour
DTAA/ARS0993,PC-2703,2011-03-04 03:28:00,3.0,login,,,,1,Suspicious login hour
DTAA/JTT0989,PC-0598,2011-03-04 03:50:00,3.0,login,,,,1,Suspicious login hour
DTAA/KAD0059,PC-4031,2011-03-04 03:57:00,3.0,login,,,,1,Suspicious login hour
DTAA/ARS0993,PC-2703,2011-03-04 04:02:00,4.0,login,,,,1,Suspicious login hour
DTAA/IKH0904,PC-3664,2011-03-04 04:04:00,4.0,login,,,,1,Suspicious login hour
DTAA/ELD1000,PC-0563,2011-03-04 04:18:00,4.0,login,,,,1,Suspicious login hour
DTAA/AJP0553,PC-1270,2011-03-04 04:30:00,4.0,login,,,,1,Suspicious login hour
DTAA/CLN0999,PC-4584,2011-03-04 04:32:00,4.0,login,,,,1,Suspicious login hour
DTAA/ELD1000,PC-0563,2011-03-04 04:33:00,4.0,login,,,,1,Suspicious login hour
DTAA/BJM0992,PC-0750,2011-03-04 04:53:00,4.0,login,,,,1,Suspicious login hour
DTAA/CTH0082,PC-4582,2011-03-04 05:05:00,5.0,login,,,,1,Suspicious login hour
DTAA/CLN0999,PC-4584,2011-03-04 05:05:00,5.0,login,,,,1,Suspicious login hour
DTAA/CTH0082,PC-4582,2011-03-04 05:09:00,5.0,login,,,,1,Suspicious login hour
DTAA/IMB0473,PC-4682,2011-03-04 05:10:00,5.0,login,,,,1,Suspicious login hour
DTAA/AJP0553,PC-1270,2011-03-04 05:16:00,5.0,login,,,,1,Suspicious login hour
DTAA/BJM0992,PC-0750,2011-03-04 05:26:00,5.0,login,,,,1,Suspicious login hour
DTAA/CLN0999,PC-3867,2011-03-04 05:36:00,5.0,login,,,,1,Suspicious login hour
DTAA/IMB0473,PC-4682,2011-03-04 05:40:00,5.0,login,,,,1,Suspicious login hour
DTAA/JCC0998,PC-3033,2011-03-04 05:48:00,5.0,login,,,,1,Suspicious login hour
DTAA/JCC0998,PC-3033,2011-03-04 05:50:00,5.0,login,,,,1,Suspicious login hour
DTAA/CLN0999,PC-3867,2011-03-04 05:53:00,5.0,login,,,,1,Suspicious login hour
DTAA/CRC0996,PC-1418,2011-03-04 21:04:00,21.0,login,,,,1,Suspicious login hour
DTAA/ARC0677,PC-0465,2011-03-04 21:08:00,21.0,login,,,,1,Suspicious login hour
DTAA/CLN0999,PC-0596,2011-03-04 21:11:00,21.0,login,,,,1,Suspicious login hour
DTAA/CLB0995,PC-3614,2011-03-04 21:11:00,21.0,login,,,,1,Suspicious login hour
DTAA/CLB0995,PC-4057,2011-03-04 21:17:00,21.0,login,,,,1,Suspicious login hour
DTAA/SKL0881,PC-1581,2011-03-04 21:19:00,21.0,login,,,,1,Suspicious login hour
DTAA/VAH0262,PC-1398,2011-03-04 21:23:00,21.0,login,,,,1,Suspicious login hour
DTAA/CRC0996,PC-4067,2011-03-04 21:29:00,21.0,login,,,,1,Suspicious login hour
DTAA/NDS0490,PC-2549,2011-03-04 21:31:00,21.0,login,,,,1,Suspicious login hour
DTAA/CRC0996,PC-4067,2011-03-04 21:42:00,21.0,login,,,,1,Suspicious login hour
DTAA/CRC0996,PC-1418,2011-03-04 21:43:00,21.0,login,,,,1,Suspicious login hour
DTAA/CLN0999,PC-0596,2011-03-04 21:51:00,21.0,login,,,,1,Suspicious login hour
DTAA/CLB0995,PC-4057,2011-03-04 21:55:00,21.0,login,,,,1,Suspicious login hour
DTAA/CRC0996,PC-1575,2011-03-04 22:31:00,22.0,login,,,,1,Suspicious login hour
DTAA/SDC0032,PC-3081,2011-03-04 22:33:00,22.0,login,,,,1,Suspicious login hour
DTAA/CRC0996,PC-1575,2011-03-04 23:10:00,23.0,login,,,,1,Suspicious login hour
DTAA/CGM0994,PC-1433,2011-03-04 23:31:00,23.0,login,,,,1,Suspicious login hour
DTAA/JCC0998,PC-1214,2011-03-04 23:38:00,23.0,login,,,,1,Suspicious login hour
DTAA/DJW0368,PC-2518,2011-03-04 23:43:00,23.0,login,,,,1,Suspicious login hour
DTAA/CLB0995,PC-1560,2011-03-04 23:57:00,23.0,login,,,,1,Suspicious login hour
DTAA/SDC0032,PC-3081,2011-03-04 23:59:00,23.0,login,,,,1,Suspicious login hour
DTAA/JCC0998,PC-1214,2011-03-05 00:10:00,0.0,login,,,,1,Suspicious login hour
DTAA/CGM0994,PC-1433,2011-03-05 00:14:00,0.0,login,,,,1,Suspicious login hour
DTAA/CLB0995,PC-1560,2011-03-05 00:30:00,0.0,login,,,,1,Suspicious login hour
DTAA/NHL0521,PC-2511,2011-03-05 00:50:00,0.0,login,,,,1,Suspicious login hour
DTAA/NHL0521,PC-2511,2011-03-05 00:59:00,0.0,login,,,,1,Suspicious login hour
DTAA/AKW0582,PC-0891,2011-03-05 01:21:00,1.0,login,,,,1,Suspicious login hour
DTAA/AKW0582,PC-0891,2011-03-05 01:42:00,1.0,login,,,,1,Suspicious login hour
DTAA/GYT0279,PC-2791,2011-03-05 01:52:00,1.0,login,,,,1,Suspicious login hour
DTAA/CTH0856,PC-4677,2011-03-05 01:55:00,1.0,login,,,,1,Suspicious login hour
DTAA/CTH0856,PC-4677,2011-03-05 02:26:00,2.0,login,,,,1,Suspicious login hour
DTAA/LJR0772,PC-3780,2011-03-05 02:58:00,2.0,login,,,,1,Suspicious login hour
DTAA/GYT0279,PC-2791,2011-03-05 03:33:00,3.0,login,,,,1,Suspicious login hour
DTAA/HNS0858,PC-3790,2011-03-05 03:36:00,3.0,login,,,,1,Suspicious login hour
DTAA/DJW0368,PC-2518,2011-03-05 03:39:00,3.0,login,,,,1,Suspicious login hour
DTAA/NHL0253,PC-3339,2011-03-05 03:55:00,3.0,login,,,,1,Suspicious login hour
DTAA/DFZ0063,PC-4442,2011-03-05 04:20:00,4.0,login,,,,1,Suspicious login hour
DTAA/LJR0772,PC-3780,2011-03-05 04:39:00,4.0,login,,,,1,Suspicious login hour
DTAA/JMM0759,PC-3490,2011-03-05 05:12:00,5.0,login,,,,1,Suspicious login hour
DTAA/DFZ0063,PC-4442,2011-03-05 05:17:00,5.0,login,,,,1,Suspicious login hour
DTAA/JMM0759,PC-3490,2011-03-05 05:19:00,5.0,login,,,,1,Suspicious login hour
DTAA/BJM0992,PC-4639,2011-03-07 00:08:00,0.0,login,,,,1,Suspicious login hour
DTAA/CGM0994,PC-3289,2011-03-07 00:13:00,0.0,login,,,,1,Suspicious login hour
DTAA/DSM0990,PC-3117,2011-03-07 00:16:00,0.0,login,,,,1,Suspicious login hour
DTAA/BJM0992,PC-4639,2011-03-07 00:18:00,0.0,login,,,,1,Suspicious login hour
DTAA/DSM0990,PC-3117,2011-03-07 00:26:00,0.0,login,,,,1,Suspicious login hour
DTAA/CGM0994,PC-3289,2011-03-07 00:32:00,0.0,login,,,,1,Suspicious login hour
DTAA/ARS0993,PC-0290,2011-03-07 01:23:00,1.0,login,,,,1,Suspicious login hour
DTAA/BJM0992,PC-3757,2011-03-07 01:29:00,1.0,login,,,,1,Suspicious login hour
DTAA/BJM0992,PC-3757,2011-03-07 01:30:00,1.0,login,,,,1,Suspicious login hour
DTAA/CGM0994,PC-4482,2011-03-07 01:36:00,1.0,login,,,,1,Suspicious login hour
DTAA/ARS0993,PC-0290,2011-03-07 01:40:00,1.0,login,,,,1,Suspicious login hour
DTAA/CLN0999,PC-0016,2011-03-07 02:05:00,2.0,login,,,,1,Suspicious login hour
DTAA/CGM0994,PC-4482,2011-03-07 02:10:00,2.0,login,,,,1,Suspicious login hour
DTAA/JTT0989,PC-2346,2011-03-07 02:10:00,2.0,login,,,,1,Suspicious login hour
DTAA/CLB0995,PC-3512,2011-03-07 02:11:00,2.0,login,,,,1,Suspicious login hour
DTAA/CLN0999,PC-2286,2011-03-07 02:27:00,2.0,login,,,,1,Suspicious login hour
DTAA/CLN0999,PC-0016,2011-03-07 02:28:00,2.0,login,,,,1,Suspicious login hour
DTAA/JTT0989,PC-2346,2011-03-07 02:32:00,2.0,login,,,,1,Suspicious login hour
DTAA/CLB0995,PC-3512,2011-03-07 02:44:00,2.0,login,,,,1,Suspicious login hour
DTAA/CLN0999,PC-2286,2011-03-07 03:01:00,3.0,login,,,,1,Suspicious login hour
DTAA/CGM0994,PC-1203,2011-03-07 03:25:00,3.0,login,,,,1,Suspicious login hour
DTAA/CGM0994,PC-1203,2011-03-07 03:31:00,3.0,login,,,,1,Suspicious login hour
DTAA/JCC0998,PC-0406,2011-03-07 03:36:00,3.0,login,,,,1,Suspicious login hour
DTAA/DSM0990,PC-1217,2011-03-07 03:36:00,3.0,login,,,,1,Suspicious login hour
DTAA/CLB0995,PC-3249,2011-03-07 03:49:00,3.0,login,,,,1,Suspicious login hour
DTAA/JCC0998,PC-0406,2011-03-07 03:55:00,3.0,login,,,,1,Suspicious login hour
DTAA/CRC0996,PC-2844,2011-03-07 03:55:00,3.0,login,,,,1,Suspicious login hour
DTAA/DSM0990,PC-1217,2011-03-07 03:55:00,3.0,login,,,,1,Suspicious login hour
DTAA/CGM0994,PC-4442,2011-03-07 04:01:00,4.0,login,,,,1,Suspicious login hour
DTAA/JTT0989,PC-1506,2011-03-07 04:05:00,4.0,login,,,,1,Suspicious login hour
DTAA/CRC0996,PC-2844,2011-03-07 04:12:00,4.0,login,,,,1,Suspicious login hour
DTAA/JTT0989,PC-1506,2011-03-07 04:17:00,4.0,login,,,,1,Suspicious login hour
DTAA/JCC0998,PC-2668,2011-03-07 04:28:00,4.0,login,,,,1,Suspicious login hour
DTAA/CLB0995,PC-3249,2011-03-07 04:30:00,4.0,login,,,,1,Suspicious login hour
DTAA/CGM0994,PC-4442,2011-03-07 04:45:00,4.0,login,,,,1,Suspicious login hour
DTAA/JCC0998,PC-0942,2011-03-07 04:48:00,4.0,login,,,,1,Suspicious login hour
DTAA/DSM0990,PC-0544,2011-03-07 04:48:00,4.0,login,,,,1,Suspicious login hour
DTAA/JCC0998,PC-0942,2011-03-07 05:08:00,5.0,login,,,,1,Suspicious login hour
DTAA/JCC0998,PC-2668,2011-03-07 05:11:00,5.0,login,,,,1,Suspicious login hour
DTAA/DSM0990,PC-0544,2011-03-07 05:22:00,5.0,login,,,,1,Suspicious login hour
DTAA/CLB0995,PC-3415,2011-03-07 21:05:00,21.0,login,,,,1,Suspicious login hour
DTAA/VAH0262,PC-1398,2011-03-07 21:10:00,21.0,login,,,,1,Suspicious login hour
DTAA/CLB0995,PC-2395,2011-03-07 21:12:00,21.0,login,,,,1,Suspicious login hour
DTAA/SKL0881,PC-1581,2011-03-07 21:14:00,21.0,login,,,,1,Suspicious login hour
DTAA/NDS0490,PC-2549,2011-03-07 21:27:00,21.0,login,,,,1,Suspicious login hour
DTAA/CLB0995,PC-3415,2011-03-07 21:49:00,21.0,login,,,,1,Suspicious login hour
DTAA/CGM0994,PC-4944,2011-03-07 22:02:00,22.0,login,,,,1,Suspicious login hour
DTAA/CRC0996,PC-0300,2011-03-07 22:13:00,22.0,login,,,,1,Suspicious login hour
DTAA/CGM0994,PC-4944,2011-03-07 22:24:00,22.0,login,,,,1,Suspicious login hour
DTAA/MSV0506,PC-3240,2011-03-07 22:33:00,22.0,login,,,,1,Suspicious login hour
DTAA/IRC0991,PC-0996,2011-03-07 22:35:00,22.0,login,,,,1,Suspicious login hour
DTAA/NDM0893,PC-0322,2011-03-07 22:36:00,22.0,login,,,,1,Suspicious login hour
DTAA/CRC0996,PC-0300,2011-03-07 22:38:00,22.0,login,,,,1,Suspicious login hour
DTAA/MSV0506,PC-3240,2011-03-07 22:40:00,22.0,login,,,,1,Suspicious login hour
DTAA/ARS0993,PC-0282,2011-03-07 22:48:00,22.0,login,,,,1,Suspicious login hour
DTAA/CRC0996,PC-0932,2011-03-07 22:51:00,22.0,login,,,,1,Suspicious login hour
DTAA/CRC0996,PC-0932,2011-03-07 22:52:00,22.0,login,,,,1,Suspicious login hour
DTAA/DSM0990,PC-1699,2011-03-07 22:59:00,22.0,login,,,,1,Suspicious login hour
DTAA/ARS0993,PC-0282,2011-03-07 23:13:00,23.0,login,,,,1,Suspicious login hour
DTAA/JTT0989,PC-0672,2011-03-07 23:13:00,23.0,login,,,,1,Suspicious login hour
DTAA/IRC0991,PC-0996,2011-03-07 23:13:00,23.0,login,,,,1,Suspicious login hour
DTAA/CLB0995,PC-1532,2011-03-07 23:37:00,23.0,login,,,,1,Suspicious login hour
DTAA/DSM0990,PC-1699,2011-03-07 23:40:00,23.0,login,,,,1,Suspicious login hour
DTAA/JTT0989,PC-0672,2011-03-07 23:43:00,23.0,login,,,,1,Suspicious login hour
DTAA/BJM0992,PC-3591,2011-03-07 23:44:00,23.0,login,,,,1,Suspicious login hour
DTAA/BJM0992,PC-3787,2011-03-07 23:47:00,23.0,login,,,,1,Suspicious login hour
DTAA/IKH0904,PC-3664,2011-03-08 00:01:00,0.0,login,,,,1,Suspicious login hour
DTAA/IRC0991,PC-0256,2011-03-08 00:03:00,0.0,login,,,,1,Suspicious login hour
DTAA/CLB0995,PC-1532,2011-03-08 00:09:00,0.0,login,,,,1,Suspicious login hour
DTAA/BJM0992,PC-3787,2011-03-08 00:16:00,0.0,login,,,,1,Suspicious login hour
DTAA/BJM0992,PC-3591,2011-03-08 00:17:00,0.0,login,,,,1,Suspicious login hour
DTAA/SDC0032,PC-3081,2011-03-08 00:28:00,0.0,login,,,,1,Suspicious login hour
DTAA/AGW0182,PC-4531,2011-03-08 00:33:00,0.0,login,,,,1,Suspicious login hour
DTAA/KSP0927,PC-2221,2011-03-08 00:36:00,0.0,login,,,,1,Suspicious login hour
DTAA/IRC0991,PC-0256,2011-03-08 00:42:00,0.0,login,,,,1,Suspicious login hour
DTAA/CLN0999,PC-4291,2011-03-08 00:56:00,0.0,login,,,,1,Suspicious login hour
DTAA/RBY0065,PC-2214,2011-03-08 00:57:00,0.0,login,,,,1,Suspicious login hour
DTAA/JCS0873,PC-1560,2011-03-08 01:03:00,1.0,login,,,,1,Suspicious login hour
DTAA/AGW0182,PC-4531,2011-03-08 01:08:00,1.0,login,,,,1,Suspicious login hour
DTAA/CRC0996,PC-2030,2011-03-08 01:12:00,1.0,login,,,,1,Suspicious login hour
DTAA/CLN0999,PC-4291,2011-03-08 01:17:00,1.0,login,,,,1,Suspicious login hour
DTAA/CRC0996,PC-2030,2011-03-08 01:18:00,1.0,login,,,,1,Suspicious login hour
DTAA/RBY0065,PC-2214,2011-03-08 01:24:00,1.0,login,,,,1,Suspicious login hour
DTAA/CGM0994,PC-3784,2011-03-08 01:40:00,1.0,login,,,,1,Suspicious login hour
DTAA/CGM0994,PC-3784,2011-03-08 01:43:00,1.0,login,,,,1,Suspicious login hour
DTAA/BJM0992,PC-4225,2011-03-08 01:46:00,1.0,login,,,,1,Suspicious login hour
DTAA/BJM0992,PC-4225,2011-03-08 01:52:00,1.0,login,,,,1,Suspicious login hour
DTAA/DSM0990,PC-2858,2011-03-08 02:16:00,2.0,login,,,,1,Suspicious login hour
DTAA/JTT0989,PC-4696,2011-03-08 02:29:00,2.0,login,,,,1,Suspicious login hour
DTAA/JTT0989,PC-4696,2011-03-08 02:41:00,2.0,login,,,,1,Suspicious login hour
DTAA/JCS0873,PC-1560,2011-03-08 02:53:00,2.0,login,,,,1,Suspicious login hour
DTAA/DSM0990,PC-2858,2011-03-08 02:54:00,2.0,login,,,,1,Suspicious login hour
DTAA/IKH0904,PC-3664,2011-03-08 03:12:00,3.0,login,,,,1,Suspicious login hour
DTAA/DJW0368,PC-2518,2011-03-08 03:13:00,3.0,login,,,,1,Suspicious login hour
DTAA/DSM0990,PC-1870,2011-03-08 03:21:00,3.0,login,,,,1,Suspicious login hour
DTAA/CLB0995,PC-2492,2011-03-08 03:21:00,3.0,login,,,,1,Suspicious login hour
DTAA/KEE0997,PC-0191,2011-03-08 03:24:00,3.0,login,,,,1,Suspicious login hour
DTAA/DJW0368,PC-2518,2011-03-08 03:24:00,3.0,login,,,,1,Suspicious login hour
DTAA/KEE0997,PC-0191,2011-03-08 03:28:00,3.0,login,,,,1,Suspicious login hour
DTAA/NDM0893,PC-0322,2011-03-08 03:29:00,3.0,login,,,,1,Suspicious login hour
DTAA/DSM0990,PC-1870,2011-03-08 03:48:00,3.0,login,,,,1,Suspicious login hour
DTAA/CLB0995,PC-2492,2011-03-08 03:49:00,3.0,login,,,,1,Suspicious login hour
DTAA/DDK0417,PC-0980,2011-03-08 04:03:00,4.0,login,,,,1,Suspicious login hour
DTAA/XCB0445,PC-2710,2011-03-08 04:08:00,4.0,login,,,,1,Suspicious login hour
DTAA/DDK0417,PC-0980,2011-03-08 04:23:00,4.0,login,,,,1,Suspicious login hour
DTAA/ARS0993,PC-4069,2011-03-08 04:23:00,4.0,login,,,,1,Suspicious login hour
DTAA/ARS0993,PC-4047,2011-03-08 04:32:00,4.0,login,,,,1,Suspicious login hour
DTAA/ARS0993,PC-4069,2011-03-08 04:32:00,4.0,login,,,,1,Suspicious login hour
DTAA/IRC0991,PC-2784,2011-03-08 04:44:00,4.0,login,,,,1,Suspicious login hour
DTAA/ARS0993,PC-4047,2011-03-08 04:48:00,4.0,login,,,,1,Suspicious login hour
DTAA/CLB0995,PC-0231,2011-03-08 05:04:00,5.0,login,,,,1,Suspicious login hour
DTAA/IRC0991,PC-2784,2011-03-08 05:25:00,5.0,login,,,,1,Suspicious login hour
DTAA/CLB0995,PC-0231,2011-03-08 05:37:00,5.0,login,,,,1,Suspicious login hour
DTAA/WTA0867,PC-1522,2011-03-08 05:51:00,5.0,login,,,,1,Suspicious login hour
DTAA/ARC0677,PC-0465,2011-03-08 21:00:00,21.0,login,,,,1,Suspicious login hour
DTAA/CLN0999,PC-3726,2011-03-08 21:00:00,21.0,login,,,,1,Suspicious login hour
DTAA/ODW0839,PC-1940,2011-03-08 21:05:00,21.0,login,,,,1,Suspicious login hour
DTAA/KEE0997,PC-1493,2011-03-08 21:06:00,21.0,login,,,,1,Suspicious login hour
DTAA/SKL0881,PC-1581,2011-03-08 21:19:00,21.0,login,,,,1,Suspicious login hour
DTAA/VAH0262,PC-1398,2011-03-08 21:20:00,21.0,login,,,,1,Suspicious login hour
DTAA/KEE0997,PC-1493,2011-03-08 21:21:00,21.0,login,,,,1,Suspicious login hour
DTAA/CLN0999,PC-3726,2011-03-08 21:29:00,21.0,login,,,,1,Suspicious login hour
DTAA/NDS0490,PC-2549,2011-03-08 21:36:00,21.0,login,,,,1,Suspicious login hour
DTAA/CLN0999,PC-1848,2011-03-08 21:39:00,21.0,login,,,,1,Suspicious login hour
DTAA/CRC0996,PC-1046,2011-03-08 22:03:00,22.0,login,,,,1,Suspicious login hour
DTAA/CLN0999,PC-1848,2011-03-08 22:14:00,22.0,login,,,,1,Suspicious login hour
DTAA/DSM0990,PC-4773,2011-03-08 22:16:00,22.0,login,,,,1,Suspicious login hour
DTAA/DSM0990,PC-4773,2011-03-08 22:29:00,22.0,login,,,,1,Suspicious login hour
DTAA/ARS0993,PC-2079,2011-03-08 22:33:00,22.0,login,,,,1,Suspicious login hour
DTAA/CRC0996,PC-1046,2011-03-08 22:34:00,22.0,login,,,,1,Suspicious login hour
DTAA/HNS0858,PC-3790,2011-03-08 22:36:00,22.0,login,,,,1,Suspicious login hour
DTAA/CSR0189,PC-3494,2011-03-08 22:43:00,22.0,login,,,,1,Suspicious login hour
DTAA/ARS0993,PC-2079,2011-03-08 23:00:00,23.0,login,,,,1,Suspicious login hour
DTAA/COS0121,PC-0462,2011-03-08 23:26:00,23.0,login,,,,1,Suspicious login hour
DTAA/KEE0997,PC-3310,2011-03-09 00:33:00,0.0,login,,,,1,Suspicious login hour
DTAA/JTT0989,PC-4670,2011-03-09 00:39:00,0.0,login,,,,1,Suspicious login hour
DTAA/CLB0995,PC-0542,2011-03-09 00:40:00,0.0,login,,,,1,Suspicious login hour
DTAA/CLN0999,PC-2393,2011-03-09 00:59:00,0.0,login,,,,1,Suspicious login hour
DTAA/KEE0997,PC-3310,2011-03-09 00:59:00,0.0,login,,,,1,Suspicious login hour
DTAA/CLN0999,PC-2393,2011-03-09 01:09:00,1.0,login,,,,1,Suspicious login hour
DTAA/JTT0989,PC-4670,2011-03-09 01:14:00,1.0,login,,,,1,Suspicious login hour
DTAA/CGM0994,PC-4253,2011-03-09 01:17:00,1.0,login,,,,1,Suspicious login hour
DTAA/CLB0995,PC-0542,2011-03-09 01:19:00,1.0,login,,,,1,Suspicious login hour
DTAA/CGM0994,PC-4253,2011-03-09 01:32:00,1.0,login,,,,1,Suspicious login hour
DTAA/AJA0220,PC-3872,2011-03-09 01:51:00,1.0,login,,,,1,Suspicious login hour
DTAA/MEV0886,PC-0565,2011-03-09 01:56:00,1.0,login,,,,1,Suspicious login hour
DTAA/IRC0991,PC-1196,2011-03-09 02:15:00,2.0,login,,,,1,Suspicious login hour
DTAA/BJM0992,PC-1074,2011-03-09 02:32:00,2.0,login,,,,1,Suspicious login hour
DTAA/JCC0998,PC-4625,2011-03-09 02:33:00,2.0,login,,,,1,Suspicious login hour
DTAA/CLB0995,PC-0497,2011-03-09 02:34:00,2.0,login,,,,1,Suspicious login hour
DTAA/ARS0993,PC-4962,2011-03-09 02:43:00,2.0,login,,,,1,Suspicious login hour
DTAA/JGC0775,PC-2680,2011-03-09 02:44:00,2.0,login,,,,1,Suspicious login hour
DTAA/IRC0991,PC-1196,2011-03-09 02:44:00,2.0,login,,,,1,Suspicious login hour
DTAA/ARS0993,PC-3319,2011-03-09 02:47:00,2.0,login,,,,1,Suspicious login hour
DTAA/BJM0992,PC-3818,2011-03-09 02:53:00,2.0,login,,,,1,Suspicious login hour
DTAA/ARS0993,PC-3319,2011-03-09 02:59:00,2.0,login,,,,1,Suspicious login hour
DTAA/COS0121,PC-0462,2011-03-09 02:59:00,2.0,login,,,,1,Suspicious login hour
DTAA/ELD1000,PC-0417,2011-03-09 03:03:00,3.0,login,,,,1,Suspicious login hour
DTAA/CLB0995,PC-0497,2011-03-09 03:03:00,3.0,login,,,,1,Suspicious login hour
DTAA/JCC0998,PC-4625,2011-03-09 03:06:00,3.0,login,,,,1,Suspicious login hour
DTAA/BJM0992,PC-1074,2011-03-09 03:08:00,3.0,login,,,,1,Suspicious login hour
DTAA/BJM0992,PC-3818,2011-03-09 03:11:00,3.0,login,,,,1,Suspicious login hour
DTAA/ARS0993,PC-4962,2011-03-09 03:11:00,3.0,login,,,,1,Suspicious login hour
DTAA/DSM0990,PC-1669,2011-03-09 03:27:00,3.0,login,,,,1,Suspicious login hour
DTAA/DFZ0063,PC-4442,2011-03-09 03:28:00,3.0,login,,,,1,Suspicious login hour
DTAA/DSM0990,PC-1669,2011-03-09 03:32:00,3.0,login,,,,1,Suspicious login hour
DTAA/ELD1000,PC-0417,2011-03-09 03:35:00,3.0,login,,,,1,Suspicious login hour
DTAA/IRC0991,PC-0513,2011-03-09 03:48:00,3.0,login,,,,1,Suspicious login hour
DTAA/IRC0991,PC-0513,2011-03-09 04:07:00,4.0,login,,,,1,Suspicious login hour
DTAA/CLB0995,PC-3295,2011-03-09 04:18:00,4.0,login,,,,1,Suspicious login hour
DTAA/CLB0995,PC-3295,2011-03-09 04:19:00,4.0,login,,,,1,Suspicious login hour
DTAA/AIB0797,PC-4147,2011-03-09 04:29:00,4.0,login,,,,1,Suspicious login hour
DTAA/JGC0775,PC-2680,2011-03-09 04:35:00,4.0,login,,,,1,Suspicious login hour
DTAA/AJA0220,PC-3872,2011-03-09 04:43:00,4.0,login,,,,1,Suspicious login hour
DTAA/EOS0972,PC-4981,2011-03-09 04:51:00,4.0,login,,,,1,Suspicious login hour
DTAA/PUH0847,PC-2550,2011-03-09 05:08:00,5.0,login,,,,1,Suspicious login hour
DTAA/CSR0189,PC-3494,2011-03-09 05:10:00,5.0,login,,,,1,Suspicious login hour
DTAA/KEE0997,PC-3896,2011-03-09 05:13:00,5.0,login,,,,1,Suspicious login hour
DTAA/ELD1000,PC-3385,2011-03-09 05:16:00,5.0,login,,,,1,Suspicious login hour
DTAA/PUH0847,PC-2550,2011-03-09 05:21:00,5.0,login,,,,1,Suspicious login hour
DTAA/JCC0998,PC-4079,2011-03-09 05:24:00,5.0,login,,,,1,Suspicious login hour
DTAA/JCC0998,PC-4079,2011-03-09 05:25:00,5.0,login,,,,1,Suspicious login hour
DTAA/ELD1000,PC-3385,2011-03-09 05:27:00,5.0,login,,,,1,Suspicious login hour
DTAA/IRC0991,PC-1158,2011-03-09 05:33:00,5.0,login,,,,1,Suspicious login hour
DTAA/AIB0797,PC-4147,2011-03-09 05:34:00,5.0,login,,,,1,Suspicious login hour
DTAA/GRG0693,PC-3411,2011-03-09 05:35:00,5.0,login,,,,1,Suspicious login hour
DTAA/CRC0996,PC-4358,2011-03-09 05:38:00,5.0,login,,,,1,Suspicious login hour
DTAA/KEE0997,PC-3896,2011-03-09 05:48:00,5.0,login,,,,1,Suspicious login hour
DTAA/CRC0996,PC-4358,2011-03-09 05:50:00,5.0,login,,,,1,Suspicious login hour
DTAA/EOS0972,PC-4981,2011-03-09 05:53:00,5.0,login,,,,1,Suspicious login hour
DTAA/IRC0991,PC-1158,2011-03-09 05:58:00,5.0,login,,,,1,Suspicious login hour
DTAA/ARS0993,PC-2210,2011-03-09 05:59:00,5.0,login,,,,1,Suspicious login hour
DTAA/ELD1000,PC-1583,2011-03-09 21:03:00,21.0,login,,,,1,Suspicious login hour
DTAA/SKL0881,PC-1581,2011-03-09 21:14:00,21.0,login,,,,1,Suspicious login hour
DTAA/VAH0262,PC-1398,2011-03-09 21:19:00,21.0,login,,,,1,Suspicious login hour
DTAA/BJM0992,PC-3494,2011-03-09 21:19:00,21.0,login,,,,1,Suspicious login hour
DTAA/CGM0994,PC-4492,2011-03-09 21:22:00,21.0,login,,,,1,Suspicious login hour
DTAA/HCG0731,PC-4643,2011-03-09 21:28:00,21.0,login,,,,1,Suspicious login hour
DTAA/NDS0490,PC-2549,2011-03-09 21:30:00,21.0,login,,,,1,Suspicious login hour
DTAA/CLB0995,PC-0322,2011-03-09 21:37:00,21.0,login,,,,1,Suspicious login hour
DTAA/BJM0992,PC-3494,2011-03-09 21:47:00,21.0,login,,,,1,Suspicious login hour
DTAA/CLB0995,PC-0322,2011-03-09 21:51:00,21.0,login,,,,1,Suspicious login hour
DTAA/IRC0991,PC-4890,2011-03-09 22:35:00,22.0,login,,,,1,Suspicious login hour
DTAA/IRC0991,PC-4890,2011-03-09 22:43:00,22.0,login,,,,1,Suspicious login hour
DTAA/JCC0998,PC-2219,2011-03-09 23:04:00,23.0,login,,,,1,Suspicious login hour
DTAA/CRC0996,PC-3607,2011-03-09 23:05:00,23.0,login,,,,1,Suspicious login hour
DTAA/JCC0998,PC-2219,2011-03-09 23:09:00,23.0,login,,,,1,Suspicious login hour
DTAA/CRC0996,PC-3607,2011-03-09 23:21:00,23.0,login,,,,1,Suspicious login hour
DTAA/JTT0989,PC-3221,2011-03-09 23:23:00,23.0,login,,,,1,Suspicious login hour
DTAA/DSM0990,PC-0419,2011-03-09 23:26:00,23.0,login,,,,1,Suspicious login hour
DTAA/LJR0772,PC-3780,2011-03-09 23:35:00,23.0,login,,,,1,Suspicious login hour
DTAA/MIC0914,PC-3326,2011-03-09 23:35:00,23.0,login,,,,1,Suspicious login hour
DTAA/SAP0304,PC-1331,2011-03-09 23:48:00,23.0,login,,,,1,Suspicious login hour
DTAA/JTT0989,PC-3221,2011-03-10 00:05:00,0.0,login,,,,1,Suspicious login hour
DTAA/DSM0990,PC-0419,2011-03-10 00:09:00,0.0,login,,,,1,Suspicious login hour
DTAA/RBC0879,PC-1261,2011-03-10 00:16:00,0.0,login,,,,1,Suspicious login hour
DTAA/BJM0992,PC-3802,2011-03-10 00:40:00,0.0,login,,,,1,Suspicious login hour
DTAA/MIC0914,PC-3326,2011-03-10 00:53:00,0.0,login,,,,1,Suspicious login hour
DTAA/CRC0996,PC-3141,2011-03-10 01:04:00,1.0,login,,,,1,Suspicious login hour
DTAA/BJM0992,PC-3802,2011-03-10 01:06:00,1.0,login,,,,1,Suspicious login hour
DTAA/ELD1000,PC-4369,2011-03-10 01:11:00,1.0,login,,,,1,Suspicious login hour
DTAA/DSM0990,PC-0969,2011-03-10 01:18:00,1.0,login,,,,1,Suspicious login hour
DTAA/DSM0990,PC-0969,2011-03-10 01:24:00,1.0,login,,,,1,Suspicious login hour
DTAA/BJM0992,PC-4184,2011-03-10 01:24:00,1.0,login,,,,1,Suspicious login hour
DTAA/HCG0731,PC-4643,2011-03-10 01:27:00,1.0,login,,,,1,Suspicious login hour
DTAA/ELD1000,PC-4369,2011-03-10 01:31:00,1.0,login,,,,1,Suspicious login hour
DTAA/CRC0996,PC-3141,2011-03-10 01:40:00,1.0,login,,,,1,Suspicious login hour
DTAA/CLB0995,PC-4531,2011-03-10 01:57:00,1.0,login,,,,1,Suspicious login hour
DTAA/BJM0992,PC-4184,2011-03-10 02:02:00,2.0,login,,,,1,Suspicious login hour
DTAA/JMM0759,PC-3490,2011-03-10 02:09:00,2.0,login,,,,1,Suspicious login hour
DTAA/CLB0995,PC-4531,2011-03-10 02:17:00,2.0,login,,,,1,Suspicious login hour
DTAA/CGM0994,PC-1665,2011-03-10 02:33:00,2.0,login,,,,1,Suspicious login hour
DTAA/ARS0993,PC-0410,2011-03-10 02:58:00,2.0,login,,,,1,Suspicious login hour
DTAA/CGM0994,PC-4334,2011-03-10 03:09:00,3.0,login,,,,1,Suspicious login hour
DTAA/CGM0994,PC-1665,2011-03-10 03:18:00,3.0,login,,,,1,Suspicious login hour
DTAA/CGM0994,PC-3889,2011-03-10 03:24:00,3.0,login,,,,1,Suspicious login hour
DTAA/KEE0997,PC-3980,2011-03-10 03:26:00,3.0,login,,,,1,Suspicious login hour
DTAA/RAH0968,PC-3119,2011-03-10 03:29:00,3.0,login,,,,1,Suspicious login hour
DTAA/ARS0993,PC-0410,2011-03-10 03:32:00,3.0,login,,,,1,Suspicious login hour
DTAA/CGM0994,PC-4334,2011-03-10 03:34:00,3.0,login,,,,1,Suspicious login hour
DTAA/CGM0994,PC-3889,2011-03-10 03:39:00,3.0,login,,,,1,Suspicious login hour
DTAA/LJR0772,PC-3780,2011-03-10 03:58:00,3.0,login,,,,1,Suspicious login hour
DTAA/BJM0992,PC-2160,2011-03-10 04:02:00,4.0,login,,,,1,Suspicious login hour
DTAA/KEE0997,PC-3980,2011-03-10 04:04:00,4.0,login,,,,1,Suspicious login hour
DTAA/JMM0759,PC-3490,2011-03-10 04:10:00,4.0,login,,,,1,Suspicious login hour
DTAA/RAH0968,PC-3119,2011-03-10 04:12:00,4.0,login,,,,1,Suspicious login hour
DTAA/BJM0992,PC-2160,2011-03-10 04:19:00,4.0,login,,,,1,Suspicious login hour
DTAA/KEE0997,PC-3148,2011-03-10 04:38:00,4.0,login,,,,1,Suspicious login hour
DTAA/GKC0919,PC-3647,2011-03-10 04:38:00,4.0,login,,,,1,Suspicious login hour
DTAA/GKC0919,PC-3647,2011-03-10 04:48:00,4.0,login,,,,1,Suspicious login hour
DTAA/KEE0997,PC-1522,2011-03-10 04:54:00,4.0,login,,,,1,Suspicious login hour
DTAA/KEE0997,PC-1522,2011-03-10 05:01:00,5.0,login,,,,1,Suspicious login hour
DTAA/KEE0997,PC-3148,2011-03-10 05:02:00,5.0,login,,,,1,Suspicious login hour
DTAA/CLB0995,PC-4525,2011-03-10 05:02:00,5.0,login,,,,1,Suspicious login hour
DTAA/ELD1000,PC-2791,2011-03-10 05:32:00,5.0,login,,,,1,Suspicious login hour
DTAA/CLB0995,PC-4525,2011-03-10 05:32:00,5.0,login,,,,1,Suspicious login hour
DTAA/ELD1000,PC-2791,2011-03-10 05:41:00,5.0,login,,,,1,Suspicious login hour
DTAA/DSM0990,PC-2350,2011-03-10 21:02:00,21.0,login,,,,1,Suspicious login hour
DTAA/JCC0998,PC-1021,2011-03-10 21:05:00,21.0,login,,,,1,Suspicious login hour
DTAA/ODW0839,PC-1940,2011-03-10 21:05:00,21.0,login,,,,1,Suspicious login hour
DTAA/ARC0677,PC-0465,2011-03-10 21:07:00,21.0,login,,,,1,Suspicious login hour
DTAA/VAH0262,PC-1398,2011-03-10 21:10:00,21.0,login,,,,1,Suspicious login hour
DTAA/JCC0998,PC-1021,2011-03-10 21:13:00,21.0,login,,,,1,Suspicious login hour
DTAA/BTW0973,PC-4462,2011-03-10 21:16:00,21.0,login,,,,1,Suspicious login hour
DTAA/SKL0881,PC-1581,2011-03-10 21:21:00,21.0,login,,,,1,Suspicious login hour
DTAA/NDS0490,PC-2549,2011-03-10 21:25:00,21.0,login,,,,1,Suspicious login hour
DTAA/KEE0997,PC-2501,2011-03-10 21:28:00,21.0,login,,,,1,Suspicious login hour
DTAA/BJM0992,PC-1144,2011-03-10 21:35:00,21.0,login,,,,1,Suspicious login hour
DTAA/BJM0992,PC-1104,2011-03-10 21:41:00,21.0,login,,,,1,Suspicious login hour
DTAA/ELD1000,PC-3471,2011-03-10 21:41:00,21.0,login,,,,1,Suspicious login hour
DTAA/BJM0992,PC-1800,2011-03-10 21:45:00,21.0,login,,,,1,Suspicious login hour
DTAA/HTS0265,PC-1744,2011-03-10 21:47:00,21.0,login,,,,1,Suspicious login hour
DTAA/BJM0992,PC-1800,2011-03-10 21:53:00,21.0,login,,,,1,Suspicious login hour
DTAA/JCC0998,PC-0825,2011-03-10 21:56:00,21.0,login,,,,1,Suspicious login hour
DTAA/ELD1000,PC-4246,2011-03-10 21:57:00,21.0,login,,,,1,Suspicious login hour
DTAA/CLB0995,PC-1651,2011-03-10 22:00:00,22.0,login,,,,1,Suspicious login hour
DTAA/ELD1000,PC-4246,2011-03-10 22:00:00,22.0,login,,,,1,Suspicious login hour
DTAA/ELD1000,PC-3471,2011-03-10 22:02:00,22.0,login,,,,1,Suspicious login hour
DTAA/JCC0998,PC-0825,2011-03-10 22:03:00,22.0,login,,,,1,Suspicious login hour
DTAA/KEE0997,PC-2501,2011-03-10 22:08:00,22.0,login,,,,1,Suspicious login hour
DTAA/BJM0992,PC-1104,2011-03-10 22:25:00,22.0,login,,,,1,Suspicious login hour
DTAA/ELD1000,PC-1514,2011-03-10 22:28:00,22.0,login,,,,1,Suspicious login hour
DTAA/CLB0995,PC-1651,2011-03-10 22:35:00,22.0,login,,,,1,Suspicious login hour
DTAA/ELD1000,PC-1514,2011-03-10 22:39:00,22.0,login,,,,1,Suspicious login hour
DTAA/CGM0994,PC-4221,2011-03-10 22:51:00,22.0,login,,,,1,Suspicious login hour
DTAA/CGM0994,PC-4221,2011-03-10 23:10:00,23.0,login,,,,1,Suspicious login hour
DTAA/ELD1000,PC-4705,2011-03-10 23:38:00,23.0,login,,,,1,Suspicious login hour
DTAA/MSV0506,PC-3240,2011-03-10 23:44:00,23.0,login,,,,1,Suspicious login hour
DTAA/ELD1000,PC-4705,2011-03-10 23:56:00,23.0,login,,,,1,Suspicious login hour
DTAA/ARS0993,PC-2554,2011-03-11 00:02:00,0.0,login,,,,1,Suspicious login hour
DTAA/ARS0993,PC-2554,2011-03-11 00:35:00,0.0,login,,,,1,Suspicious login hour
DTAA/RLC0442,PC-1467,2011-03-11 01:02:00,1.0,login,,,,1,Suspicious login hour
DTAA/IRC0991,PC-2959,2011-03-11 01:05:00,1.0,login,,,,1,Suspicious login hour
DTAA/BTW0973,PC-4462,2011-03-11 01:29:00,1.0,login,,,,1,Suspicious login hour
DTAA/MVW0630,PC-2005,2011-03-11 01:34:00,1.0,login,,,,1,Suspicious login hour
DTAA/IRC0991,PC-2959,2011-03-11 01:46:00,1.0,login,,,,1,Suspicious login hour
DTAA/BJM0992,PC-2564,2011-03-11 01:52:00,1.0,login,,,,1,Suspicious login hour
DTAA/IRC0991,PC-4076,2011-03-11 02:16:00,2.0,login,,,,1,Suspicious login hour
DTAA/BJM0992,PC-2564,2011-03-11 02:22:00,2.0,login,,,,1,Suspicious login hour
DTAA/HTS0265,PC-1744,2011-03-11 02:23:00,2.0,login,,,,1,Suspicious login hour
DTAA/IRC0991,PC-4076,2011-03-11 02:26:00,2.0,login,,,,1,Suspicious login hour
DTAA/RLC0442,PC-1467,2011-03-11 02:41:00,2.0,login,,,,1,Suspicious login hour
DTAA/IRC0991,PC-0115,2011-03-11 02:51:00,2.0,login,,,,1,Suspicious login hour
DTAA/IRC0991,PC-0115,2011-03-11 03:03:00,3.0,login,,,,1,Suspicious login hour
DTAA/MVW0630,PC-2005,2011-03-11 03:12:00,3.0,login,,,,1,Suspicious login hour
DTAA/CHA0174,PC-2751,2011-03-11 03:21:00,3.0,login,,,,1,Suspicious login hour
DTAA/AKS0283,PC-3049,2011-03-11 03:21:00,3.0,login,,,,1,Suspicious login hour
DTAA/CTF0687,PC-2959,2011-03-11 04:11:00,4.0,login,,,,1,Suspicious login hour
DTAA/ABS0726,PC-3698,2011-03-11 04:16:00,4.0,login,,,,1,Suspicious login hour
DTAA/CLN0999,PC-4765,2011-03-11 04:21:00,4.0,login,,,,1,Suspicious login hour
DTAA/ABS0726,PC-3698,2011-03-11 04:33:00,4.0,login,,,,1,Suspicious login hour
DTAA/CLN0999,PC-4765,2011-03-11 04:46:00,4.0,login,,,,1,Suspicious login hour
DTAA/DSM0990,PC-3077,2011-03-11 04:53:00,4.0,login,,,,1,Suspicious login hour
DTAA/BJM0992,PC-1057,2011-03-11 04:54:00,4.0,login,,,,1,Suspicious login hour
DTAA/CTF0687,PC-2959,2011-03-11 04:57:00,4.0,login,,,,1,Suspicious login hour
DTAA/DSM0990,PC-3077,2011-03-11 05:01:00,5.0,login,,,,1,Suspicious login hour
DTAA/SHR0025,PC-0288,2011-03-11 05:02:00,5.0,login,,,,1,Suspicious login hour
DTAA/BJM0992,PC-1057,2011-03-11 05:22:00,5.0,login,,,,1,Suspicious login hour
DTAA/JCC0998,PC-3676,2011-03-11 05:29:00,5.0,login,,,,1,Suspicious login hour
DTAA/JCC0998,PC-4393,2011-03-11 05:42:00,5.0,login,,,,1,Suspicious login hour
DTAA/JCC0998,PC-3676,2011-03-11 05:45:00,5.0,login,,,,1,Suspicious login hour
DTAA/MSV0506,PC-3240,2011-03-11 05:52:00,5.0,login,,,,1,Suspicious login hour
DTAA/AKS0283,PC-3049,2011-03-11 05:58:00,5.0,login,,,,1,Suspicious login hour
DTAA/JCC0998,PC-4393,2011-03-11 05:59:00,5.0,login,,,,1,Suspicious login hour
DTAA/ODW0839,PC-1940,2011-03-11 21:07:00,21.0,login,,,,1,Suspicious login hour
DTAA/VAH0262,PC-1398,2011-03-11 21:17:00,21.0,login,,,,1,Suspicious login hour
DTAA/SKL0881,PC-1581,2011-03-11 21:19:00,21.0,login,,,,1,Suspicious login hour
DTAA/CRC0996,PC-2587,2011-03-11 21:25:00,21.0,login,,,,1,Suspicious login hour
DTAA/BJM0992,PC-1438,2011-03-11 21:37:00,21.0,login,,,,1,Suspicious login hour
DTAA/NDS0490,PC-2549,2011-03-11 21:39:00,21.0,login,,,,1,Suspicious login hour
DTAA/NHH0566,PC-1651,2011-03-11 21:41:00,21.0,login,,,,1,Suspicious login hour
DTAA/CRC0996,PC-2587,2011-03-11 21:42:00,21.0,login,,,,1,Suspicious login hour
DTAA/CGM0994,PC-2173,2011-03-11 21:45:00,21.0,login,,,,1,Suspicious login hour
DTAA/KEE0997,PC-4863,2011-03-11 21:57:00,21.0,login,,,,1,Suspicious login hour
DTAA/BJM0992,PC-1438,2011-03-11 22:03:00,22.0,login,,,,1,Suspicious login hour
DTAA/CGM0994,PC-2173,2011-03-11 22:09:00,22.0,login,,,,1,Suspicious login hour
DTAA/CLN0999,PC-0750,2011-03-11 22:16:00,22.0,login,,,,1,Suspicious login hour
DTAA/CLB0995,PC-2809,2011-03-11 22:19:00,22.0,login,,,,1,Suspicious login hour
DTAA/NHH0566,PC-1651,2011-03-11 22:22:00,22.0,login,,,,1,Suspicious login hour
DTAA/KEE0997,PC-4863,2011-03-11 22:28:00,22.0,login,,,,1,Suspicious login hour
DTAA/ASO0023,PC-3990,2011-03-11 22:36:00,22.0,login,,,,1,Suspicious login hour
DTAA/IRC0991,PC-4905,2011-03-11 22:39:00,22.0,login,,,,1,Suspicious login hour
DTAA/ELD1000,PC-1458,2011-03-11 22:45:00,22.0,login,,,,1,Suspicious login hour
DTAA/IRC0991,PC-4905,2011-03-11 22:48:00,22.0,login,,,,1,Suspicious login hour
DTAA/BJM0992,PC-3698,2011-03-11 22:49:00,22.0,login,,,,1,Suspicious login hour
DTAA/PJL0320,PC-1233,2011-03-11 22:52:00,22.0,login,,,,1,Suspicious login hour
DTAA/CLN0999,PC-0750,2011-03-11 22:54:00,22.0,login,,,,1,Suspicious login hour
DTAA/CLB0995,PC-2809,2011-03-11 22:54:00,22.0,login,,,,1,Suspicious login hour
DTAA/ELD1000,PC-1360,2011-03-11 22:54:00,22.0,login,,,,1,Suspicious login hour
DTAA/JTT0989,PC-3128,2011-03-11 23:05:00,23.0,login,,,,1,Suspicious login hour
DTAA/JTT0989,PC-3128,2011-03-11 23:14:00,23.0,login,,,,1,Suspicious login hour
DTAA/ELD1000,PC-1458,2011-03-11 23:22:00,23.0,login,,,,1,Suspicious login hour
DTAA/BJM0992,PC-3698,2011-03-11 23:24:00,23.0,login,,,,1,Suspicious login hour
DTAA/CGM0994,PC-0174,2011-03-11 23:24:00,23.0,login,,,,1,Suspicious login hour
DTAA/JCC0998,PC-1605,2011-03-11 23:26:00,23.0,login,,,,1,Suspicious login hour
DTAA/ELD1000,PC-1360,2011-03-11 23:35:00,23.0,login,,,,1,Suspicious login hour
DTAA/JCC0998,PC-1605,2011-03-11 23:53:00,23.0,login,,,,1,Suspicious login hour
DTAA/CGM0994,PC-0174,2011-03-11 23:54:00,23.0,login,,,,1,Suspicious login hour
DTAA/DIS0382,PC-2501,2011-03-11 23:56:00,23.0,login,,,,1,Suspicious login hour
DTAA/SRN0275,PC-3531,2011-03-12 00:22:00,0.0,login,,,,1,Suspicious login hour
DTAA/CWG0305,PC-1107,2011-03-12 00:42:00,0.0,login,,,,1,Suspicious login hour
DTAA/PJL0320,PC-1233,2011-03-12 01:07:00,1.0,login,,,,1,Suspicious login hour
DTAA/CWG0305,PC-1107,2011-03-12 01:31:00,1.0,login,,,,1,Suspicious login hour
DTAA/AJA0220,PC-3872,2011-03-12 01:51:00,1.0,login,,,,1,Suspicious login hour
DTAA/DIS0382,PC-2501,2011-03-12 02:04:00,2.0,login,,,,1,Suspicious login hour
DTAA/CDZ0056,PC-4052,2011-03-12 02:08:00,2.0,login,,,,1,Suspicious login hour
DTAA/OYR0801,PC-0088,2011-03-12 02:53:00,2.0,login,,,,1,Suspicious login hour
DTAA/CMF0339,PC-1939,2011-03-12 02:58:00,2.0,login,,,,1,Suspicious login hour
DTAA/ASO0023,PC-3990,2011-03-12 03:29:00,3.0,login,,,,1,Suspicious login hour
DTAA/AJA0220,PC-3872,2011-03-12 03:55:00,3.0,login,,,,1,Suspicious login hour
DTAA/CHS0324,PC-3251,2011-03-12 04:08:00,4.0,login,,,,1,Suspicious login hour
DTAA/SRN0275,PC-3531,2011-03-12 04:17:00,4.0,login,,,,1,Suspicious login hour
DTAA/CDZ0056,PC-4052,2011-03-12 04:32:00,4.0,login,,,,1,Suspicious login hour
DTAA/CMF0339,PC-1939,2011-03-12 04:46:00,4.0,login,,,,1,Suspicious login hour
DTAA/CHS0324,PC-3251,2011-03-12 05:34:00,5.0,login,,,,1,Suspicious login hour
DTAA/OYR0801,PC-0088,2011-03-12 05:44:00,5.0,login,,,,1,Suspicious login hour
DTAA/RLC0442,PC-1467,2011-04-01 00:03:00,0.0,login,,,,1,Suspicious login hour
DTAA/IRC0991,PC-2110,2011-04-01 00:14:00,0.0,login,,,,1,Suspicious login hour
DTAA/DSM0990,PC-4863,2011-04-01 00:20:00,0.0,login,,,,1,Suspicious login hour
DTAA/IKH0904,PC-3664,2011-04-01 00:38:00,0.0,login,,,,1,Suspicious login hour
DTAA/MSV0506,PC-3240,2011-04-01 00:49:00,0.0,login,,,,1,Suspicious login hour
DTAA/DSM0990,PC-4863,2011-04-01 00:51:00,0.0,login,,,,1,Suspicious login hour
DTAA/KEE0997,PC-4606,2011-04-01 00:56:00,0.0,login,,,,1,Suspicious login hour
DTAA/KEE0997,PC-4606,2011-04-01 01:06:00,1.0,login,,,,1,Suspicious login hour
DTAA/CLN0999,PC-0214,2011-04-01 01:34:00,1.0,login,,,,1,Suspicious login hour
DTAA/HTS0265,PC-1744,2011-04-01 01:36:00,1.0,login,,,,1,Suspicious login hour
DTAA/JHD0512,PC-2683,2011-04-01 01:37:00,1.0,login,,,,1,Suspicious login hour
DTAA/ARS0993,PC-0436,2011-04-01 01:49:00,1.0,login,,,,1,Suspicious login hour
DTAA/ARS0993,PC-0563,2011-04-01 01:49:00,1.0,login,,,,1,Suspicious login hour
DTAA/ARS0993,PC-0563,2011-04-01 01:51:00,1.0,login,,,,1,Suspicious login hour
DTAA/CLN0999,PC-0214,2011-04-01 01:54:00,1.0,login,,,,1,Suspicious login hour
DTAA/JCC0998,PC-4765,2011-04-01 02:06:00,2.0,login,,,,1,Suspicious login hour
DTAA/ARS0993,PC-0436,2011-04-01 02:23:00,2.0,login,,,,1,Suspicious login hour
DTAA/JCC0998,PC-4765,2011-04-01 02:28:00,2.0,login,,,,1,Suspicious login hour
DTAA/JTT0989,PC-0719,2011-04-01 02:38:00,2.0,login,,,,1,Suspicious login hour
DTAA/CGM0994,PC-3363,2011-04-01 02:46:00,2.0,login,,,,1,Suspicious login hour
DTAA/IRC0991,PC-3669,2011-04-01 02:50:00,2.0,login,,,,1,Suspicious login hour
DTAA/JTT0989,PC-0719,2011-04-01 02:53:00,2.0,login,,,,1,Suspicious login hour
DTAA/CGM0994,PC-1057,2011-04-01 03:13:00,3.0,login,,,,1,Suspicious login hour
DTAA/CGM0994,PC-3363,2011-04-01 03:21:00,3.0,login,,,,1,Suspicious login hour
DTAA/IRC0991,PC-3669,2011-04-01 03:34:00,3.0,login,,,,1,Suspicious login hour
DTAA/SHR0025,PC-0288,2011-04-01 03:35:00,3.0,login,,,,1,Suspicious login hour
DTAA/MSV0506,PC-3240,2011-04-01 03:40:00,3.0,login,,,,1,Suspicious login hour
DTAA/CGM0994,PC-1057,2011-04-01 03:40:00,3.0,login,,,,1,Suspicious login hour
DTAA/KEE0997,PC-4895,2011-04-01 04:04:00,4.0,login,,,,1,Suspicious login hour
DTAA/KEE0997,PC-4895,2011-04-01 04:28:00,4.0,login,,,,1,Suspicious login hour
DTAA/CMF0339,PC-1939,2011-04-01 04:35:00,4.0,login,,,,1,Suspicious login hour
DTAA/IKH0904,PC-3664,2011-04-01 04:44:00,4.0,login,,,,1,Suspicious login hour
DTAA/IRC0991,PC-0080,2011-04-01 04:45:00,4.0,login,,,,1,Suspicious login hour
DTAA/IRC0991,PC-0080,2011-04-01 04:50:00,4.0,login,,,,1,Suspicious login hour
DTAA/SHR0025,PC-0288,2011-04-01 04:53:00,4.0,login,,,,1,Suspicious login hour
DTAA/MVW0630,PC-2005,2011-04-01 05:02:00,5.0,login,,,,1,Suspicious login hour
DTAA/ASO0023,PC-3990,2011-04-01 05:11:00,5.0,login,,,,1,Suspicious login hour
DTAA/CMF0339,PC-1939,2011-04-01 05:14:00,5.0,login,,,,1,Suspicious login hour
DTAA/ELD1000,PC-2881,2011-04-01 05:17:00,5.0,login,,,,1,Suspicious login hour
DTAA/KEE0997,PC-2707,2011-04-01 05:24:00,5.0,login,,,,1,Suspicious login hour
DTAA/ARS0993,PC-3040,2011-04-01 05:31:00,5.0,login,,,,1,Suspicious login hour
DTAA/ARS0993,PC-3040,2011-04-01 05:32:00,5.0,login,,,,1,Suspicious login hour
DTAA/RLC0442,PC-1467,2011-04-01 05:43:00,5.0,login,,,,1,Suspicious login hour
DTAA/MVW0630,PC-2005,2011-04-01 05:45:00,5.0,login,,,,1,Suspicious login hour
DTAA/CLB0995,PC-1438,2011-04-01 05:47:00,5.0,login,,,,1,Suspicious login hour
DTAA/CGM0994,PC-0149,2011-04-01 05:56:00,5.0,login,,,,1,Suspicious login hour
DTAA/KEE0997,PC-2707,2011-04-01 05:56:00,5.0,login,,,,1,Suspicious login hour
DTAA/CLB0995,PC-1438,2011-04-01 05:58:00,5.0,login,,,,1,Suspicious login hour
DTAA/ODW0839,PC-1940,2011-04-01 21:00:00,21.0,login,,,,1,Suspicious login hour
DTAA/ARC0677,PC-0465,2011-04-01 21:02:00,21.0,login,,,,1,Suspicious login hour
DTAA/OYR0801,PC-0088,2011-04-01 21:12:00,21.0,login,,,,1,Suspicious login hour
DTAA/VAH0262,PC-1398,2011-04-01 21:17:00,21.0,login,,,,1,Suspicious login hour
DTAA/SKL0881,PC-1581,2011-04-01 21:17:00,21.0,login,,,,1,Suspicious login hour
DTAA/ELD1000,PC-0262,2011-04-01 21:34:00,21.0,login,,,,1,Suspicious login hour
DTAA/NDS0490,PC-2549,2011-04-01 21:37:00,21.0,login,,,,1,Suspicious login hour
DTAA/ELD1000,PC-0262,2011-04-01 21:43:00,21.0,login,,,,1,Suspicious login hour
DTAA/JAH0544,PC-4081,2011-04-01 21:44:00,21.0,login,,,,1,Suspicious login hour
DTAA/SDC0032,PC-3081,2011-04-01 21:49:00,21.0,login,,,,1,Suspicious login hour
DTAA/CRC0996,PC-3872,2011-04-01 22:04:00,22.0,login,,,,1,Suspicious login hour
DTAA/JCC0998,PC-3284,2011-04-01 22:11:00,22.0,login,,,,1,Suspicious login hour
DTAA/CRC0996,PC-3872,2011-04-01 22:22:00,22.0,login,,,,1,Suspicious login hour
DTAA/IRC0991,PC-4445,2011-04-01 22:47:00,22.0,login,,,,1,Suspicious login hour
DTAA/JCC0998,PC-3284,2011-04-01 22:52:00,22.0,login,,,,1,Suspicious login hour
DTAA/IRC0991,PC-4445,2011-04-01 23:05:00,23.0,login,,,,1,Suspicious login hour
DTAA/KEE0997,PC-1717,2011-04-01 23:08:00,23.0,login,,,,1,Suspicious login hour
DTAA/JAH0544,PC-4081,2011-04-01 23:10:00,23.0,login,,,,1,Suspicious login hour
DTAA/CGM0994,PC-3459,2011-04-01 23:35:00,23.0,login,,,,1,Suspicious login hour
DTAA/CWG0305,PC-1107,2011-04-01 23:45:00,23.0,login,,,,1,Suspicious login hour
DTAA/KEE0997,PC-1717,2011-04-01 23:49:00,23.0,login,,,,1,Suspicious login hour
DTAA/CGM0994,PC-3459,2011-04-01 23:55:00,23.0,login,,,,1,Suspicious login hour
DTAA/NHH0566,PC-1651,2011-04-02 00:08:00,0.0,login,,,,1,Suspicious login hour
DTAA/DFZ0063,PC-4442,2011-04-02 00:20:00,0.0,login,,,,1,Suspicious login hour
DTAA/NHL0521,PC-2511,2011-04-02 00:24:00,0.0,login,,,,1,Suspicious login hour
DTAA/DIS0382,PC-2501,2011-04-02 00:29:00,0.0,login,,,,1,Suspicious login hour
DTAA/NHH0566,PC-1651,2011-04-02 02:44:00,2.0,login,,,,1,Suspicious login hour
DTAA/CHS0324,PC-3251,2011-04-02 03:16:00,3.0,login,,,,1,Suspicious login hour
DTAA/CWG0305,PC-1107,2011-04-02 03:33:00,3.0,login,,,,1,Suspicious login hour
DTAA/OYR0801,PC-0088,2011-04-02 03:47:00,3.0,login,,,,1,Suspicious login hour
DTAA/PJL0320,PC-1233,2011-04-02 03:47:00,3.0,login,,,,1,Suspicious login hour
DTAA/SRN0275,PC-3531,2011-04-02 04:09:00,4.0,login,,,,1,Suspicious login hour
DTAA/CHS0324,PC-3251,2011-04-02 04:38:00,4.0,login,,,,1,Suspicious login hour
DTAA/SRN0275,PC-3531,2011-04-02 05:31:00,5.0,login,,,,1,Suspicious login hour
DTAA/AJA0220,PC-3872,2011-04-02 05:44:00,5.0,login,,,,1,Suspicious login hour
DTAA/AJA0220,PC-3872,2011-04-02 05:49:00,5.0,login,,,,1,Suspicious login hour
DTAA/JCC0998,PC-1900,2011-04-04 00:35:00,0.0,login,,,,1,Suspicious login hour
DTAA/ARS0993,PC-0508,2011-04-04 00:40:00,0.0,login,,,,1,Suspicious login hour
DTAA/JTT0989,PC-2652,2011-04-04 00:41:00,0.0,login,,,,1,Suspicious login hour
DTAA/ARS0993,PC-3957,2011-04-04 00:45:00,0.0,login,,,,1,Suspicious login hour
DTAA/JCC0998,PC-1900,2011-04-04 00:54:00,0.0,login,,,,1,Suspicious login hour
DTAA/ELD1000,PC-4928,2011-04-04 01:02:00,1.0,login,,,,1,Suspicious login hour
DTAA/ELD1000,PC-4928,2011-04-04 01:03:00,1.0,login,,,,1,Suspicious login hour
DTAA/DSM0990,PC-0633,2011-04-04 01:05:00,1.0,login,,,,1,Suspicious login hour
DTAA/CLN0999,PC-0386,2011-04-04 01:14:00,1.0,login,,,,1,Suspicious login hour
DTAA/JTT0989,PC-2652,2011-04-04 01:17:00,1.0,login,,,,1,Suspicious login hour
DTAA/ARS0993,PC-0508,2011-04-04 01:21:00,1.0,login,,,,1,Suspicious login hour
DTAA/ARS0993,PC-3957,2011-04-04 01:26:00,1.0,login,,,,1,Suspicious login hour
DTAA/DSM0990,PC-0633,2011-04-04 01:30:00,1.0,login,,,,1,Suspicious login hour
DTAA/CLN0999,PC-0386,2011-04-04 01:33:00,1.0,login,,,,1,Suspicious login hour
DTAA/CLN0999,PC-1169,2011-04-04 01:45:00,1.0,login,,,,1,Suspicious login hour
DTAA/ARS0993,PC-0124,2011-04-04 01:56:00,1.0,login,,,,1,Suspicious login hour
DTAA/CLN0999,PC-1169,2011-04-04 01:57:00,1.0,login,,,,1,Suspicious login hour
DTAA/ARS0993,PC-0124,2011-04-04 02:16:00,2.0,login,,,,1,Suspicious login hour
DTAA/CRC0996,PC-3476,2011-04-04 02:26:00,2.0,login,,,,1,Suspicious login hour
DTAA/CLB0995,PC-0823,2011-04-04 02:28:00,2.0,login,,,,1,Suspicious login hour
DTAA/JCC0998,PC-4336,2011-04-04 02:34:00,2.0,login,,,,1,Suspicious login hour
DTAA/CRC0996,PC-0338,2011-04-04 02:40:00,2.0,login,,,,1,Suspicious login hour
DTAA/JCC0998,PC-4336,2011-04-04 02:42:00,2.0,login,,,,1,Suspicious login hour
DTAA/CLB0995,PC-0823,2011-04-04 02:49:00,2.0,login,,,,1,Suspicious login hour
DTAA/CRC0996,PC-3476,2011-04-04 02:59:00,2.0,login,,,,1,Suspicious login hour
DTAA/ELD1000,PC-2214,2011-04-04 03:01:00,3.0,login,,,,1,Suspicious login hour
DTAA/ELD1000,PC-2214,2011-04-04 03:03:00,3.0,login,,,,1,Suspicious login hour
DTAA/DSM0990,PC-0473,2011-04-04 03:08:00,3.0,login,,,,1,Suspicious login hour
DTAA/CRC0996,PC-0338,2011-04-04 03:11:00,3.0,login,,,,1,Suspicious login hour
DTAA/CLN0999,PC-0652,2011-04-04 03:12:00,3.0,login,,,,1,Suspicious login hour
DTAA/CRC0996,PC-3041,2011-04-04 03:15:00,3.0,login,,,,1,Suspicious login hour
DTAA/ARS0993,PC-0081,2011-04-04 03:16:00,3.0,login,,,,1,Suspicious login hour
DTAA/CLN0999,PC-0652,2011-04-04 03:19:00,3.0,login,,,,1,Suspicious login hour
DTAA/ARS0993,PC-0081,2011-04-04 03:24:00,3.0,login,,,,1,Suspicious login hour
DTAA/DSM0990,PC-0473,2011-04-04 03:33:00,3.0,login,,,,1,Suspicious login hour
DTAA/CRC0996,PC-3041,2011-04-04 03:46:00,3.0,login,,,,1,Suspicious login hour
DTAA/BJM0992,PC-2765,2011-04-04 04:17:00,4.0,login,,,,1,Suspicious login hour
DTAA/BJM0992,PC-2765,2011-04-04 04:22:00,4.0,login,,,,1,Suspicious login hour
DTAA/ARS0993,PC-2799,2011-04-04 04:25:00,4.0,login,,,,1,Suspicious login hour
DTAA/CLB0995,PC-1469,2011-04-04 04:30:00,4.0,login,,,,1,Suspicious login hour
DTAA/CLB0995,PC-1469,2011-04-04 04:50:00,4.0,login,,,,1,Suspicious login hour
DTAA/ARS0993,PC-2799,2011-04-04 04:51:00,4.0,login,,,,1,Suspicious login hour
DTAA/JTT0989,PC-0560,2011-04-04 04:57:00,4.0,login,,,,1,Suspicious login hour
DTAA/KEE0997,PC-4683,2011-04-04 05:05:00,5.0,login,,,,1,Suspicious login hour
DTAA/JTT0989,PC-0560,2011-04-04 05:21:00,5.0,login,,,,1,Suspicious login hour
DTAA/IRC0991,PC-2106,2011-04-04 05:22:00,5.0,login,,,,1,Suspicious login hour
DTAA/DSM0990,PC-2467,2011-04-04 05:25:00,5.0,login,,,,1,Suspicious login hour
DTAA/KEE0997,PC-4683,2011-04-04 05:33:00,5.0,login,,,,1,Suspicious login hour
DTAA/IRC0991,PC-2106,2011-04-04 05:41:00,5.0,login,,,,1,Suspicious login hour
DTAA/DSM0990,PC-2467,2011-04-04 05:52:00,5.0,login,,,,1,Suspicious login hour
DTAA/ARC0677,PC-0465,2011-04-04 21:01:00,21.0,login,,,,1,Suspicious login hour
DTAA/ODW0839,PC-1940,2011-04-04 21:02:00,21.0,login,,,,1,Suspicious login hour
DTAA/OYR0801,PC-0088,2011-04-04 21:06:00,21.0,login,,,,1,Suspicious login hour
DTAA/SKL0881,PC-1581,2011-04-04 21:14:00,21.0,login,,,,1,Suspicious login hour
DTAA/VAH0262,PC-1398,2011-04-04 21:21:00,21.0,login,,,,1,Suspicious login hour
DTAA/NDS0490,PC-2549,2011-04-04 21:25:00,21.0,login,,,,1,Suspicious login hour
DTAA/OYR0801,PC-0088,2011-04-04 21:31:00,21.0,login,,,,1,Suspicious login hour
DTAA/KEE0997,PC-1229,2011-04-04 21:46:00,21.0,login,,,,1,Suspicious login hour
DTAA/CLK0383,PC-0419,2011-04-04 22:28:00,22.0,login,,,,1,Suspicious login hour
DTAA/KEE0997,PC-1229,2011-04-04 22:29:00,22.0,login,,,,1,Suspicious login hour
DTAA/JTT0989,PC-1377,2011-04-04 22:38:00,22.0,login,,,,1,Suspicious login hour
DTAA/CLB0995,PC-0590,2011-04-04 22:40:00,22.0,login,,,,1,Suspicious login hour
DTAA/JTT0989,PC-1377,2011-04-04 22:44:00,22.0,login,,,,1,Suspicious login hour
DTAA/XCB0445,PC-2710,2011-04-04 23:01:00,23.0,login,,,,1,Suspicious login hour
DTAA/IRC0991,PC-0921,2011-04-04 23:04:00,23.0,login,,,,1,Suspicious login hour
DTAA/IRC0991,PC-0921,2011-04-04 23:08:00,23.0,login,,,,1,Suspicious login hour
DTAA/ELD1000,PC-3501,2011-04-04 23:09:00,23.0,login,,,,1,Suspicious login hour
DTAA/CLB0995,PC-0590,2011-04-04 23:11:00,23.0,login,,,,1,Suspicious login hour
DTAA/ELD1000,PC-3501,2011-04-04 23:23:00,23.0,login,,,,1,Suspicious login hour
DTAA/KEE0997,PC-0101,2011-04-05 00:02:00,0.0,login,,,,1,Suspicious login hour
DTAA/DSM0990,PC-1946,2011-04-05 00:08:00,0.0,login,,,,1,Suspicious login hour
DTAA/KEE0997,PC-0101,2011-04-05 00:16:00,0.0,login,,,,1,Suspicious login hour
DTAA/DSM0990,PC-1946,2011-04-05 00:21:00,0.0,login,,,,1,Suspicious login hour
DTAA/CRC0996,PC-2651,2011-04-05 01:05:00,1.0,login,,,,1,Suspicious login hour
DTAA/DJW0368,PC-2518,2011-04-05 01:08:00,1.0,login,,,,1,Suspicious login hour
DTAA/DSM0990,PC-4677,2011-04-05 01:10:00,1.0,login,,,,1,Suspicious login hour
DTAA/CRC0996,PC-2651,2011-04-05 01:10:00,1.0,login,,,,1,Suspicious login hour
DTAA/RBC0879,PC-1261,2011-04-05 01:14:00,1.0,login,,,,1,Suspicious login hour
DTAA/DSM0990,PC-4677,2011-04-05 01:15:00,1.0,login,,,,1,Suspicious login hour
DTAA/DJW0368,PC-2518,2011-04-05 01:35:00,1.0,login,,,,1,Suspicious login hour
DTAA/ARS0993,PC-2534,2011-04-05 01:56:00,1.0,login,,,,1,Suspicious login hour
DTAA/CGM0994,PC-2436,2011-04-05 01:58:00,1.0,login,,,,1,Suspicious login hour
DTAA/XCB0445,PC-2710,2011-04-05 02:06:00,2.0,login,,,,1,Suspicious login hour
DTAA/ARS0993,PC-2843,2011-04-05 02:13:00,2.0,login,,,,1,Suspicious login hour
DTAA/ARS0993,PC-2843,2011-04-05 02:23:00,2.0,login,,,,1,Suspicious login hour
DTAA/ARS0993,PC-2534,2011-04-05 02:23:00,2.0,login,,,,1,Suspicious login hour
DTAA/CLN0999,PC-4152,2011-04-05 02:26:00,2.0,login,,,,1,Suspicious login hour
DTAA/KEE0997,PC-2222,2011-04-05 02:29:00,2.0,login,,,,1,Suspicious login hour
DTAA/CGM0994,PC-2436,2011-04-05 02:30:00,2.0,login,,,,1,Suspicious login hour
DTAA/CLB0995,PC-4337,2011-04-05 02:34:00,2.0,login,,,,1,Suspicious login hour
DTAA/CGM0994,PC-3870,2011-04-05 02:47:00,2.0,login,,,,1,Suspicious login hour
DTAA/KEE0997,PC-2222,2011-04-05 02:50:00,2.0,login,,,,1,Suspicious login hour
DTAA/CLB0995,PC-4337,2011-04-05 02:51:00,2.0,login,,,,1,Suspicious login hour
DTAA/CLN0999,PC-4152,2011-04-05 03:10:00,3.0,login,,,,1,Suspicious login hour
DTAA/CGM0994,PC-3870,2011-04-05 03:15:00,3.0,login,,,,1,Suspicious login hour
DTAA/AGW0182,PC-4531,2011-04-05 03:55:00,3.0,login,,,,1,Suspicious login hour
DTAA/IRC0991,PC-3411,2011-04-05 04:01:00,4.0,login,,,,1,Suspicious login hour
DTAA/CLB0995,PC-2662,2011-04-05 04:01:00,4.0,login,,,,1,Suspicious login hour
DTAA/ELD1000,PC-4327,2011-04-05 04:04:00,4.0,login,,,,1,Suspicious login hour
DTAA/ELD1000,PC-4327,2011-04-05 04:07:00,4.0,login,,,,1,Suspicious login hour
DTAA/IRC0991,PC-3411,2011-04-05 04:22:00,4.0,login,,,,1,Suspicious login hour
DTAA/MCH0530,PC-4577,2011-04-05 04:25:00,4.0,login,,,,1,Suspicious login hour
DTAA/CRC0996,PC-3391,2011-04-05 04:34:00,4.0,login,,,,1,Suspicious login hour
DTAA/RBC0879,PC-1261,2011-04-05 04:43:00,4.0,login,,,,1,Suspicious login hour
DTAA/CLB0995,PC-2662,2011-04-05 04:45:00,4.0,login,,,,1,Suspicious login hour
DTAA/AGW0182,PC-4531,2011-04-05 05:03:00,5.0,login,,,,1,Suspicious login hour
DTAA/CRC0996,PC-3391,2011-04-05 05:17:00,5.0,login,,,,1,Suspicious login hour
DTAA/PKM0092,PC-0731,2011-04-05 05:22:00,5.0,login,,,,1,Suspicious login hour
DTAA/JCC0998,PC-2219,2011-04-05 05:27:00,5.0,login,,,,1,Suspicious login hour
DTAA/IKH0904,PC-3664,2011-04-05 05:56:00,5.0,login,,,,1,Suspicious login hour
DTAA/ARC0677,PC-0465,2011-04-05 21:06:00,21.0,login,,,,1,Suspicious login hour
DTAA/VAH0262,PC-1398,2011-04-05 21:12:00,21.0,login,,,,1,Suspicious login hour
DTAA/SKL0881,PC-1581,2011-04-05 21:20:00,21.0,login,,,,1,Suspicious login hour
DTAA/NDS0490,PC-2549,2011-04-05 21:36:00,21.0,login,,,,1,Suspicious login hour
DTAA/IRC0991,PC-4563,2011-04-05 21:37:00,21.0,login,,,,1,Suspicious login hour
DTAA/FKR0550,PC-2469,2011-04-05 21:45:00,21.0,login,,,,1,Suspicious login hour
DTAA/KEE0997,PC-0797,2011-04-05 21:53:00,21.0,login,,,,1,Suspicious login hour
DTAA/IRC0991,PC-4563,2011-04-05 21:55:00,21.0,login,,,,1,Suspicious login hour
DTAA/BIR0534,PC-1834,2011-04-05 22:00:00,22.0,login,,,,1,Suspicious login hour
DTAA/CRC0996,PC-3996,2011-04-05 22:18:00,22.0,login,,,,1,Suspicious login hour
DTAA/KEE0997,PC-0797,2011-04-05 22:22:00,22.0,login,,,,1,Suspicious login hour
DTAA/FKR0550,PC-2469,2011-04-05 22:33:00,22.0,login,,,,1,Suspicious login hour
DTAA/CRC0996,PC-3996,2011-04-05 22:56:00,22.0,login,,,,1,Suspicious login hour
DTAA/JGC0775,PC-2680,2011-04-05 22:57:00,22.0,login,,,,1,Suspicious login hour
DTAA/JTT0989,PC-4642,2011-04-05 23:03:00,23.0,login,,,,1,Suspicious login hour
DTAA/WTA0867,PC-1522,2011-04-05 23:08:00,23.0,login,,,,1,Suspicious login hour
DTAA/JTT0989,PC-4642,2011-04-05 23:15:00,23.0,login,,,,1,Suspicious login hour
DTAA/NHH0566,PC-1651,2011-04-05 23:27:00,23.0,login,,,,1,Suspicious login hour
DTAA/BJM0992,PC-1033,2011-04-06 00:05:00,0.0,login,,,,1,Suspicious login hour
DTAA/BJM0992,PC-1033,2011-04-06 00:24:00,0.0,login,,,,1,Suspicious login hour
DTAA/KEE0997,PC-3582,2011-04-06 00:38:00,0.0,login,,,,1,Suspicious login hour
DTAA/CLB0995,PC-3607,2011-04-06 00:39:00,0.0,login,,,,1,Suspicious login hour
DTAA/KEE0997,PC-3582,2011-04-06 00:47:00,0.0,login,,,,1,Suspicious login hour
DTAA/IRC0991,PC-0777,2011-04-06 00:57:00,0.0,login,,,,1,Suspicious login hour
DTAA/IRC0991,PC-0075,2011-04-06 01:00:00,1.0,login,,,,1,Suspicious login hour
DTAA/CLB0995,PC-3607,2011-04-06 01:05:00,1.0,login,,,,1,Suspicious login hour
DTAA/KEE0997,PC-3081,2011-04-06 01:05:00,1.0,login,,,,1,Suspicious login hour
DTAA/SDC0032,PC-3081,2011-04-06 01:05:00,1.0,login,,,,1,Suspicious login hour
DTAA/HNS0858,PC-3790,2011-04-06 01:10:00,1.0,login,,,,1,Suspicious login hour
DTAA/KEE0997,PC-3081,2011-04-06 01:12:00,1.0,login,,,,1,Suspicious login hour
DTAA/DSM0990,PC-1174,2011-04-06 01:18:00,1.0,login,,,,1,Suspicious login hour
DTAA/IRC0991,PC-0777,2011-04-06 01:19:00,1.0,login,,,,1,Suspicious login hour
DTAA/DSM0990,PC-1174,2011-04-06 01:25:00,1.0,login,,,,1,Suspicious login hour
DTAA/JCC0998,PC-4679,2011-04-06 01:26:00,1.0,login,,,,1,Suspicious login hour
DTAA/RBY0065,PC-2214,2011-04-06 01:28:00,1.0,login,,,,1,Suspicious login hour
DTAA/IRC0991,PC-0075,2011-04-06 01:28:00,1.0,login,,,,1,Suspicious login hour
DTAA/BJM0992,PC-2343,2011-04-06 01:53:00,1.0,login,,,,1,Suspicious login hour
DTAA/KEE0997,PC-4041,2011-04-06 02:04:00,2.0,login,,,,1,Suspicious login hour
DTAA/BJM0992,PC-2343,2011-04-06 02:04:00,2.0,login,,,,1,Suspicious login hour
DTAA/JCC0998,PC-4679,2011-04-06 02:06:00,2.0,login,,,,1,Suspicious login hour
DTAA/CLN0999,PC-2855,2011-04-06 02:17:00,2.0,login,,,,1,Suspicious login hour
DTAA/WOT0549,PC-0304,2011-04-06 02:18:00,2.0,login,,,,1,Suspicious login hour
DTAA/WOT0549,PC-0304,2011-04-06 02:22:00,2.0,login,,,,1,Suspicious login hour
DTAA/CLN0999,PC-2855,2011-04-06 02:23:00,2.0,login,,,,1,Suspicious login hour
DTAA/CRC0996,PC-4228,2011-04-06 02:24:00,2.0,login,,,,1,Suspicious login hour
DTAA/JGC0775,PC-2680,2011-04-06 02:36:00,2.0,login,,,,1,Suspicious login hour
DTAA/KEE0997,PC-4041,2011-04-06 02:37:00,2.0,login,,,,1,Suspicious login hour
DTAA/PCM0846,PC-1898,2011-04-06 02:48:00,2.0,login,,,,1,Suspicious login hour
DTAA/CRC0996,PC-4228,2011-04-06 02:52:00,2.0,login,,,,1,Suspicious login hour
DTAA/HNS0858,PC-3790,2011-04-06 02:57:00,2.0,login,,,,1,Suspicious login hour
DTAA/ELD1000,PC-0598,2011-04-06 02:58:00,2.0,login,,,,1,Suspicious login hour
DTAA/ELD1000,PC-0598,2011-04-06 03:06:00,3.0,login,,,,1,Suspicious login hour
DTAA/PCM0846,PC-1898,2011-04-06 03:07:00,3.0,login,,,,1,Suspicious login hour
DTAA/CGM0994,PC-3212,2011-04-06 03:08:00,3.0,login,,,,1,Suspicious login hour
DTAA/CGM0994,PC-3212,2011-04-06 03:12:00,3.0,login,,,,1,Suspicious login hour
DTAA/DFZ0063,PC-4442,2011-04-06 03:12:00,3.0,login,,,,1,Suspicious login hour
DTAA/JCC0998,PC-0452,2011-04-06 03:15:00,3.0,login,,,,1,Suspicious login hour
DTAA/IRC0991,PC-4423,2011-04-06 03:16:00,3.0,login,,,,1,Suspicious login hour
DTAA/CGM0994,PC-1381,2011-04-06 03:20:00,3.0,login,,,,1,Suspicious login hour
DTAA/CRC0996,PC-3747,2011-04-06 03:30:00,3.0,login,,,,1,Suspicious login hour
DTAA/JCC0998,PC-4339,2011-04-06 03:32:00,3.0,login,,,,1,Suspicious login hour
DTAA/JCC0998,PC-0452,2011-04-06 03:33:00,3.0,login,,,,1,Suspicious login hour
DTAA/IRC0991,PC-4423,2011-04-06 03:37:00,3.0,login,,,,1,Suspicious login hour
DTAA/IRC0991,PC-3107,2011-04-06 03:38:00,3.0,login,,,,1,Suspicious login hour
DTAA/CGM0994,PC-1381,2011-04-06 03:46:00,3.0,login,,,,1,Suspicious login hour
DTAA/CRC0996,PC-3747,2011-04-06 03:46:00,3.0,login,,,,1,Suspicious login hour
DTAA/IRC0991,PC-3107,2011-04-06 04:01:00,4.0,login,,,,1,Suspicious login hour
DTAA/JCC0998,PC-4339,2011-04-06 04:03:00,4.0,login,,,,1,Suspicious login hour
DTAA/RBY0065,PC-2214,2011-04-06 04:07:00,4.0,login,,,,1,Suspicious login hour
DTAA/JCC0998,PC-4092,2011-04-06 04:36:00,4.0,login,,,,1,Suspicious login hour
DTAA/CGM0994,PC-0745,2011-04-06 04:40:00,4.0,login,,,,1,Suspicious login hour
DTAA/JCC0998,PC-0472,2011-04-06 04:46:00,4.0,login,,,,1,Suspicious login hour
DTAA/JCC0998,PC-0472,2011-04-06 04:46:00,4.0,login,,,,1,Suspicious login hour
DTAA/JCC0998,PC-4092,2011-04-06 04:50:00,4.0,login,,,,1,Suspicious login hour
DTAA/HTS0265,PC-1744,2011-04-06 04:53:00,4.0,login,,,,1,Suspicious login hour
DTAA/CGM0994,PC-0745,2011-04-06 04:58:00,4.0,login,,,,1,Suspicious login hour
DTAA/CRC0996,PC-3993,2011-04-06 04:59:00,4.0,login,,,,1,Suspicious login hour
DTAA/JCC0998,PC-3080,2011-04-06 05:10:00,5.0,login,,,,1,Suspicious login hour
DTAA/CRC0996,PC-3993,2011-04-06 05:36:00,5.0,login,,,,1,Suspicious login hour
DTAA/WTA0867,PC-1522,2011-04-06 05:38:00,5.0,login,,,,1,Suspicious login hour
DTAA/KEE0997,PC-2974,2011-04-06 05:39:00,5.0,login,,,,1,Suspicious login hour
DTAA/TPC0102,PC-1945,2011-04-06 05:40:00,5.0,login,,,,1,Suspicious login hour
DTAA/JTT0989,PC-0989,2011-04-06 05:42:00,5.0,login,,,,1,Suspicious login hour
DTAA/JCC0998,PC-3080,2011-04-06 05:44:00,5.0,login,,,,1,Suspicious login hour
DTAA/KEE0997,PC-2974,2011-04-06 05:46:00,5.0,login,,,,1,Suspicious login hour
DTAA/SDC0032,PC-3081,2011-04-06 05:48:00,5.0,login,,,,1,Suspicious login hour
DTAA/IRC0991,PC-1389,2011-04-06 05:54:00,5.0,login,,,,1,Suspicious login hour
DTAA/ODW0839,PC-1940,2011-04-06 21:03:00,21.0,login,,,,1,Suspicious login hour
DTAA/BJM0992,PC-1560,2011-04-06 21:03:00,21.0,login,,,,1,Suspicious login hour
DTAA/DSM0990,PC-1431,2011-04-06 21:06:00,21.0,login,,,,1,Suspicious login hour
DTAA/ARC0677,PC-0465,2011-04-06 21:08:00,21.0,login,,,,1,Suspicious login hour
DTAA/SKL0881,PC-1581,2011-04-06 21:10:00,21.0,login,,,,1,Suspicious login hour
DTAA/DSM0990,PC-3736,2011-04-06 21:16:00,21.0,login,,,,1,Suspicious login hour
DTAA/VAH0262,PC-1398,2011-04-06 21:23:00,21.0,login,,,,1,Suspicious login hour
DTAA/ELD1000,PC-3384,2011-04-06 21:23:00,21.0,login,,,,1,Suspicious login hour
DTAA/KSP0927,PC-2221,2011-04-06 21:24:00,21.0,login,,,,1,Suspicious login hour
DTAA/DSM0990,PC-1431,2011-04-06 21:25:00,21.0,login,,,,1,Suspicious login hour
DTAA/BJM0992,PC-1560,2011-04-06 21:26:00,21.0,login,,,,1,Suspicious login hour
DTAA/NDS0490,PC-2549,2011-04-06 21:30:00,21.0,login,,,,1,Suspicious login hour
DTAA/ELD1000,PC-3384,2011-04-06 21:59:00,21.0,login,,,,1,Suspicious login hour
DTAA/JCC0998,PC-3390,2011-04-06 22:21:00,22.0,login,,,,1,Suspicious login hour
DTAA/CGM0994,PC-3548,2011-04-06 22:29:00,22.0,login,,,,1,Suspicious login hour
DTAA/JCC0998,PC-3390,2011-04-06 22:31:00,22.0,login,,,,1,Suspicious login hour
DTAA/CGM0994,PC-3548,2011-04-06 22:43:00,22.0,login,,,,1,Suspicious login hour
DTAA/AIB0797,PC-4147,2011-04-06 23:04:00,23.0,login,,,,1,Suspicious login hour
DTAA/CGM0994,PC-4463,2011-04-06 23:15:00,23.0,login,,,,1,Suspicious login hour
DTAA/NDS0490,PC-2549,2011-04-06 23:22:00,23.0,login,,,,1,Suspicious login hour
DTAA/IRC0991,PC-2735,2011-04-06 23:23:00,23.0,login,,,,1,Suspicious login hour
DTAA/IRC0991,PC-2735,2011-04-06 23:24:00,23.0,login,,,,1,Suspicious login hour
DTAA/CGM0994,PC-4463,2011-04-06 23:37:00,23.0,login,,,,1,Suspicious login hour
DTAA/IRC0991,PC-1261,2011-04-06 23:57:00,23.0,login,,,,1,Suspicious login hour
DTAA/KEE0997,PC-3160,2011-04-06 23:58:00,23.0,login,,,,1,Suspicious login hour
DTAA/IRC0991,PC-1261,2011-04-07 00:00:00,0.0,login,,,,1,Suspicious login hour
DTAA/JTT0989,PC-1800,2011-04-07 00:08:00,0.0,login,,,,1,Suspicious login hour
DTAA/CGM0994,PC-1324,2011-04-07 00:11:00,0.0,login,,,,1,Suspicious login hour
DTAA/RLC0442,PC-1467,2011-04-07 00:12:00,0.0,login,,,,1,Suspicious login hour
DTAA/CGM0994,PC-1155,2011-04-07 00:20:00,0.0,login,,,,1,Suspicious login hour
DTAA/KEE0997,PC-3160,2011-04-07 00:23:00,0.0,login,,,,1,Suspicious login hour
DTAA/DDK0417,PC-0980,2011-04-07 00:26:00,0.0,login,,,,1,Suspicious login hour
DTAA/JTT0989,PC-1800,2011-04-07 00:36:00,0.0,login,,,,1,Suspicious login hour
DTAA/DSM0990,PC-0094,2011-04-07 00:39:00,0.0,login,,,,1,Suspicious login hour
DTAA/CGM0994,PC-1324,2011-04-07 00:41:00,0.0,login,,,,1,Suspicious login hour
DTAA/DSM0990,PC-0094,2011-04-07 00:44:00,0.0,login,,,,1,Suspicious login hour
DTAA/CGM0994,PC-1155,2011-04-07 00:56:00,0.0,login,,,,1,Suspicious login hour
DTAA/ARS0993,PC-2507,2011-04-07 01:11:00,1.0,login,,,,1,Suspicious login hour
DTAA/ARS0993,PC-2507,2011-04-07 01:12:00,1.0,login,,,,1,Suspicious login hour
DTAA/BJM0992,PC-3456,2011-04-07 01:15:00,1.0,login,,,,1,Suspicious login hour
DTAA/DDK0417,PC-0980,2011-04-07 01:23:00,1.0,login,,,,1,Suspicious login hour
DTAA/BJM0992,PC-3456,2011-04-07 01:33:00,1.0,login,,,,1,Suspicious login hour
DTAA/CSR0189,PC-3494,2011-04-07 02:10:00,2.0,login,,,,1,Suspicious login hour
DTAA/BJM0992,PC-1213,2011-04-07 02:15:00,2.0,login,,,,1,Suspicious login hour
DTAA/RLC0442,PC-1467,2011-04-07 02:41:00,2.0,login,,,,1,Suspicious login hour
DTAA/DIS0382,PC-2501,2011-04-07 02:48:00,2.0,login,,,,1,Suspicious login hour
DTAA/CSR0189,PC-3494,2011-04-07 02:50:00,2.0,login,,,,1,Suspicious login hour
DTAA/DIS0382,PC-2501,2011-04-07 02:52:00,2.0,login,,,,1,Suspicious login hour
DTAA/BJM0992,PC-1213,2011-04-07 02:59:00,2.0,login,,,,1,Suspicious login hour
DTAA/TKH0211,PC-0719,2011-04-07 03:08:00,3.0,login,,,,1,Suspicious login hour
DTAA/KSP0927,PC-2221,2011-04-07 03:15:00,3.0,login,,,,1,Suspicious login hour
DTAA/CLN0999,PC-3426,2011-04-07 03:32:00,3.0,login,,,,1,Suspicious login hour
DTAA/CTH0856,PC-4677,2011-04-07 03:37:00,3.0,login,,,,1,Suspicious login hour
DTAA/GRG0693,PC-3411,2011-04-07 03:38:00,3.0,login,,,,1,Suspicious login hour
DTAA/IRC0991,PC-3750,2011-04-07 03:41:00,3.0,login,,,,1,Suspicious login hour
DTAA/ARS0993,PC-2481,2011-04-07 03:48:00,3.0,login,,,,1,Suspicious login hour
DTAA/CLN0999,PC-3622,2011-04-07 03:51:00,3.0,login,,,,1,Suspicious login hour
DTAA/MIC0914,PC-3326,2011-04-07 03:52:00,3.0,login,,,,1,Suspicious login hour
DTAA/CLN0999,PC-3426,2011-04-07 03:57:00,3.0,login,,,,1,Suspicious login hour
DTAA/AIB0797,PC-4147,2011-04-07 04:06:00,4.0,login,,,,1,Suspicious login hour
DTAA/IRC0991,PC-3750,2011-04-07 04:09:00,4.0,login,,,,1,Suspicious login hour
DTAA/ARS0993,PC-2481,2011-04-07 04:10:00,4.0,login,,,,1,Suspicious login hour
DTAA/CLN0999,PC-3622,2011-04-07 04:21:00,4.0,login,,,,1,Suspicious login hour
DTAA/CTH0856,PC-4677,2011-04-07 04:24:00,4.0,login,,,,1,Suspicious login hour
DTAA/KEE0997,PC-4873,2011-04-07 04:35:00,4.0,login,,,,1,Suspicious login hour
DTAA/NDS0490,PC-2549,2011-04-07 04:41:00,4.0,login,,,,1,Suspicious login hour
DTAA/CLN0999,PC-4072,2011-04-07 04:54:00,4.0,login,,,,1,Suspicious login hour
DTAA/CLN0999,PC-4072,2011-04-07 04:58:00,4.0,login,,,,1,Suspicious login hour
DTAA/TKH0211,PC-0719,2011-04-07 05:10:00,5.0,login,,,,1,Suspicious login hour
DTAA/KEE0997,PC-4873,2011-04-07 05:19:00,5.0,login,,,,1,Suspicious login hour
DTAA/MIC0914,PC-3326,2011-04-07 05:37:00,5.0,login,,,,1,Suspicious login hour
DTAA/DSM0990,PC-2588,2011-04-07 05:43:00,5.0,login,,,,1,Suspicious login hour
DTAA/IRC0991,PC-0411,2011-04-07 05:52:00,5.0,login,,,,1,Suspicious login hour
DTAA/KEE0997,PC-4584,2011-04-07 05:57:00,5.0,login,,,,1,Suspicious login hour
DTAA/ARC0677,PC-0465,2011-04-07 21:03:00,21.0,login,,,,1,Suspicious login hour
DTAA/ODW0839,PC-1940,2011-04-07 21:05:00,21.0,login,,,,1,Suspicious login hour
DTAA/CGM0994,PC-0198,2011-04-07 21:08:00,21.0,login,,,,1,Suspicious login hour
DTAA/VAH0262,PC-1398,2011-04-07 21:19:00,21.0,login,,,,1,Suspicious login hour
DTAA/CGM0994,PC-0136,2011-04-07 21:21:00,21.0,login,,,,1,Suspicious login hour
DTAA/SKL0881,PC-1581,2011-04-07 21:22:00,21.0,login,,,,1,Suspicious login hour
DTAA/CGM0994,PC-0198,2011-04-07 21:24:00,21.0,login,,,,1,Suspicious login hour
DTAA/COS0121,PC-0462,2011-04-07 21:28:00,21.0,login,,,,1,Suspicious login hour
DTAA/NDS0490,PC-2549,2011-04-07 21:28:00,21.0,login,,,,1,Suspicious login hour
DTAA/KEE0997,PC-0686,2011-04-07 21:41:00,21.0,login,,,,1,Suspicious login hour
DTAA/KEE0997,PC-0686,2011-04-07 21:57:00,21.0,login,,,,1,Suspicious login hour
DTAA/CGM0994,PC-0136,2011-04-07 22:01:00,22.0,login,,,,1,Suspicious login hour
DTAA/GKC0919,PC-3647,2011-04-07 22:10:00,22.0,login,,,,1,Suspicious login hour
DTAA/JCC0998,PC-1300,2011-04-07 22:16:00,22.0,login,,,,1,Suspicious login hour
DTAA/SAH0192,PC-4079,2011-04-07 22:20:00,22.0,login,,,,1,Suspicious login hour
DTAA/BJM0992,PC-3885,2011-04-07 22:35:00,22.0,login,,,,1,Suspicious login hour
DTAA/BJM0992,PC-3885,2011-04-07 22:37:00,22.0,login,,,,1,Suspicious login hour
DTAA/JCC0998,PC-1300,2011-04-07 22:50:00,22.0,login,,,,1,Suspicious login hour
DTAA/MCH0530,PC-4577,2011-04-07 23:21:00,23.0,login,,,,1,Suspicious login hour
DTAA/MCH0530,PC-4577,2011-04-07 23:36:00,23.0,login,,,,1,Suspicious login hour
DTAA/ELD1000,PC-0280,2011-04-07 23:41:00,23.0,login,,,,1,Suspicious login hour
DTAA/JTT0989,PC-2555,2011-04-07 23:43:00,23.0,login,,,,1,Suspicious login hour
DTAA/IRC0991,PC-2785,2011-04-07 23:52:00,23.0,login,,,,1,Suspicious login hour
DTAA/IRC0991,PC-2785,2011-04-08 00:01:00,0.0,login,,,,1,Suspicious login hour
DTAA/ELD1000,PC-0280,2011-04-08 00:03:00,0.0,login,,,,1,Suspicious login hour
DTAA/JTT0989,PC-2555,2011-04-08 00:08:00,0.0,login,,,,1,Suspicious login hour
DTAA/COS0121,PC-0462,2011-04-08 00:14:00,0.0,login,,,,1,Suspicious login hour
DTAA/CLB0995,PC-2454,2011-04-08 00:34:00,0.0,login,,,,1,Suspicious login hour
DTAA/CLB0995,PC-2454,2011-04-08 00:39:00,0.0,login,,,,1,Suspicious login hour
DTAA/DSM0990,PC-2188,2011-04-08 00:41:00,0.0,login,,,,1,Suspicious login hour
DTAA/ELD1000,PC-2236,2011-04-08 00:51:00,0.0,login,,,,1,Suspicious login hour
DTAA/BJM0992,PC-0632,2011-04-08 00:59:00,0.0,login,,,,1,Suspicious login hour
DTAA/CGM0994,PC-1655,2011-04-08 00:59:00,0.0,login,,,,1,Suspicious login hour
DTAA/GKC0919,PC-3647,2011-04-08 01:04:00,1.0,login,,,,1,Suspicious login hour
DTAA/DSM0990,PC-2188,2011-04-08 01:08:00,1.0,login,,,,1,Suspicious login hour
DTAA/CGM0994,PC-1589,2011-04-08 01:14:00,1.0,login,,,,1,Suspicious login hour
DTAA/BJM0992,PC-3866,2011-04-08 01:17:00,1.0,login,,,,1,Suspicious login hour
DTAA/BJM0992,PC-0632,2011-04-08 01:24:00,1.0,login,,,,1,Suspicious login hour
DTAA/ELD1000,PC-2236,2011-04-08 01:34:00,1.0,login,,,,1,Suspicious login hour
DTAA/CGM0994,PC-1655,2011-04-08 01:41:00,1.0,login,,,,1,Suspicious login hour
DTAA/BJM0992,PC-3866,2011-04-08 01:47:00,1.0,login,,,,1,Suspicious login hour
DTAA/CGM0994,PC-1589,2011-04-08 01:58:00,1.0,login,,,,1,Suspicious login hour
DTAA/CLN0999,PC-1179,2011-04-08 01:59:00,1.0,login,,,,1,Suspicious login hour
DTAA/CLN0999,PC-1179,2011-04-08 02:12:00,2.0,login,,,,1,Suspicious login hour
DTAA/CTF0687,PC-2959,2011-04-08 03:37:00,3.0,login,,,,1,Suspicious login hour
DTAA/BJM0992,PC-4881,2011-04-08 03:41:00,3.0,login,,,,1,Suspicious login hour
DTAA/ELD1000,PC-3251,2011-04-08 04:06:00,4.0,login,,,,1,Suspicious login hour
DTAA/PMB0702,PC-1792,2011-04-08 04:08:00,4.0,login,,,,1,Suspicious login hour
DTAA/CLN0999,PC-2722,2011-04-08 04:17:00,4.0,login,,,,1,Suspicious login hour
DTAA/BJM0992,PC-4881,2011-04-08 04:18:00,4.0,login,,,,1,Suspicious login hour
DTAA/ELD1000,PC-3251,2011-04-08 04:22:00,4.0,login,,,,1,Suspicious login hour
DTAA/CRC0996,PC-2809,2011-04-08 04:28:00,4.0,login,,,,1,Suspicious login hour
DTAA/CLN0999,PC-2722,2011-04-08 04:30:00,4.0,login,,,,1,Suspicious login hour
DTAA/CRC0996,PC-2809,2011-04-08 04:42:00,4.0,login,,,,1,Suspicious login hour
DTAA/BJM0992,PC-4866,2011-04-08 04:52:00,4.0,login,,,,1,Suspicious login hour
DTAA/CLB0995,PC-1214,2011-04-08 05:26:00,5.0,login,,,,1,Suspicious login hour
DTAA/PMB0702,PC-1792,2011-04-08 05:27:00,5.0,login,,,,1,Suspicious login hour
DTAA/BJM0992,PC-4866,2011-04-08 05:33:00,5.0,login,,,,1,Suspicious login hour
DTAA/CLB0995,PC-1214,2011-04-08 05:54:00,5.0,login,,,,1,Suspicious login hour
DTAA/ODW0839,PC-1940,2011-04-08 21:03:00,21.0,login,,,,1,Suspicious login hour
DTAA/ARC0677,PC-0465,2011-04-08 21:09:00,21.0,login,,,,1,Suspicious login hour
DTAA/ELD1000,PC-1575,2011-04-08 21:12:00,21.0,login,,,,1,Suspicious login hour
DTAA/ARS0993,PC-2598,2011-04-08 21:18:00,21.0,login,,,,1,Suspicious login hour
DTAA/VAH0262,PC-1398,2011-04-08 21:24:00,21.0,login,,,,1,Suspicious login hour
DTAA/CLB0995,PC-3983,2011-04-08 21:24:00,21.0,login,,,,1,Suspicious login hour
DTAA/SKL0881,PC-1581,2011-04-08 21:24:00,21.0,login,,,,1,Suspicious login hour
DTAA/CLB0995,PC-3983,2011-04-08 21:32:00,21.0,login,,,,1,Suspicious login hour
DTAA/ELD1000,PC-1575,2011-04-08 21:34:00,21.0,login,,,,1,Suspicious login hour
DTAA/NDS0490,PC-2549,2011-04-08 21:37:00,21.0,login,,,,1,Suspicious login hour
DTAA/AKS0283,PC-3049,2011-04-08 21:44:00,21.0,login,,,,1,Suspicious login hour
DTAA/JCC0998,PC-0991,2011-04-08 21:55:00,21.0,login,,,,1,Suspicious login hour
DTAA/ARS0993,PC-4658,2011-04-08 22:03:00,22.0,login,,,,1,Suspicious login hour
DTAA/CLB0995,PC-1057,2011-04-08 22:05:00,22.0,login,,,,1,Suspicious login hour
DTAA/KEE0997,PC-2173,2011-04-08 22:07:00,22.0,login,,,,1,Suspicious login hour
DTAA/JCC0998,PC-0991,2011-04-08 22:11:00,22.0,login,,,,1,Suspicious login hour
DTAA/CLB0995,PC-1057,2011-04-08 22:14:00,22.0,login,,,,1,Suspicious login hour
DTAA/KEE0997,PC-2173,2011-04-08 22:14:00,22.0,login,,,,1,Suspicious login hour
DTAA/ARS0993,PC-4658,2011-04-08 22:42:00,22.0,login,,,,1,Suspicious login hour
DTAA/BJM0992,PC-4842,2011-04-08 23:15:00,23.0,login,,,,1,Suspicious login hour
DTAA/JCC0998,PC-3615,2011-04-08 23:31:00,23.0,login,,,,1,Suspicious login hour
DTAA/ELD1000,PC-0221,2011-04-08 23:43:00,23.0,login,,,,1,Suspicious login hour
DTAA/BJM0992,PC-4842,2011-04-08 23:50:00,23.0,login,,,,1,Suspicious login hour
DTAA/JCC0998,PC-3615,2011-04-09 00:07:00,0.0,login,,,,1,Suspicious login hour
DTAA/ELD1000,PC-0221,2011-04-09 00:09:00,0.0,login,,,,1,Suspicious login hour
DTAA/CHA0174,PC-2751,2011-04-09 00:18:00,0.0,login,,,,1,Suspicious login hour
DTAA/SAP0304,PC-1331,2011-04-09 00:21:00,0.0,login,,,,1,Suspicious login hour
DTAA/RAH0968,PC-3119,2011-04-09 00:32:00,0.0,login,,,,1,Suspicious login hour
DTAA/AKS0283,PC-3049,2011-04-09 00:37:00,0.0,login,,,,1,Suspicious login hour
DTAA/BIR0534,PC-1834,2011-04-09 01:30:00,1.0,login,,,,1,Suspicious login hour
DTAA/CHA0174,PC-2751,2011-04-09 03:43:00,3.0,login,,,,1,Suspicious login hour
DTAA/RAH0968,PC-3119,2011-04-09 04:03:00,4.0,login,,,,1,Suspicious login hour
DTAA/BIR0534,PC-1834,2011-04-09 04:09:00,4.0,login,,,,1,Suspicious login hour
DTAA/KAD0059,PC-4031,2011-04-09 04:26:00,4.0,login,,,,1,Suspicious login hour
DTAA/KAD0059,PC-4031,2011-04-09 05:12:00,5.0,login,,,,1,Suspicious login hour
DTAA/ARS0993,PC-1294,2011-04-11 00:19:00,0.0,login,,,,1,Suspicious login hour
DTAA/ARS0993,PC-1294,2011-04-11 00:48:00,0.0,login,,,,1,Suspicious login hour
DTAA/CLB0995,PC-3647,2011-04-11 00:58:00,0.0,login,,,,1,Suspicious login hour
DTAA/CLB0995,PC-3647,2011-04-11 01:39:00,1.0,login,,,,1,Suspicious login hour
DTAA/JCC0998,PC-4744,2011-04-11 01:52:00,1.0,login,,,,1,Suspicious login hour
DTAA/CGM0994,PC-4573,2011-04-11 01:52:00,1.0,login,,,,1,Suspicious login hour
DTAA/CGM0994,PC-4573,2011-04-11 02:12:00,2.0,login,,,,1,Suspicious login hour
DTAA/JCC0998,PC-4744,2011-04-11 02:22:00,2.0,login,,,,1,Suspicious login hour
DTAA/BJM0992,PC-2723,2011-04-11 02:25:00,2.0,login,,,,1,Suspicious login hour
DTAA/BJM0992,PC-0003,2011-04-11 02:45:00,2.0,login,,,,1,Suspicious login hour
DTAA/BJM0992,PC-2723,2011-04-11 02:46:00,2.0,login,,,,1,Suspicious login hour
DTAA/ARS0993,PC-4650,2011-04-11 02:49:00,2.0,login,,,,1,Suspicious login hour
DTAA/ARS0993,PC-4650,2011-04-11 02:59:00,2.0,login,,,,1,Suspicious login hour
DTAA/BJM0992,PC-0003,2011-04-11 03:03:00,3.0,login,,,,1,Suspicious login hour
DTAA/BJM0992,PC-1469,2011-04-11 03:26:00,3.0,login,,,,1,Suspicious login hour
DTAA/CLN0999,PC-0019,2011-04-11 03:27:00,3.0,login,,,,1,Suspicious login hour
DTAA/CRC0996,PC-1441,2011-04-11 03:29:00,3.0,login,,,,1,Suspicious login hour
DTAA/CLN0999,PC-0019,2011-04-11 03:38:00,3.0,login,,,,1,Suspicious login hour
DTAA/CRC0996,PC-1441,2011-04-11 04:02:00,4.0,login,,,,1,Suspicious login hour
DTAA/BJM0992,PC-1469,2011-04-11 04:04:00,4.0,login,,,,1,Suspicious login hour
DTAA/JCC0998,PC-0565,2011-04-11 04:16:00,4.0,login,,,,1,Suspicious login hour
DTAA/CRC0996,PC-3270,2011-04-11 04:40:00,4.0,login,,,,1,Suspicious login hour
DTAA/CRC0996,PC-3270,2011-04-11 04:44:00,4.0,login,,,,1,Suspicious login hour
DTAA/JCC0998,PC-0565,2011-04-11 04:49:00,4.0,login,,,,1,Suspicious login hour
DTAA/BJM0992,PC-2544,2011-04-11 04:57:00,4.0,login,,,,1,Suspicious login hour
DTAA/DSM0990,PC-0542,2011-04-11 05:08:00,5.0,login,,,,1,Suspicious login hour
DTAA/ELD1000,PC-2753,2011-04-11 05:22:00,5.0,login,,,,1,Suspicious login hour
DTAA/JTT0989,PC-0652,2011-04-11 05:32:00,5.0,login,,,,1,Suspicious login hour
DTAA/DSM0990,PC-0542,2011-04-11 05:32:00,5.0,login,,,,1,Suspicious login hour
DTAA/ELD1000,PC-2753,2011-04-11 05:33:00,5.0,login,,,,1,Suspicious login hour
DTAA/JTT0989,PC-0652,2011-04-11 05:37:00,5.0,login,,,,1,Suspicious login hour
DTAA/BJM0992,PC-2544,2011-04-11 05:39:00,5.0,login,,,,1,Suspicious login hour
DTAA/IRC0991,PC-2395,2011-04-11 05:47:00,5.0,login,,,,1,Suspicious login hour
DTAA/ELD1000,PC-1834,2011-04-11 21:00:00,21.0,login,,,,1,Suspicious login hour
DTAA/ARC0677,PC-0465,2011-04-11 21:07:00,21.0,login,,,,1,Suspicious login hour
DTAA/BJM0992,PC-1401,2011-04-11 21:09:00,21.0,login,,,,1,Suspicious login hour
DTAA/VAH0262,PC-1398,2011-04-11 21:16:00,21.0,login,,,,1,Suspicious login hour
DTAA/SKL0881,PC-1581,2011-04-11 21:17:00,21.0,login,,,,1,Suspicious login hour
DTAA/BJM0992,PC-1401,2011-04-11 21:18:00,21.0,login,,,,1,Suspicious login hour
DTAA/ELD1000,PC-3879,2011-04-11 21:20:00,21.0,login,,,,1,Suspicious login hour
DTAA/ELD1000,PC-3879,2011-04-11 21:23:00,21.0,login,,,,1,Suspicious login hour
DTAA/NDS0490,PC-2549,2011-04-11 21:39:00,21.0,login,,,,1,Suspicious login hour
DTAA/JMM0759,PC-3490,2011-04-11 22:44:00,22.0,login,,,,1,Suspicious login hour
DTAA/CLB0995,PC-3021,2011-04-11 22:45:00,22.0,login,,,,1,Suspicious login hour
DTAA/BJM0992,PC-0338,2011-04-11 22:53:00,22.0,login,,,,1,Suspicious login hour
DTAA/DSM0990,PC-3052,2011-04-11 23:01:00,23.0,login,,,,1,Suspicious login hour
DTAA/CGM0994,PC-4467,2011-04-11 23:09:00,23.0,login,,,,1,Suspicious login hour
DTAA/DSM0990,PC-0266,2011-04-11 23:10:00,23.0,login,,,,1,Suspicious login hour
DTAA/JCC0998,PC-3240,2011-04-11 23:11:00,23.0,login,,,,1,Suspicious login hour
DTAA/DSM0990,PC-3882,2011-04-11 23:12:00,23.0,login,,,,1,Suspicious login hour
DTAA/DSM0990,PC-3882,2011-04-11 23:16:00,23.0,login,,,,1,Suspicious login hour
DTAA/CLB0995,PC-3021,2011-04-11 23:28:00,23.0,login,,,,1,Suspicious login hour
DTAA/BJM0992,PC-0338,2011-04-11 23:28:00,23.0,login,,,,1,Suspicious login hour
DTAA/CRC0996,PC-4135,2011-04-11 23:30:00,23.0,login,,,,1,Suspicious login hour
DTAA/DSM0990,PC-0266,2011-04-11 23:31:00,23.0,login,,,,1,Suspicious login hour
DTAA/DSM0990,PC-3052,2011-04-11 23:32:00,23.0,login,,,,1,Suspicious login hour
DTAA/KEE0997,PC-0299,2011-04-11 23:33:00,23.0,login,,,,1,Suspicious login hour
DTAA/CGM0994,PC-4467,2011-04-11 23:34:00,23.0,login,,,,1,Suspicious login hour
DTAA/KEE0997,PC-0299,2011-04-11 23:36:00,23.0,login,,,,1,Suspicious login hour
DTAA/JCC0998,PC-3240,2011-04-11 23:49:00,23.0,login,,,,1,Suspicious login hour
DTAA/CRC0996,PC-4135,2011-04-12 00:05:00,0.0,login,,,,1,Suspicious login hour
DTAA/BJM0992,PC-4474,2011-04-12 00:06:00,0.0,login,,,,1,Suspicious login hour
DTAA/CLN0999,PC-4337,2011-04-12 00:09:00,0.0,login,,,,1,Suspicious login hour
DTAA/CLN0999,PC-4337,2011-04-12 00:10:00,0.0,login,,,,1,Suspicious login hour
DTAA/CGM0994,PC-3996,2011-04-12 00:11:00,0.0,login,,,,1,Suspicious login hour
DTAA/CGM0994,PC-3996,2011-04-12 00:27:00,0.0,login,,,,1,Suspicious login hour
DTAA/DIS0382,PC-2501,2011-04-12 00:33:00,0.0,login,,,,1,Suspicious login hour
DTAA/BJM0992,PC-4474,2011-04-12 00:46:00,0.0,login,,,,1,Suspicious login hour
DTAA/CLB0995,PC-4002,2011-04-12 00:47:00,0.0,login,,,,1,Suspicious login hour
DTAA/JCC0998,PC-4132,2011-04-12 00:50:00,0.0,login,,,,1,Suspicious login hour
DTAA/CLN0999,PC-3910,2011-04-12 00:53:00,0.0,login,,,,1,Suspicious login hour
DTAA/JMM0759,PC-3490,2011-04-12 01:10:00,1.0,login,,,,1,Suspicious login hour
DTAA/CLN0999,PC-3910,2011-04-12 01:13:00,1.0,login,,,,1,Suspicious login hour
DTAA/CLB0995,PC-4002,2011-04-12 01:16:00,1.0,login,,,,1,Suspicious login hour
DTAA/ELD1000,PC-4184,2011-04-12 01:22:00,1.0,login,,,,1,Suspicious login hour
DTAA/JCC0998,PC-4132,2011-04-12 01:24:00,1.0,login,,,,1,Suspicious login hour
DTAA/KEE0997,PC-4678,2011-04-12 01:39:00,1.0,login,,,,1,Suspicious login hour
DTAA/ELD1000,PC-4184,2011-04-12 01:41:00,1.0,login,,,,1,Suspicious login hour
DTAA/ARS0993,PC-3896,2011-04-12 01:56:00,1.0,login,,,,1,Suspicious login hour
DTAA/JCS0873,PC-1560,2011-04-12 02:02:00,2.0,login,,,,1,Suspicious login hour
DTAA/KEE0997,PC-4678,2011-04-12 02:10:00,2.0,login,,,,1,Suspicious login hour
DTAA/KEE0997,PC-0191,2011-04-12 02:19:00,2.0,login,,,,1,Suspicious login hour
DTAA/CLN0999,PC-2929,2011-04-12 02:20:00,2.0,login,,,,1,Suspicious login hour
DTAA/DSM0990,PC-2436,2011-04-12 02:25:00,2.0,login,,,,1,Suspicious login hour
DTAA/ARS0993,PC-3896,2011-04-12 02:29:00,2.0,login,,,,1,Suspicious login hour
DTAA/KEE0997,PC-0191,2011-04-12 02:31:00,2.0,login,,,,1,Suspicious login hour
DTAA/CLB0995,PC-3645,2011-04-12 02:35:00,2.0,login,,,,1,Suspicious login hour
DTAA/KEE0997,PC-3668,2011-04-12 02:35:00,2.0,login,,,,1,Suspicious login hour
DTAA/VNM0127,PC-3456,2011-04-12 02:37:00,2.0,login,,,,1,Suspicious login hour
DTAA/KEE0997,PC-4525,2011-04-12 02:45:00,2.0,login,,,,1,Suspicious login hour
DTAA/CLN0999,PC-2929,2011-04-12 02:53:00,2.0,login,,,,1,Suspicious login hour
DTAA/CLN0999,PC-1226,2011-04-12 02:54:00,2.0,login,,,,1,Suspicious login hour
DTAA/CLB0995,PC-3645,2011-04-12 02:56:00,2.0,login,,,,1,Suspicious login hour
DTAA/KEE0997,PC-4872,2011-04-12 02:58:00,2.0,login,,,,1,Suspicious login hour
DTAA/KEE0997,PC-4872,2011-04-12 03:05:00,3.0,login,,,,1,Suspicious login hour
DTAA/DSM0990,PC-2436,2011-04-12 03:07:00,3.0,login,,,,1,Suspicious login hour
DTAA/MQL0135,PC-4656,2011-04-12 03:10:00,3.0,login,,,,1,Suspicious login hour
DTAA/KEE0997,PC-3668,2011-04-12 03:12:00,3.0,login,,,,1,Suspicious login hour
DTAA/KEE0997,PC-4525,2011-04-12 03:19:00,3.0,login,,,,1,Suspicious login hour
DTAA/CLN0999,PC-1226,2011-04-12 03:32:00,3.0,login,,,,1,Suspicious login hour
DTAA/CLN0999,PC-3136,2011-04-12 03:34:00,3.0,login,,,,1,Suspicious login hour
DTAA/ARS0993,PC-3675,2011-04-12 03:44:00,3.0,login,,,,1,Suspicious login hour
DTAA/DIS0382,PC-2501,2011-04-12 03:47:00,3.0,login,,,,1,Suspicious login hour
DTAA/CLB0995,PC-4052,2011-04-12 03:47:00,3.0,login,,,,1,Suspicious login hour
DTAA/CLB0995,PC-4052,2011-04-12 03:56:00,3.0,login,,,,1,Suspicious login hour
DTAA/CRC0996,PC-1005,2011-04-12 04:02:00,4.0,login,,,,1,Suspicious login hour
DTAA/ARS0993,PC-3675,2011-04-12 04:02:00,4.0,login,,,,1,Suspicious login hour
DTAA/CLN0999,PC-3136,2011-04-12 04:02:00,4.0,login,,,,1,Suspicious login hour
DTAA/CRC0996,PC-1005,2011-04-12 04:04:00,4.0,login,,,,1,Suspicious login hour
DTAA/ELD1000,PC-0323,2011-04-12 04:10:00,4.0,login,,,,1,Suspicious login hour
DTAA/CLB0995,PC-2359,2011-04-12 04:10:00,4.0,login,,,,1,Suspicious login hour
DTAA/CLB0995,PC-2359,2011-04-12 04:19:00,4.0,login,,,,1,Suspicious login hour
DTAA/NDS0490,PC-2549,2011-04-12 04:21:00,4.0,login,,,,1,Suspicious login hour
DTAA/MJM0228,PC-2127,2011-04-12 04:38:00,4.0,login,,,,1,Suspicious login hour
DTAA/HAG0649,PC-1350,2011-04-12 04:39:00,4.0,login,,,,1,Suspicious login hour
DTAA/ELD1000,PC-0323,2011-04-12 04:54:00,4.0,login,,,,1,Suspicious login hour
DTAA/JCS0873,PC-1560,2011-04-12 04:59:00,4.0,login,,,,1,Suspicious login hour
DTAA/HAG0649,PC-1350,2011-04-12 05:06:00,5.0,login,,,,1,Suspicious login hour
DTAA/DSM0990,PC-1782,2011-04-12 05:12:00,5.0,login,,,,1,Suspicious login hour
DTAA/KEE0997,PC-0256,2011-04-12 05:16:00,5.0,login,,,,1,Suspicious login hour
DTAA/DSM0990,PC-1782,2011-04-12 05:17:00,5.0,login,,,,1,Suspicious login hour
DTAA/KEE0997,PC-0256,2011-04-12 05:23:00,5.0,login,,,,1,Suspicious login hour
DTAA/DSM0990,PC-2316,2011-04-12 05:23:00,5.0,login,,,,1,Suspicious login hour
DTAA/ARC0677,PC-0465,2011-04-12 21:04:00,21.0,login,,,,1,Suspicious login hour
DTAA/KEE0997,PC-0906,2011-04-12 21:05:00,21.0,login,,,,1,Suspicious login hour
DTAA/ODW0839,PC-1940,2011-04-12 21:05:00,21.0,login,,,,1,Suspicious login hour
DTAA/VAH0262,PC-1398,2011-04-12 21:12:00,21.0,login,,,,1,Suspicious login hour
DTAA/SKL0881,PC-1581,2011-04-12 21:15:00,21.0,login,,,,1,Suspicious login hour
DTAA/DSM0990,PC-0826,2011-04-12 21:20:00,21.0,login,,,,1,Suspicious login hour
DTAA/DSM0990,PC-0826,2011-04-12 21:24:00,21.0,login,,,,1,Suspicious login hour
DTAA/IRC0991,PC-2534,2011-04-12 21:27:00,21.0,login,,,,1,Suspicious login hour
DTAA/BJM0992,PC-1946,2011-04-12 21:31:00,21.0,login,,,,1,Suspicious login hour
DTAA/ARS0993,PC-0410,2011-04-12 21:31:00,21.0,login,,,,1,Suspicious login hour
DTAA/NDS0490,PC-2549,2011-04-12 21:33:00,21.0,login,,,,1,Suspicious login hour
DTAA/BJM0992,PC-1946,2011-04-12 21:51:00,21.0,login,,,,1,Suspicious login hour
DTAA/CGM0994,PC-1434,2011-04-12 21:56:00,21.0,login,,,,1,Suspicious login hour
DTAA/IRC0991,PC-2534,2011-04-12 22:03:00,22.0,login,,,,1,Suspicious login hour
DTAA/ARS0993,PC-0410,2011-04-12 22:04:00,22.0,login,,,,1,Suspicious login hour
DTAA/CGM0994,PC-1434,2011-04-12 22:16:00,22.0,login,,,,1,Suspicious login hour
DTAA/COS0121,PC-0462,2011-04-12 22:38:00,22.0,login,,,,1,Suspicious login hour
DTAA/BJM0992,PC-4079,2011-04-12 22:49:00,22.0,login,,,,1,Suspicious login hour
DTAA/BJM0992,PC-4079,2011-04-12 22:59:00,22.0,login,,,,1,Suspicious login hour
DTAA/JCC0998,PC-0028,2011-04-12 23:48:00,23.0,login,,,,1,Suspicious login hour
DTAA/JTT0989,PC-0196,2011-05-02 00:41:00,0.0,login,,,,1,Suspicious login hour
DTAA/JTT0989,PC-4573,2011-05-02 00:42:00,0.0,login,,,,1,Suspicious login hour
DTAA/IRC0991,PC-0231,2011-05-02 00:59:00,0.0,login,,,,1,Suspicious login hour
DTAA/JTT0989,PC-0196,2011-05-02 01:02:00,1.0,login,,,,1,Suspicious login hour
DTAA/IRC0991,PC-4872,2011-05-02 01:09:00,1.0,login,,,,1,Suspicious login hour
DTAA/JTT0989,PC-4573,2011-05-02 01:12:00,1.0,login,,,,1,Suspicious login hour
DTAA/IRC0991,PC-0231,2011-05-02 01:32:00,1.0,login,,,,1,Suspicious login hour
DTAA/IRC0991,PC-4872,2011-05-02 01:43:00,1.0,login,,,,1,Suspicious login hour
DTAA/IRC0991,PC-3117,2011-05-02 02:40:00,2.0,login,,,,1,Suspicious login hour
DTAA/IRC0991,PC-3117,2011-05-02 02:57:00,2.0,login,,,,1,Suspicious login hour
DTAA/CRC0996,PC-4639,2011-05-02 03:32:00,3.0,login,,,,1,Suspicious login hour
DTAA/CLB0995,PC-0026,2011-05-02 03:42:00,3.0,login,,,,1,Suspicious login hour
DTAA/CLB0995,PC-0026,2011-05-02 03:51:00,3.0,login,,,,1,Suspicious login hour
DTAA/JTT0989,PC-1158,2011-05-02 03:56:00,3.0,login,,,,1,Suspicious login hour
DTAA/CRC0996,PC-4639,2011-05-02 03:57:00,3.0,login,,,,1,Suspicious login hour
DTAA/JTT0989,PC-1158,2011-05-02 04:25:00,4.0,login,,,,1,Suspicious login hour
DTAA/CRC0996,PC-0030,2011-05-02 04:29:00,4.0,login,,,,1,Suspicious login hour
DTAA/CRC0996,PC-0030,2011-05-02 04:58:00,4.0,login,,,,1,Suspicious login hour
DTAA/CRC0996,PC-1763,2011-05-02 05:00:00,5.0,login,,,,1,Suspicious login hour
DTAA/CRC0996,PC-1763,2011-05-02 05:18:00,5.0,login,,,,1,Suspicious login hour
DTAA/JTT0989,PC-1294,2011-05-02 05:36:00,5.0,login,,,,1,Suspicious login hour
DTAA/JTT0989,PC-1294,2011-05-02 05:44:00,5.0,login,,,,1,Suspicious login hour
DTAA/DIS0382,PC-2501,2011-05-02 21:06:00,21.0,login,,,,1,Suspicious login hour
DTAA/ODW0839,PC-1940,2011-05-02 21:09:00,21.0,login,,,,1,Suspicious login hour
DTAA/SKL0881,PC-1581,2011-05-02 21:11:00,21.0,login,,,,1,Suspicious login hour
DTAA/VAH0262,PC-1398,2011-05-02 21:12:00,21.0,login,,,,1,Suspicious login hour
DTAA/DIS0382,PC-2501,2011-05-02 21:18:00,21.0,login,,,,1,Suspicious login hour
DTAA/IRC0991,PC-0542,2011-05-02 21:33:00,21.0,login,,,,1,Suspicious login hour
DTAA/NDS0490,PC-2549,2011-05-02 21:33:00,21.0,login,,,,1,Suspicious login hour
DTAA/CLB0995,PC-1669,2011-05-02 21:35:00,21.0,login,,,,1,Suspicious login hour
DTAA/CLB0995,PC-1669,2011-05-02 21:47:00,21.0,login,,,,1,Suspicious login hour
DTAA/JAH0544,PC-4081,2011-05-02 22:08:00,22.0,login,,,,1,Suspicious login hour
DTAA/ELD1000,PC-0019,2011-05-02 22:10:00,22.0,login,,,,1,Suspicious login hour
DTAA/JCC0998,PC-3822,2011-05-02 22:35:00,22.0,login,,,,1,Suspicious login hour
DTAA/JCC0998,PC-3822,2011-05-02 22:37:00,22.0,login,,,,1,Suspicious login hour
DTAA/ELD1000,PC-0019,2011-05-02 22:38:00,22.0,login,,,,1,Suspicious login hour
DTAA/DSM0990,PC-4928,2011-05-02 22:44:00,22.0,login,,,,1,Suspicious login hour
DTAA/NDM0893,PC-0322,2011-05-02 23:10:00,23.0,login,,,,1,Suspicious login hour
DTAA/DSM0990,PC-3310,2011-05-02 23:13:00,23.0,login,,,,1,Suspicious login hour
DTAA/JTT0989,PC-1401,2011-05-02 23:21:00,23.0,login,,,,1,Suspicious login hour
DTAA/ARS0993,PC-0002,2011-05-02 23:21:00,23.0,login,,,,1,Suspicious login hour
DTAA/ARS0993,PC-0002,2011-05-02 23:28:00,23.0,login,,,,1,Suspicious login hour
DTAA/DSM0990,PC-4928,2011-05-02 23:28:00,23.0,login,,,,1,Suspicious login hour
DTAA/ARS0993,PC-3289,2011-05-02 23:30:00,23.0,login,,,,1,Suspicious login hour
DTAA/JTT0989,PC-1401,2011-05-02 23:42:00,23.0,login,,,,1,Suspicious login hour
DTAA/CLB0995,PC-2202,2011-05-02 23:48:00,23.0,login,,,,1,Suspicious login hour
DTAA/DSM0990,PC-3310,2011-05-02 23:48:00,23.0,login,,,,1,Suspicious login hour
DTAA/ARS0993,PC-3289,2011-05-02 23:51:00,23.0,login,,,,1,Suspicious login hour
DTAA/JCC0998,PC-2888,2011-05-03 00:04:00,0.0,login,,,,1,Suspicious login hour
DTAA/DSM0990,PC-2242,2011-05-03 00:15:00,0.0,login,,,,1,Suspicious login hour
DTAA/MCH0530,PC-4577,2011-05-03 00:23:00,0.0,login,,,,1,Suspicious login hour
DTAA/ELD1000,PC-4079,2011-05-03 00:26:00,0.0,login,,,,1,Suspicious login hour
DTAA/JCC0998,PC-2888,2011-05-03 00:27:00,0.0,login,,,,1,Suspicious login hour
DTAA/CLB0995,PC-2202,2011-05-03 00:30:00,0.0,login,,,,1,Suspicious login hour
DTAA/KEE0997,PC-2549,2011-05-03 00:42:00,0.0,login,,,,1,Suspicious login hour
DTAA/KEE0997,PC-2549,2011-05-03 00:45:00,0.0,login,,,,1,Suspicious login hour
DTAA/DSM0990,PC-2242,2011-05-03 00:45:00,0.0,login,,,,1,Suspicious login hour
DTAA/MCH0530,PC-4577,2011-05-03 00:46:00,0.0,login,,,,1,Suspicious login hour
DTAA/IRC0991,PC-3896,2011-05-03 00:47:00,0.0,login,,,,1,Suspicious login hour
DTAA/IRC0991,PC-3896,2011-05-03 00:53:00,0.0,login,,,,1,Suspicious login hour
DTAA/JAH0544,PC-4081,2011-05-03 00:53:00,0.0,login,,,,1,Suspicious login hour
DTAA/IRC0991,PC-4228,2011-05-03 00:59:00,0.0,login,,,,1,Suspicious login hour
DTAA/AGW0182,PC-4531,2011-05-03 01:00:00,1.0,login,,,,1,Suspicious login hour
DTAA/ELD1000,PC-4079,2011-05-03 01:03:00,1.0,login,,,,1,Suspicious login hour
DTAA/IRC0991,PC-4228,2011-05-03 01:22:00,1.0,login,,,,1,Suspicious login hour
DTAA/AGW0182,PC-4531,2011-05-03 01:26:00,1.0,login,,,,1,Suspicious login hour
DTAA/BJM0992,PC-0212,2011-05-03 01:39:00,1.0,login,,,,1,Suspicious login hour
DTAA/BJM0992,PC-0212,2011-05-03 01:51:00,1.0,login,,,,1,Suspicious login hour
DTAA/JCC0998,PC-0768,2011-05-03 02:54:00,2.0,login,,,,1,Suspicious login hour
DTAA/NDS0490,PC-2549,2011-05-03 03:03:00,3.0,login,,,,1,Suspicious login hour
DTAA/NHL0253,PC-3339,2011-05-03 03:12:00,3.0,login,,,,1,Suspicious login hour
DTAA/CLB0995,PC-0184,2011-05-03 03:18:00,3.0,login,,,,1,Suspicious login hour
DTAA/DSM0990,PC-4132,2011-05-03 03:24:00,3.0,login,,,,1,Suspicious login hour
DTAA/CLB0995,PC-0184,2011-05-03 03:27:00,3.0,login,,,,1,Suspicious login hour
DTAA/JCC0998,PC-0768,2011-05-03 03:35:00,3.0,login,,,,1,Suspicious login hour
DTAA/NDS0490,PC-2549,2011-05-03 03:43:00,3.0,login,,,,1,Suspicious login hour
DTAA/ELD1000,PC-2757,2011-05-03 03:50:00,3.0,login,,,,1,Suspicious login hour
DTAA/DSM0990,PC-4132,2011-05-03 03:57:00,3.0,login,,,,1,Suspicious login hour
DTAA/PJL0320,PC-1233,2011-05-03 04:07:00,4.0,login,,,,1,Suspicious login hour
DTAA/ELD1000,PC-2757,2011-05-03 04:11:00,4.0,login,,,,1,Suspicious login hour
DTAA/CLB0995,PC-0256,2011-05-03 04:23:00,4.0,login,,,,1,Suspicious login hour
DTAA/CLB0995,PC-0256,2011-05-03 04:25:00,4.0,login,,,,1,Suspicious login hour
DTAA/DSH0627,PC-2474,2011-05-03 04:34:00,4.0,login,,,,1,Suspicious login hour
DTAA/CGM0994,PC-4002,2011-05-03 04:45:00,4.0,login,,,,1,Suspicious login hour
DTAA/CGM0994,PC-4002,2011-05-03 04:47:00,4.0,login,,,,1,Suspicious login hour
DTAA/BJM0992,PC-3784,2011-05-03 04:53:00,4.0,login,,,,1,Suspicious login hour
DTAA/DDK0417,PC-0980,2011-05-03 05:01:00,5.0,login,,,,1,Suspicious login hour
DTAA/CGM0994,PC-2222,2011-05-03 05:01:00,5.0,login,,,,1,Suspicious login hour
DTAA/CGM0994,PC-2222,2011-05-03 05:09:00,5.0,login,,,,1,Suspicious login hour
DTAA/JCC0998,PC-2407,2011-05-03 05:21:00,5.0,login,,,,1,Suspicious login hour
DTAA/PJL0320,PC-1233,2011-05-03 05:22:00,5.0,login,,,,1,Suspicious login hour
DTAA/BJM0992,PC-3784,2011-05-03 05:22:00,5.0,login,,,,1,Suspicious login hour
DTAA/DSH0627,PC-2474,2011-05-03 05:23:00,5.0,login,,,,1,Suspicious login hour
DTAA/NHL0253,PC-3339,2011-05-03 05:36:00,5.0,login,,,,1,Suspicious login hour
DTAA/NDM0893,PC-0322,2011-05-03 05:48:00,5.0,login,,,,1,Suspicious login hour
DTAA/KEE0997,PC-4306,2011-05-03 05:57:00,5.0,login,,,,1,Suspicious login hour
DTAA/JCC0998,PC-2407,2011-05-03 05:59:00,5.0,login,,,,1,Suspicious login hour
DTAA/VAH0262,PC-1398,2011-05-03 21:11:00,21.0,login,,,,1,Suspicious login hour
DTAA/SKL0881,PC-1581,2011-05-03 21:11:00,21.0,login,,,,1,Suspicious login hour
DTAA/CGM0994,PC-3039,2011-05-03 21:18:00,21.0,login,,,,1,Suspicious login hour
DTAA/NDS0490,PC-2549,2011-05-03 21:26:00,21.0,login,,,,1,Suspicious login hour
DTAA/ELD1000,PC-0028,2011-05-03 21:31:00,21.0,login,,,,1,Suspicious login hour
DTAA/ELD1000,PC-0028,2011-05-03 21:55:00,21.0,login,,,,1,Suspicious login hour
DTAA/CDZ0056,PC-4052,2011-05-03 22:10:00,22.0,login,,,,1,Suspicious login hour
DTAA/DSM0990,PC-1859,2011-05-03 22:30:00,22.0,login,,,,1,Suspicious login hour
DTAA/DSM0990,PC-4863,2011-05-03 22:33:00,22.0,login,,,,1,Suspicious login hour
DTAA/DSM0990,PC-1859,2011-05-03 22:48:00,22.0,login,,,,1,Suspicious login hour
DTAA/CRC0996,PC-4705,2011-05-03 23:04:00,23.0,login,,,,1,Suspicious login hour
DTAA/CMF0339,PC-1939,2011-05-03 23:07:00,23.0,login,,,,1,Suspicious login hour
DTAA/KEE0997,PC-1782,2011-05-03 23:21:00,23.0,login,,,,1,Suspicious login hour
DTAA/CRC0996,PC-4705,2011-05-03 23:29:00,23.0,login,,,,1,Suspicious login hour
DTAA/KEE0997,PC-4052,2011-05-03 23:29:00,23.0,login,,,,1,Suspicious login hour
DTAA/DSM0990,PC-4863,2011-05-03 23:33:00,23.0,login,,,,1,Suspicious login hour
DTAA/ARS0993,PC-3167,2011-05-03 23:35:00,23.0,login,,,,1,Suspicious login hour
DTAA/KEE0997,PC-1782,2011-05-03 23:41:00,23.0,login,,,,1,Suspicious login hour
DTAA/CRC0996,PC-3136,2011-05-03 23:43:00,23.0,login,,,,1,Suspicious login hour
DTAA/CRC0996,PC-3136,2011-05-03 23:55:00,23.0,login,,,,1,Suspicious login hour
DTAA/KEE0997,PC-4052,2011-05-04 00:06:00,0.0,login,,,,1,Suspicious login hour
DTAA/ARS0993,PC-3167,2011-05-04 00:13:00,0.0,login,,,,1,Suspicious login hour
DTAA/ARS0993,PC-0776,2011-05-04 00:20:00,0.0,login,,,,1,Suspicious login hour
DTAA/DSM0990,PC-0174,2011-05-04 00:35:00,0.0,login,,,,1,Suspicious login hour
DTAA/DSM0990,PC-0174,2011-05-04 00:49:00,0.0,login,,,,1,Suspicious login hour
DTAA/ARS0993,PC-0776,2011-05-04 00:57:00,0.0,login,,,,1,Suspicious login hour
DTAA/JCC0998,PC-3570,2011-05-04 01:12:00,1.0,login,,,,1,Suspicious login hour
DTAA/CRC0996,PC-1924,2011-05-04 01:13:00,1.0,login,,,,1,Suspicious login hour
DTAA/COS0121,PC-0462,2011-05-04 01:20:00,1.0,login,,,,1,Suspicious login hour
DTAA/IRC0991,PC-1139,2011-05-04 01:25:00,1.0,login,,,,1,Suspicious login hour
DTAA/CRC0996,PC-4867,2011-05-04 01:27:00,1.0,login,,,,1,Suspicious login hour
DTAA/JCC0998,PC-3570,2011-05-04 01:30:00,1.0,login,,,,1,Suspicious login hour
DTAA/IRC0991,PC-1139,2011-05-04 01:31:00,1.0,login,,,,1,Suspicious login hour
DTAA/ELD1000,PC-4690,2011-05-04 01:37:00,1.0,login,,,,1,Suspicious login hour
DTAA/CGM0994,PC-0700,2011-05-04 01:44:00,1.0,login,,,,1,Suspicious login hour
DTAA/CRC0996,PC-1924,2011-05-04 01:48:00,1.0,login,,,,1,Suspicious login hour
DTAA/CGM0994,PC-0700,2011-05-04 01:50:00,1.0,login,,,,1,Suspicious login hour
DTAA/CRC0996,PC-4867,2011-05-04 01:59:00,1.0,login,,,,1,Suspicious login hour
DTAA/ELD1000,PC-2420,2011-05-04 02:02:00,2.0,login,,,,1,Suspicious login hour
DTAA/ELD1000,PC-2420,2011-05-04 02:09:00,2.0,login,,,,1,Suspicious login hour
DTAA/CLN0999,PC-3245,2011-05-04 02:09:00,2.0,login,,,,1,Suspicious login hour
DTAA/CRC0996,PC-0249,2011-05-04 02:11:00,2.0,login,,,,1,Suspicious login hour
DTAA/ELD1000,PC-4690,2011-05-04 02:18:00,2.0,login,,,,1,Suspicious login hour
DTAA/CRC0996,PC-0249,2011-05-04 02:25:00,2.0,login,,,,1,Suspicious login hour
DTAA/CRC0996,PC-0335,2011-05-04 02:26:00,2.0,login,,,,1,Suspicious login hour
DTAA/ELD1000,PC-2793,2011-05-04 02:29:00,2.0,login,,,,1,Suspicious login hour
DTAA/CLN0999,PC-3245,2011-05-04 02:39:00,2.0,login,,,,1,Suspicious login hour
DTAA/PCM0846,PC-1898,2011-05-04 02:43:00,2.0,login,,,,1,Suspicious login hour
DTAA/CRC0996,PC-0335,2011-05-04 02:48:00,2.0,login,,,,1,Suspicious login hour
DTAA/ELD1000,PC-2793,2011-05-04 02:51:00,2.0,login,,,,1,Suspicious login hour
DTAA/BJM0992,PC-1398,2011-05-04 02:57:00,2.0,login,,,,1,Suspicious login hour
DTAA/JTT0989,PC-3295,2011-05-04 02:58:00,2.0,login,,,,1,Suspicious login hour
DTAA/BJM0992,PC-1398,2011-05-04 03:17:00,3.0,login,,,,1,Suspicious login hour
DTAA/JTT0989,PC-3295,2011-05-04 03:22:00,3.0,login,,,,1,Suspicious login hour
DTAA/PUH0847,PC-2550,2011-05-04 03:23:00,3.0,login,,,,1,Suspicious login hour
DTAA/PUH0847,PC-2550,2011-05-04 03:44:00,3.0,login,,,,1,Suspicious login hour
DTAA/DSM0990,PC-2210,2011-05-04 03:46:00,3.0,login,,,,1,Suspicious login hour
DTAA/CDZ0056,PC-4052,2011-05-04 03:54:00,3.0,login,,,,1,Suspicious login hour
DTAA/DSM0990,PC-2210,2011-05-04 04:14:00,4.0,login,,,,1,Suspicious login hour
DTAA/JCC0998,PC-3363,2011-05-04 04:44:00,4.0,login,,,,1,Suspicious login hour
DTAA/JTT0989,PC-3560,2011-05-04 04:55:00,4.0,login,,,,1,Suspicious login hour
DTAA/JTT0989,PC-3560,2011-05-04 05:01:00,5.0,login,,,,1,Suspicious login hour
DTAA/ARS0993,PC-3494,2011-05-04 05:05:00,5.0,login,,,,1,Suspicious login hour
DTAA/CLB0995,PC-3548,2011-05-04 05:10:00,5.0,login,,,,1,Suspicious login hour
DTAA/JCC0998,PC-3363,2011-05-04 05:20:00,5.0,login,,,,1,Suspicious login hour
DTAA/JMM0759,PC-3490,2011-05-04 05:27:00,5.0,login,,,,1,Suspicious login hour
DTAA/CRC0996,PC-1074,2011-05-04 05:31:00,5.0,login,,,,1,Suspicious login hour
DTAA/ARS0993,PC-3494,2011-05-04 05:33:00,5.0,login,,,,1,Suspicious login hour
DTAA/CLB0995,PC-3548,2011-05-04 05:46:00,5.0,login,,,,1,Suspicious login hour
DTAA/CRC0996,PC-1074,2011-05-04 05:50:00,5.0,login,,,,1,Suspicious login hour
DTAA/CLK0383,PC-0419,2011-05-04 21:06:00,21.0,login,,,,1,Suspicious login hour
DTAA/SKL0881,PC-1581,2011-05-04 21:18:00,21.0,login,,,,1,Suspicious login hour
DTAA/VAH0262,PC-1398,2011-05-04 21:24:00,21.0,login,,,,1,Suspicious login hour
DTAA/NDS0490,PC-2549,2011-05-04 21:25:00,21.0,login,,,,1,Suspicious login hour
DTAA/BIR0534,PC-1834,2011-05-04 21:49:00,21.0,login,,,,1,Suspicious login hour
DTAA/XCB0445,PC-2710,2011-05-04 22:13:00,22.0,login,,,,1,Suspicious login hour
DTAA/CLB0995,PC-0813,2011-05-04 22:24:00,22.0,login,,,,1,Suspicious login hour
DTAA/CLB0995,PC-3916,2011-05-04 22:24:00,22.0,login,,,,1,Suspicious login hour
DTAA/CLB0995,PC-0813,2011-05-04 22:27:00,22.0,login,,,,1,Suspicious login hour
DTAA/CLN0999,PC-0925,2011-05-04 22:30:00,22.0,login,,,,1,Suspicious login hour
DTAA/CGM0994,PC-1665,2011-05-04 22:37:00,22.0,login,,,,1,Suspicious login hour
DTAA/CGM0994,PC-1730,2011-05-04 22:38:00,22.0,login,,,,1,Suspicious login hour
DTAA/CLB0995,PC-4919,2011-05-04 22:45:00,22.0,login,,,,1,Suspicious login hour
DTAA/CGM0994,PC-1665,2011-05-04 22:45:00,22.0,login,,,,1,Suspicious login hour
DTAA/ARS0993,PC-4057,2011-05-04 22:49:00,22.0,login,,,,1,Suspicious login hour
DTAA/CLB0995,PC-4919,2011-05-04 22:52:00,22.0,login,,,,1,Suspicious login hour
DTAA/CLB0995,PC-3916,2011-05-04 23:02:00,23.0,login,,,,1,Suspicious login hour
DTAA/CLN0999,PC-0925,2011-05-04 23:10:00,23.0,login,,,,1,Suspicious login hour
DTAA/CLN0999,PC-2659,2011-05-04 23:10:00,23.0,login,,,,1,Suspicious login hour
DTAA/ARS0993,PC-4057,2011-05-04 23:12:00,23.0,login,,,,1,Suspicious login hour
DTAA/CLN0999,PC-2659,2011-05-04 23:13:00,23.0,login,,,,1,Suspicious login hour
DTAA/CGM0994,PC-1730,2011-05-04 23:22:00,23.0,login,,,,1,Suspicious login hour
DTAA/TPC0102,PC-1945,2011-05-04 23:34:00,23.0,login,,,,1,Suspicious login hour
DTAA/DFZ0063,PC-4442,2011-05-04 23:39:00,23.0,login,,,,1,Suspicious login hour
DTAA/CRC0996,PC-3070,2011-05-04 23:40:00,23.0,login,,,,1,Suspicious login hour
DTAA/ELD1000,PC-3077,2011-05-04 23:54:00,23.0,login,,,,1,Suspicious login hour
DTAA/JLL0301,PC-0807,2011-05-04 23:54:00,23.0,login,,,,1,Suspicious login hour
DTAA/JCC0998,PC-2110,2011-05-04 23:58:00,23.0,login,,,,1,Suspicious login hour
DTAA/CRC0996,PC-3070,2011-05-05 00:04:00,0.0,login,,,,1,Suspicious login hour
DTAA/ELD1000,PC-3077,2011-05-05 00:13:00,0.0,login,,,,1,Suspicious login hour
DTAA/TPC0102,PC-1945,2011-05-05 00:26:00,0.0,login,,,,1,Suspicious login hour
DTAA/ELD1000,PC-3141,2011-05-05 00:30:00,0.0,login,,,,1,Suspicious login hour
DTAA/CGM0994,PC-1512,2011-05-05 00:30:00,0.0,login,,,,1,Suspicious login hour
DTAA/CGM0994,PC-4664,2011-05-05 00:31:00,0.0,login,,,,1,Suspicious login hour
DTAA/HNS0858,PC-3790,2011-05-05 00:37:00,0.0,login,,,,1,Suspicious login hour
DTAA/JCC0998,PC-2110,2011-05-05 00:39:00,0.0,login,,,,1,Suspicious login hour
DTAA/CGM0994,PC-1512,2011-05-05 00:51:00,0.0,login,,,,1,Suspicious login hour
DTAA/CGM0994,PC-4664,2011-05-05 00:56:00,0.0,login,,,,1,Suspicious login hour
DTAA/WCN0570,PC-3651,2011-05-05 01:01:00,1.0,login,,,,1,Suspicious login hour
DTAA/IRC0991,PC-2840,2011-05-05 01:02:00,1.0,login,,,,1,Suspicious login hour
DTAA/SAP0304,PC-1331,2011-05-05 01:07:00,1.0,login,,,,1,Suspicious login hour
DTAA/ELD1000,PC-3141,2011-05-05 01:10:00,1.0,login,,,,1,Suspicious login hour
DTAA/IRC0991,PC-2840,2011-05-05 01:24:00,1.0,login,,,,1,Suspicious login hour
DTAA/DSM0990,PC-1514,2011-05-05 01:35:00,1.0,login,,,,1,Suspicious login hour
DTAA/DSM0990,PC-1514,2011-05-05 02:04:00,2.0,login,,,,1,Suspicious login hour
DTAA/BJM0992,PC-1649,2011-05-05 02:24:00,2.0,login,,,,1,Suspicious login hour
DTAA/JCC0998,PC-0149,2011-05-05 02:24:00,2.0,login,,,,1,Suspicious login hour
DTAA/SAP0304,PC-1331,2011-05-05 02:31:00,2.0,login,,,,1,Suspicious login hour
DTAA/JCC0998,PC-0149,2011-05-05 02:36:00,2.0,login,,,,1,Suspicious login hour
DTAA/BJM0992,PC-1649,2011-05-05 02:53:00,2.0,login,,,,1,Suspicious login hour
DTAA/BJM0992,PC-4292,2011-05-05 03:04:00,3.0,login,,,,1,Suspicious login hour
DTAA/KEE0997,PC-4950,2011-05-05 03:08:00,3.0,login,,,,1,Suspicious login hour
DTAA/BJM0992,PC-4292,2011-05-05 03:24:00,3.0,login,,,,1,Suspicious login hour
DTAA/JGC0775,PC-2680,2011-05-05 03:26:00,3.0,login,,,,1,Suspicious login hour
DTAA/KEE0997,PC-4950,2011-05-05 03:35:00,3.0,login,,,,1,Suspicious login hour
DTAA/IKH0904,PC-3664,2011-05-05 03:49:00,3.0,login,,,,1,Suspicious login hour
DTAA/XCB0445,PC-2710,2011-05-05 03:49:00,3.0,login,,,,1,Suspicious login hour
DTAA/MVW0630,PC-2005,2011-05-05 03:50:00,3.0,login,,,,1,Suspicious login hour
DTAA/DJW0368,PC-2518,2011-05-05 03:52:00,3.0,login,,,,1,Suspicious login hour
DTAA/PKM0092,PC-0731,2011-05-05 04:23:00,4.0,login,,,,1,Suspicious login hour
DTAA/JLL0301,PC-0807,2011-05-05 04:30:00,4.0,login,,,,1,Suspicious login hour
DTAA/CLB0995,PC-2501,2011-05-05 04:37:00,4.0,login,,,,1,Suspicious login hour
DTAA/HNS0858,PC-3790,2011-05-05 04:44:00,4.0,login,,,,1,Suspicious login hour
DTAA/CLB0995,PC-2501,2011-05-05 04:46:00,4.0,login,,,,1,Suspicious login hour
DTAA/HCG0731,PC-4643,2011-05-05 04:52:00,4.0,login,,,,1,Suspicious login hour
DTAA/PKM0092,PC-0731,2011-05-05 05:10:00,5.0,login,,,,1,Suspicious login hour
DTAA/HCG0731,PC-4643,2011-05-05 05:10:00,5.0,login,,,,1,Suspicious login hour
DTAA/IKH0904,PC-3664,2011-05-05 05:21:00,5.0,login,,,,1,Suspicious login hour
DTAA/BIR0534,PC-1834,2011-05-05 05:26:00,5.0,login,,,,1,Suspicious login hour
DTAA/WCN0570,PC-3651,2011-05-05 05:31:00,5.0,login,,,,1,Suspicious login hour
DTAA/RBC0879,PC-1261,2011-05-05 05:31:00,5.0,login,,,,1,Suspicious login hour
DTAA/CGM0994,PC-4757,2011-05-05 05:53:00,5.0,login,,,,1,Suspicious login hour
DTAA/TKH0211,PC-0719,2011-05-05 21:03:00,21.0,login,,,,1,Suspicious login hour
DTAA/ARC0677,PC-0465,2011-05-05 21:07:00,21.0,login,,,,1,Suspicious login hour
DTAA/BJM0992,PC-2555,2011-05-05 21:08:00,21.0,login,,,,1,Suspicious login hour
DTAA/VAH0262,PC-1398,2011-05-05 21:13:00,21.0,login,,,,1,Suspicious login hour
DTAA/SKL0881,PC-1581,2011-05-05 21:14:00,21.0,login,,,,1,Suspicious login hour
DTAA/JTT0989,PC-3949,2011-05-05 21:18:00,21.0,login,,,,1,Suspicious login hour
DTAA/NDS0490,PC-2549,2011-05-05 21:34:00,21.0,login,,,,1,Suspicious login hour
DTAA/TKH0211,PC-0719,2011-05-05 21:35:00,21.0,login,,,,1,Suspicious login hour
DTAA/CRC0996,PC-0214,2011-05-05 21:37:00,21.0,login,,,,1,Suspicious login hour
DTAA/BJM0992,PC-2555,2011-05-05 21:44:00,21.0,login,,,,1,Suspicious login hour
DTAA/ELD1000,PC-2967,2011-05-05 21:52:00,21.0,login,,,,1,Suspicious login hour
DTAA/ELD1000,PC-2967,2011-05-05 22:05:00,22.0,login,,,,1,Suspicious login hour
DTAA/JTT0989,PC-4438,2011-05-05 22:14:00,22.0,login,,,,1,Suspicious login hour
DTAA/KEE0997,PC-2587,2011-05-05 22:15:00,22.0,login,,,,1,Suspicious login hour
DTAA/JCC0998,PC-3669,2011-05-05 22:17:00,22.0,login,,,,1,Suspicious login hour
DTAA/KEE0997,PC-2587,2011-05-05 22:21:00,22.0,login,,,,1,Suspicious login hour
DTAA/JCC0998,PC-3669,2011-05-05 22:23:00,22.0,login,,,,1,Suspicious login hour
DTAA/DSM0990,PC-4270,2011-05-05 22:30:00,22.0,login,,,,1,Suspicious login hour
DTAA/JTT0989,PC-4438,2011-05-05 22:44:00,22.0,login,,,,1,Suspicious login hour
DTAA/CGM0994,PC-2525,2011-05-05 22:48:00,22.0,login,,,,1,Suspicious login hour
DTAA/DSM0990,PC-4270,2011-05-05 22:55:00,22.0,login,,,,1,Suspicious login hour
DTAA/CSR0189,PC-3494,2011-05-05 23:19:00,23.0,login,,,,1,Suspicious login hour
DTAA/CGM0994,PC-2525,2011-05-05 23:23:00,23.0,login,,,,1,Suspicious login hour
DTAA/WTA0867,PC-1522,2011-05-05 23:26:00,23.0,login,,,,1,Suspicious login hour
DTAA/CGM0994,PC-4738,2011-05-05 23:41:00,23.0,login,,,,1,Suspicious login hour
DTAA/CGM0994,PC-4738,2011-05-06 00:12:00,0.0,login,,,,1,Suspicious login hour
DTAA/GKC0919,PC-3647,2011-05-06 00:28:00,0.0,login,,,,1,Suspicious login hour
DTAA/GKC0919,PC-3647,2011-05-06 00:32:00,0.0,login,,,,1,Suspicious login hour
DTAA/NHH0566,PC-1651,2011-05-06 00:42:00,0.0,login,,,,1,Suspicious login hour
DTAA/CLN0999,PC-1313,2011-05-06 00:47:00,0.0,login,,,,1,Suspicious login hour
DTAA/BJM0992,PC-1147,2011-05-06 00:52:00,0.0,login,,,,1,Suspicious login hour
DTAA/JCC0998,PC-2282,2011-05-06 00:54:00,0.0,login,,,,1,Suspicious login hour
DTAA/CLN0999,PC-1313,2011-05-06 00:55:00,0.0,login,,,,1,Suspicious login hour
DTAA/JCC0998,PC-2282,2011-05-06 01:00:00,1.0,login,,,,1,Suspicious login hour
DTAA/CSR0189,PC-3494,2011-05-06 01:14:00,1.0,login,,,,1,Suspicious login hour
DTAA/BJM0992,PC-1147,2011-05-06 01:18:00,1.0,login,,,,1,Suspicious login hour
DTAA/BJM0992,PC-3531,2011-05-06 01:19:00,1.0,login,,,,1,Suspicious login hour
DTAA/CLN0999,PC-0262,2011-05-06 01:21:00,1.0,login,,,,1,Suspicious login hour
DTAA/JCC0998,PC-1592,2011-05-06 01:29:00,1.0,login,,,,1,Suspicious login hour
DTAA/BJM0992,PC-3531,2011-05-06 01:32:00,1.0,login,,,,1,Suspicious login hour
DTAA/CLN0999,PC-0262,2011-05-06 01:47:00,1.0,login,,,,1,Suspicious login hour
DTAA/JCC0998,PC-1592,2011-05-06 01:54:00,1.0,login,,,,1,Suspicious login hour
DTAA/JCC0998,PC-2846,2011-05-06 02:00:00,2.0,login,,,,1,Suspicious login hour
DTAA/BJM0992,PC-2333,2011-05-06 02:08:00,2.0,login,,,,1,Suspicious login hour
DTAA/CGM0994,PC-0381,2011-05-06 02:16:00,2.0,login,,,,1,Suspicious login hour
DTAA/BJM0992,PC-2333,2011-05-06 02:17:00,2.0,login,,,,1,Suspicious login hour
DTAA/CGM0994,PC-0381,2011-05-06 02:18:00,2.0,login,,,,1,Suspicious login hour
DTAA/JCC0998,PC-2846,2011-05-06 02:28:00,2.0,login,,,,1,Suspicious login hour
DTAA/GRG0693,PC-3411,2011-05-06 02:36:00,2.0,login,,,,1,Suspicious login hour
DTAA/DSM0990,PC-4441,2011-05-06 02:46:00,2.0,login,,,,1,Suspicious login hour
DTAA/DSM0990,PC-4441,2011-05-06 03:06:00,3.0,login,,,,1,Suspicious login hour
DTAA/DIS0382,PC-2501,2011-05-06 03:06:00,3.0,login,,,,1,Suspicious login hour
DTAA/JCC0998,PC-3120,2011-05-06 03:12:00,3.0,login,,,,1,Suspicious login hour
DTAA/JCC0998,PC-3120,2011-05-06 03:30:00,3.0,login,,,,1,Suspicious login hour
DTAA/NHH0566,PC-1651,2011-05-06 03:38:00,3.0,login,,,,1,Suspicious login hour
DTAA/WTA0867,PC-1522,2011-05-06 03:38:00,3.0,login,,,,1,Suspicious login hour
DTAA/CGM0994,PC-3338,2011-05-06 03:40:00,3.0,login,,,,1,Suspicious login hour
DTAA/CGM0994,PC-3338,2011-05-06 03:44:00,3.0,login,,,,1,Suspicious login hour
DTAA/GRG0693,PC-3411,2011-05-06 03:46:00,3.0,login,,,,1,Suspicious login hour
DTAA/DDK0417,PC-0980,2011-05-06 03:48:00,3.0,login,,,,1,Suspicious login hour
DTAA/CLN0999,PC-0696,2011-05-06 04:03:00,4.0,login,,,,1,Suspicious login hour
DTAA/XIN0791,PC-2332,2011-05-06 04:27:00,4.0,login,,,,1,Suspicious login hour
DTAA/IRC0991,PC-4117,2011-05-06 04:27:00,4.0,login,,,,1,Suspicious login hour
DTAA/IRC0991,PC-4117,2011-05-06 04:30:00,4.0,login,,,,1,Suspicious login hour
DTAA/CLN0999,PC-0696,2011-05-06 04:45:00,4.0,login,,,,1,Suspicious login hour
DTAA/ARS0993,PC-3233,2011-05-06 04:47:00,4.0,login,,,,1,Suspicious login hour
DTAA/AIB0797,PC-4147,2011-05-06 04:55:00,4.0,login,,,,1,Suspicious login hour
DTAA/DDK0417,PC-0980,2011-05-06 04:56:00,4.0,login,,,,1,Suspicious login hour
DTAA/ARS0993,PC-3233,2011-05-06 05:09:00,5.0,login,,,,1,Suspicious login hour
DTAA/ARS0993,PC-3462,2011-05-06 05:12:00,5.0,login,,,,1,Suspicious login hour
DTAA/IRC0991,PC-0433,2011-05-06 05:14:00,5.0,login,,,,1,Suspicious login hour
DTAA/ARS0993,PC-3462,2011-05-06 05:25:00,5.0,login,,,,1,Suspicious login hour
DTAA/AIB0797,PC-4147,2011-05-06 05:26:00,5.0,login,,,,1,Suspicious login hour
DTAA/IRC0991,PC-0433,2011-05-06 05:38:00,5.0,login,,,,1,Suspicious login hour
DTAA/KEE0997,PC-1582,2011-05-06 05:49:00,5.0,login,,,,1,Suspicious login hour
DTAA/XIN0791,PC-2332,2011-05-06 05:50:00,5.0,login,,,,1,Suspicious login hour
DTAA/ELD1000,PC-0248,2011-05-06 05:55:00,5.0,login,,,,1,Suspicious login hour
DTAA/CLB0995,PC-0563,2011-05-06 05:59:00,5.0,login,,,,1,Suspicious login hour
DTAA/ELD1000,PC-0248,2011-05-06 05:59:00,5.0,login,,,,1,Suspicious login hour
DTAA/ODW0839,PC-1940,2011-05-06 21:02:00,21.0,login,,,,1,Suspicious login hour
DTAA/ARC0677,PC-0465,2011-05-06 21:05:00,21.0,login,,,,1,Suspicious login hour
DTAA/VAH0262,PC-1398,2011-05-06 21:17:00,21.0,login,,,,1,Suspicious login hour
DTAA/SKL0881,PC-1581,2011-05-06 21:18:00,21.0,login,,,,1,Suspicious login hour
DTAA/DSM0990,PC-3405,2011-05-06 21:19:00,21.0,login,,,,1,Suspicious login hour
DTAA/NDS0490,PC-2549,2011-05-06 21:25:00,21.0,login,,,,1,Suspicious login hour
DTAA/BJM0992,PC-3835,2011-05-06 21:33:00,21.0,login,,,,1,Suspicious login hour
DTAA/DSM0990,PC-0668,2011-05-06 21:42:00,21.0,login,,,,1,Suspicious login hour
DTAA/DSM0990,PC-0668,2011-05-06 21:48:00,21.0,login,,,,1,Suspicious login hour
DTAA/PJL0320,PC-1233,2011-05-06 21:54:00,21.0,login,,,,1,Suspicious login hour
DTAA/ARS0993,PC-3489,2011-05-06 22:09:00,22.0,login,,,,1,Suspicious login hour
DTAA/ARS0993,PC-3489,2011-05-06 22:17:00,22.0,login,,,,1,Suspicious login hour
DTAA/DSM0990,PC-4393,2011-05-06 22:17:00,22.0,login,,,,1,Suspicious login hour
DTAA/DSM0990,PC-4393,2011-05-06 22:26:00,22.0,login,,,,1,Suspicious login hour
DTAA/BJM0992,PC-4765,2011-05-06 22:30:00,22.0,login,,,,1,Suspicious login hour
DTAA/SAH0192,PC-4079,2011-05-06 22:34:00,22.0,login,,,,1,Suspicious login hour
DTAA/CLN0999,PC-3171,2011-05-06 22:49:00,22.0,login,,,,1,Suspicious login hour
DTAA/BJM0992,PC-4765,2011-05-06 22:50:00,22.0,login,,,,1,Suspicious login hour
DTAA/CRC0996,PC-3815,2011-05-06 22:50:00,22.0,login,,,,1,Suspicious login hour
DTAA/JTT0989,PC-3965,2011-05-06 23:01:00,23.0,login,,,,1,Suspicious login hour
DTAA/CRC0996,PC-4772,2011-05-06 23:09:00,23.0,login,,,,1,Suspicious login hour
DTAA/JTT0989,PC-3965,2011-05-06 23:12:00,23.0,login,,,,1,Suspicious login hour
DTAA/CGM0994,PC-2902,2011-05-06 23:13:00,23.0,login,,,,1,Suspicious login hour
DTAA/CLN0999,PC-3171,2011-05-06 23:14:00,23.0,login,,,,1,Suspicious login hour
DTAA/CRC0996,PC-4772,2011-05-06 23:17:00,23.0,login,,,,1,Suspicious login hour
DTAA/CRC0996,PC-3815,2011-05-06 23:25:00,23.0,login,,,,1,Suspicious login hour
DTAA/CGM0994,PC-2902,2011-05-06 23:30:00,23.0,login,,,,1,Suspicious login hour
DTAA/KEE0997,PC-2790,2011-05-06 23:42:00,23.0,login,,,,1,Suspicious login hour
DTAA/DSM0990,PC-1458,2011-05-06 23:48:00,23.0,login,,,,1,Suspicious login hour
DTAA/CLB0995,PC-3049,2011-05-06 23:54:00,23.0,login,,,,1,Suspicious login hour
DTAA/KEE0997,PC-2790,2011-05-07 00:10:00,0.0,login,,,,1,Suspicious login hour
DTAA/DSM0990,PC-1458,2011-05-07 00:23:00,0.0,login,,,,1,Suspicious login hour
DTAA/CLB0995,PC-3049,2011-05-07 00:28:00,0.0,login,,,,1,Suspicious login hour
DTAA/FKR0550,PC-2469,2011-05-07 00:36:00,0.0,login,,,,1,Suspicious login hour
DTAA/SAH0192,PC-4079,2011-05-07 01:28:00,1.0,login,,,,1,Suspicious login hour
DTAA/SDC0032,PC-3081,2011-05-07 01:54:00,1.0,login,,,,1,Suspicious login hour
DTAA/PCM0846,PC-1898,2011-05-07 02:02:00,2.0,login,,,,1,Suspicious login hour
DTAA/SDC0032,PC-3081,2011-05-07 02:11:00,2.0,login,,,,1,Suspicious login hour
DTAA/PJL0320,PC-1233,2011-05-07 02:21:00,2.0,login,,,,1,Suspicious login hour
DTAA/FKR0550,PC-2469,2011-05-07 02:56:00,2.0,login,,,,1,Suspicious login hour
DTAA/WOT0549,PC-0304,2011-05-07 03:47:00,3.0,login,,,,1,Suspicious login hour
DTAA/PCM0846,PC-1898,2011-05-07 04:43:00,4.0,login,,,,1,Suspicious login hour
DTAA/CHA0174,PC-2751,2011-05-07 05:17:00,5.0,login,,,,1,Suspicious login hour
DTAA/MIC0914,PC-3326,2011-05-07 05:43:00,5.0,login,,,,1,Suspicious login hour
DTAA/MIC0914,PC-3326,2011-05-07 05:49:00,5.0,login,,,,1,Suspicious login hour
DTAA/NDS0490,PC-2549,2011-05-07 05:50:00,5.0,login,,,,1,Suspicious login hour
DTAA/JCC0998,PC-2082,2011-05-09 00:06:00,0.0,login,,,,1,Suspicious login hour
DTAA/CGM0994,PC-3946,2011-05-09 00:35:00,0.0,login,,,,1,Suspicious login hour
DTAA/JCC0998,PC-2082,2011-05-09 00:46:00,0.0,login,,,,1,Suspicious login hour
DTAA/CGM0994,PC-3946,2011-05-09 01:00:00,1.0,login,,,,1,Suspicious login hour
DTAA/CLN0999,PC-0003,2011-05-09 01:22:00,1.0,login,,,,1,Suspicious login hour
DTAA/DSM0990,PC-3501,2011-05-09 01:24:00,1.0,login,,,,1,Suspicious login hour
DTAA/DSM0990,PC-1261,2011-05-09 01:41:00,1.0,login,,,,1,Suspicious login hour
DTAA/ELD1000,PC-4482,2011-05-09 01:45:00,1.0,login,,,,1,Suspicious login hour
DTAA/CLN0999,PC-0003,2011-05-09 01:46:00,1.0,login,,,,1,Suspicious login hour
DTAA/BJM0992,PC-2749,2011-05-09 02:01:00,2.0,login,,,,1,Suspicious login hour
DTAA/DSM0990,PC-3501,2011-05-09 02:03:00,2.0,login,,,,1,Suspicious login hour
DTAA/BJM0992,PC-2749,2011-05-09 02:07:00,2.0,login,,,,1,Suspicious login hour
DTAA/DSM0990,PC-1261,2011-05-09 02:22:00,2.0,login,,,,1,Suspicious login hour
DTAA/ELD1000,PC-0544,2011-05-09 02:24:00,2.0,login,,,,1,Suspicious login hour
DTAA/ELD1000,PC-4482,2011-05-09 02:28:00,2.0,login,,,,1,Suspicious login hour
DTAA/ELD1000,PC-0544,2011-05-09 02:37:00,2.0,login,,,,1,Suspicious login hour
DTAA/CLB0995,PC-2512,2011-05-09 02:42:00,2.0,login,,,,1,Suspicious login hour
DTAA/CLB0995,PC-2512,2011-05-09 03:00:00,3.0,login,,,,1,Suspicious login hour
DTAA/ARS0993,PC-3822,2011-05-09 03:09:00,3.0,login,,,,1,Suspicious login hour
DTAA/ARS0993,PC-3822,2011-05-09 03:33:00,3.0,login,,,,1,Suspicious login hour
DTAA/JCC0998,PC-1535,2011-05-09 03:56:00,3.0,login,,,,1,Suspicious login hour
DTAA/JCC0998,PC-1535,2011-05-09 04:14:00,4.0,login,,,,1,Suspicious login hour
DTAA/CLB0995,PC-1638,2011-05-09 04:38:00,4.0,login,,,,1,Suspicious login hour
DTAA/CLB0995,PC-1638,2011-05-09 04:54:00,4.0,login,,,,1,Suspicious login hour
DTAA/JTT0989,PC-0690,2011-05-09 05:23:00,5.0,login,,,,1,Suspicious login hour
DTAA/CRC0996,PC-4573,2011-05-09 05:28:00,5.0,login,,,,1,Suspicious login hour
DTAA/JTT0989,PC-0690,2011-05-09 05:35:00,5.0,login,,,,1,Suspicious login hour
DTAA/ARS0993,PC-0290,2011-05-09 05:37:00,5.0,login,,,,1,Suspicious login hour
DTAA/ARS0993,PC-0290,2011-05-09 05:45:00,5.0,login,,,,1,Suspicious login hour
DTAA/DSM0990,PC-2368,2011-05-09 05:46:00,5.0,login,,,,1,Suspicious login hour
DTAA/KEE0997,PC-1150,2011-05-09 05:50:00,5.0,login,,,,1,Suspicious login hour
DTAA/CGM0994,PC-4069,2011-05-09 05:54:00,5.0,login,,,,1,Suspicious login hour
DTAA/CRC0996,PC-4573,2011-05-09 05:55:00,5.0,login,,,,1,Suspicious login hour
DTAA/DSM0990,PC-3653,2011-05-09 21:02:00,21.0,login,,,,1,Suspicious login hour
DTAA/ODW0839,PC-1940,2011-05-09 21:08:00,21.0,login,,,,1,Suspicious login hour
DTAA/SRN0275,PC-3531,2011-05-09 21:08:00,21.0,login,,,,1,Suspicious login hour
DTAA/CLN0999,PC-0081,2011-05-09 21:11:00,21.0,login,,,,1,Suspicious login hour
DTAA/SKL0881,PC-1581,2011-05-09 21:12:00,21.0,login,,,,1,Suspicious login hour
DTAA/VAH0262,PC-1398,2011-05-09 21:20:00,21.0,login,,,,1,Suspicious login hour
DTAA/AJA0220,PC-3872,2011-05-09 21:25:00,21.0,login,,,,1,Suspicious login hour
DTAA/CLN0999,PC-0081,2011-05-09 21:29:00,21.0,login,,,,1,Suspicious login hour
DTAA/BJM0992,PC-4358,2011-05-09 21:32:00,21.0,login,,,,1,Suspicious login hour
DTAA/NDS0490,PC-2549,2011-05-09 21:36:00,21.0,login,,,,1,Suspicious login hour
DTAA/CRC0996,PC-1669,2011-05-09 21:37:00,21.0,login,,,,1,Suspicious login hour
DTAA/BTW0973,PC-4462,2011-05-09 21:38:00,21.0,login,,,,1,Suspicious login hour
DTAA/DJW0368,PC-2518,2011-05-09 21:46:00,21.0,login,,,,1,Suspicious login hour
DTAA/JTT0989,PC-4328,2011-05-09 21:49:00,21.0,login,,,,1,Suspicious login hour
DTAA/DJW0368,PC-2518,2011-05-09 22:07:00,22.0,login,,,,1,Suspicious login hour
DTAA/CRC0996,PC-1669,2011-05-09 22:18:00,22.0,login,,,,1,Suspicious login hour
DTAA/OYR0801,PC-0088,2011-05-09 22:28:00,22.0,login,,,,1,Suspicious login hour
DTAA/JTT0989,PC-4328,2011-05-09 22:28:00,22.0,login,,,,1,Suspicious login hour
DTAA/CLB0995,PC-2127,2011-05-09 22:34:00,22.0,login,,,,1,Suspicious login hour
DTAA/CLB0995,PC-0088,2011-05-09 22:36:00,22.0,login,,,,1,Suspicious login hour
DTAA/CRC0996,PC-0030,2011-05-09 22:44:00,22.0,login,,,,1,Suspicious login hour
DTAA/CLB0995,PC-2127,2011-05-09 23:00:00,23.0,login,,,,1,Suspicious login hour
DTAA/CRC0996,PC-0030,2011-05-09 23:09:00,23.0,login,,,,1,Suspicious login hour
DTAA/CLB0995,PC-0088,2011-05-09 23:09:00,23.0,login,,,,1,Suspicious login hour
DTAA/CWG0305,PC-1107,2011-05-09 23:12:00,23.0,login,,,,1,Suspicious login hour
DTAA/IRC0991,PC-0980,2011-05-09 23:18:00,23.0,login,,,,1,Suspicious login hour
DTAA/IRC0991,PC-2855,2011-05-09 23:19:00,23.0,login,,,,1,Suspicious login hour
DTAA/IRC0991,PC-0980,2011-05-09 23:22:00,23.0,login,,,,1,Suspicious login hour
DTAA/DSM0990,PC-3310,2011-05-09 23:36:00,23.0,login,,,,1,Suspicious login hour
DTAA/DSM0990,PC-3310,2011-05-09 23:36:00,23.0,login,,,,1,Suspicious login hour
DTAA/IRC0991,PC-2855,2011-05-09 23:49:00,23.0,login,,,,1,Suspicious login hour
DTAA/JTT0989,PC-2643,2011-05-09 23:58:00,23.0,login,,,,1,Suspicious login hour
DTAA/JTT0989,PC-2643,2011-05-10 00:05:00,0.0,login,,,,1,Suspicious login hour
DTAA/KEE0997,PC-4239,2011-05-10 00:13:00,0.0,login,,,,1,Suspicious login hour
DTAA/ARS0993,PC-2160,2011-05-10 00:13:00,0.0,login,,,,1,Suspicious login hour
DTAA/ARS0993,PC-2160,2011-05-10 00:22:00,0.0,login,,,,1,Suspicious login hour
DTAA/HTS0265,PC-1744,2011-05-10 00:23:00,0.0,login,,,,1,Suspicious login hour
DTAA/ELD1000,PC-0419,2011-05-10 00:33:00,0.0,login,,,,1,Suspicious login hour
DTAA/JBL0450,PC-2338,2011-05-10 00:34:00,0.0,login,,,,1,Suspicious login hour
DTAA/KEE0997,PC-4239,2011-05-10 00:37:00,0.0,login,,,,1,Suspicious login hour
DTAA/ELD1000,PC-0419,2011-05-10 00:46:00,0.0,login,,,,1,Suspicious login hour
DTAA/ARS0993,PC-4002,2011-05-10 01:07:00,1.0,login,,,,1,Suspicious login hour
DTAA/ARS0993,PC-4002,2011-05-10 01:09:00,1.0,login,,,,1,Suspicious login hour
DTAA/CLN0999,PC-3174,2011-05-10 01:48:00,1.0,login,,,,1,Suspicious login hour
DTAA/CLN0999,PC-3174,2011-05-10 01:59:00,1.0,login,,,,1,Suspicious login hour
DTAA/CSC0297,PC-2848,2011-05-10 02:00:00,2.0,login,,,,1,Suspicious login hour
DTAA/CLN0999,PC-1174,2011-05-10 02:05:00,2.0,login,,,,1,Suspicious login hour
DTAA/CLN0999,PC-1174,2011-05-10 02:13:00,2.0,login,,,,1,Suspicious login hour
DTAA/JTT0989,PC-2131,2011-05-10 02:42:00,2.0,login,,,,1,Suspicious login hour
DTAA/CRC0996,PC-3664,2011-05-10 02:53:00,2.0,login,,,,1,Suspicious login hour
DTAA/ARS0993,PC-2219,2011-05-10 02:57:00,2.0,login,,,,1,Suspicious login hour
DTAA/CGM0994,PC-1310,2011-05-10 03:00:00,3.0,login,,,,1,Suspicious login hour
DTAA/AKW0582,PC-0891,2011-05-10 03:01:00,3.0,login,,,,1,Suspicious login hour
DTAA/JTT0989,PC-2131,2011-05-10 03:01:00,3.0,login,,,,1,Suspicious login hour
DTAA/JBL0450,PC-2338,2011-05-10 03:05:00,3.0,login,,,,1,Suspicious login hour
DTAA/ARS0993,PC-2219,2011-05-10 03:08:00,3.0,login,,,,1,Suspicious login hour
DTAA/CGM0994,PC-1310,2011-05-10 03:25:00,3.0,login,,,,1,Suspicious login hour
DTAA/CRC0996,PC-3664,2011-05-10 03:29:00,3.0,login,,,,1,Suspicious login hour
DTAA/CGM0994,PC-3465,2011-05-10 03:30:00,3.0,login,,,,1,Suspicious login hour
DTAA/CRC0996,PC-1107,2011-05-10 03:39:00,3.0,login,,,,1,Suspicious login hour
DTAA/CGM0994,PC-3465,2011-05-10 03:53:00,3.0,login,,,,1,Suspicious login hour
DTAA/CRC0996,PC-1107,2011-05-10 03:55:00,3.0,login,,,,1,Suspicious login hour
DTAA/JCC0998,PC-2791,2011-05-10 03:56:00,3.0,login,,,,1,Suspicious login hour
DTAA/HTS0265,PC-1744,2011-05-10 03:57:00,3.0,login,,,,1,Suspicious login hour
DTAA/AJA0220,PC-3872,2011-05-10 03:58:00,3.0,login,,,,1,Suspicious login hour
DTAA/OYR0801,PC-0088,2011-05-10 04:00:00,4.0,login,,,,1,Suspicious login hour
DTAA/CSR0189,PC-3494,2011-05-10 04:01:00,4.0,login,,,,1,Suspicious login hour
DTAA/VNM0127,PC-3456,2011-05-10 04:17:00,4.0,login,,,,1,Suspicious login hour
DTAA/AKW0582,PC-0891,2011-05-10 04:18:00,4.0,login,,,,1,Suspicious login hour
DTAA/CRC0996,PC-4147,2011-05-10 04:26:00,4.0,login,,,,1,Suspicious login hour
DTAA/CLB0995,PC-4291,2011-05-10 04:30:00,4.0,login,,,,1,Suspicious login hour
DTAA/IRC0991,PC-2437,2011-05-10 04:32:00,4.0,login,,,,1,Suspicious login hour
DTAA/CLB0995,PC-4291,2011-05-10 04:32:00,4.0,login,,,,1,Suspicious login hour
DTAA/JCC0998,PC-2791,2011-05-10 04:40:00,4.0,login,,,,1,Suspicious login hour
DTAA/IRC0991,PC-2437,2011-05-10 04:46:00,4.0,login,,,,1,Suspicious login hour
DTAA/CRC0996,PC-4147,2011-05-10 05:03:00,5.0,login,,,,1,Suspicious login hour
DTAA/AIB0797,PC-4147,2011-05-10 05:08:00,5.0,login,,,,1,Suspicious login hour
DTAA/SRN0275,PC-3531,2011-05-10 05:10:00,5.0,login,,,,1,Suspicious login hour
DTAA/ARS0993,PC-3750,2011-05-10 05:21:00,5.0,login,,,,1,Suspicious login hour
DTAA/AIB0797,PC-4147,2011-05-10 05:30:00,5.0,login,,,,1,Suspicious login hour
DTAA/ELD1000,PC-2549,2011-05-10 05:35:00,5.0,login,,,,1,Suspicious login hour
DTAA/ARS0993,PC-3750,2011-05-10 05:43:00,5.0,login,,,,1,Suspicious login hour
DTAA/CLK0383,PC-0419,2011-05-10 05:46:00,5.0,login,,,,1,Suspicious login hour
DTAA/CLK0383,PC-0419,2011-05-10 05:48:00,5.0,login,,,,1,Suspicious login hour
DTAA/BTW0973,PC-4462,2011-05-10 05:49:00,5.0,login,,,,1,Suspicious login hour
DTAA/CGM0994,PC-0497,2011-05-10 05:56:00,5.0,login,,,,1,Suspicious login hour
DTAA/ODW0839,PC-1940,2011-05-10 21:03:00,21.0,login,,,,1,Suspicious login hour
DTAA/JCS0873,PC-1560,2011-05-10 21:12:00,21.0,login,,,,1,Suspicious login hour
DTAA/ARS0993,PC-1005,2011-05-10 21:12:00,21.0,login,,,,1,Suspicious login hour
DTAA/CLN0999,PC-3645,2011-05-10 21:12:00,21.0,login,,,,1,Suspicious login hour
DTAA/VAH0262,PC-1398,2011-05-10 21:17:00,21.0,login,,,,1,Suspicious login hour
DTAA/ARS0993,PC-1005,2011-05-10 21:23:00,21.0,login,,,,1,Suspicious login hour
DTAA/SKL0881,PC-1581,2011-05-10 21:24:00,21.0,login,,,,1,Suspicious login hour
DTAA/CLN0999,PC-3645,2011-05-10 21:28:00,21.0,login,,,,1,Suspicious login hour
DTAA/NDS0490,PC-2549,2011-05-10 21:37:00,21.0,login,,,,1,Suspicious login hour
DTAA/EMR0242,PC-1306,2011-05-10 21:45:00,21.0,login,,,,1,Suspicious login hour
DTAA/JCC0998,PC-2048,2011-05-10 22:00:00,22.0,login,,,,1,Suspicious login hour
DTAA/JCS0873,PC-1560,2011-05-10 22:01:00,22.0,login,,,,1,Suspicious login hour
DTAA/JCC0998,PC-2048,2011-05-10 22:08:00,22.0,login,,,,1,Suspicious login hour
DTAA/ARS0993,PC-0472,2011-05-10 22:09:00,22.0,login,,,,1,Suspicious login hour
DTAA/ELD1000,PC-3818,2011-05-10 22:09:00,22.0,login,,,,1,Suspicious login hour
DTAA/CGM0994,PC-4890,2011-05-10 22:15:00,22.0,login,,,,1,Suspicious login hour
DTAA/ARS0993,PC-0472,2011-05-10 22:22:00,22.0,login,,,,1,Suspicious login hour
DTAA/BJM0992,PC-0891,2011-05-10 22:26:00,22.0,login,,,,1,Suspicious login hour
DTAA/CGM0994,PC-4890,2011-05-10 22:27:00,22.0,login,,,,1,Suspicious login hour
DTAA/PUH0847,PC-2550,2011-05-10 22:32:00,22.0,login,,,,1,Suspicious login hour
DTAA/ELD1000,PC-3818,2011-05-10 22:46:00,22.0,login,,,,1,Suspicious login hour
DTAA/ARS0993,PC-2015,2011-05-10 22:47:00,22.0,login,,,,1,Suspicious login hour
DTAA/CRC0996,PC-4694,2011-05-10 22:55:00,22.0,login,,,,1,Suspicious login hour
DTAA/ARS0993,PC-2015,2011-05-10 22:55:00,22.0,login,,,,1,Suspicious login hour
DTAA/IRC0991,PC-3359,2011-05-10 23:00:00,23.0,login,,,,1,Suspicious login hour
DTAA/CRC0996,PC-4694,2011-05-10 23:09:00,23.0,login,,,,1,Suspicious login hour
DTAA/BJM0992,PC-0891,2011-05-10 23:10:00,23.0,login,,,,1,Suspicious login hour
DTAA/BJM0992,PC-3080,2011-05-10 23:13:00,23.0,login,,,,1,Suspicious login hour
DTAA/BJM0992,PC-3080,2011-05-10 23:24:00,23.0,login,,,,1,Suspicious login hour
DTAA/IRC0991,PC-3359,2011-05-10 23:24:00,23.0,login,,,,1,Suspicious login hour
DTAA/COS0121,PC-0462,2011-05-10 23:29:00,23.0,login,,,,1,Suspicious login hour
DTAA/KEE0997,PC-1431,2011-05-10 23:43:00,23.0,login,,,,1,Suspicious login hour
DTAA/DAW0221,PC-4162,2011-05-11 00:08:00,0.0,login,,,,1,Suspicious login hour
DTAA/KEE0997,PC-1431,2011-05-11 00:18:00,0.0,login,,,,1,Suspicious login hour
DTAA/NHH0566,PC-1651,2011-05-11 00:30:00,0.0,login,,,,1,Suspicious login hour
DTAA/BJM0992,PC-3459,2011-05-11 00:46:00,0.0,login,,,,1,Suspicious login hour
DTAA/ELD1000,PC-3077,2011-05-11 01:10:00,1.0,login,,,,1,Suspicious login hour
DTAA/ARS0993,PC-0303,2011-05-11 01:12:00,1.0,login,,,,1,Suspicious login hour
DTAA/EOS0972,PC-4981,2011-05-11 01:13:00,1.0,login,,,,1,Suspicious login hour
DTAA/CGM0994,PC-2088,2011-05-11 01:13:00,1.0,login,,,,1,Suspicious login hour
DTAA/BJM0992,PC-3459,2011-05-11 01:17:00,1.0,login,,,,1,Suspicious login hour
DTAA/ARS0993,PC-0925,2011-05-11 01:17:00,1.0,login,,,,1,Suspicious login hour
DTAA/HTC0607,PC-1033,2011-05-11 01:27:00,1.0,login,,,,1,Suspicious login hour
DTAA/DSM0990,PC-2110,2011-05-11 01:35:00,1.0,login,,,,1,Suspicious login hour
DTAA/ARS0993,PC-0925,2011-05-11 01:41:00,1.0,login,,,,1,Suspicious login hour
DTAA/ELD1000,PC-3077,2011-05-11 01:43:00,1.0,login,,,,1,Suspicious login hour
DTAA/ARS0993,PC-0303,2011-05-11 01:44:00,1.0,login,,,,1,Suspicious login hour
DTAA/DSM0990,PC-2110,2011-05-11 01:46:00,1.0,login,,,,1,Suspicious login hour
DTAA/GYT0279,PC-2791,2011-05-11 01:48:00,1.0,login,,,,1,Suspicious login hour
DTAA/CGM0994,PC-2088,2011-05-11 01:48:00,1.0,login,,,,1,Suspicious login hour
DTAA/BAF0379,PC-3645,2011-05-11 01:57:00,1.0,login,,,,1,Suspicious login hour
DTAA/CRC0996,PC-1233,2011-05-11 02:40:00,2.0,login,,,,1,Suspicious login hour
DTAA/CRC0996,PC-1233,2011-05-11 03:16:00,3.0,login,,,,1,Suspicious login hour
DTAA/PUH0847,PC-2550,2011-05-11 03:24:00,3.0,login,,,,1,Suspicious login hour
DTAA/COS0121,PC-0462,2011-05-11 03:40:00,3.0,login,,,,1,Suspicious login hour
DTAA/CLB0995,PC-1360,2011-05-11 03:55:00,3.0,login,,,,1,Suspicious login hour
DTAA/IAG0152,PC-3521,2011-05-11 03:57:00,3.0,login,,,,1,Suspicious login hour
DTAA/HTC0607,PC-1033,2011-05-11 04:14:00,4.0,login,,,,1,Suspicious login hour
DTAA/KEE0997,PC-4365,2011-05-11 04:19:00,4.0,login,,,,1,Suspicious login hour
DTAA/CLB0995,PC-1360,2011-05-11 04:19:00,4.0,login,,,,1,Suspicious login hour
DTAA/KEE0997,PC-1389,2011-05-11 04:24:00,4.0,login,,,,1,Suspicious login hour
DTAA/KEE0997,PC-4365,2011-05-11 04:25:00,4.0,login,,,,1,Suspicious login hour
DTAA/CLN0999,PC-4359,2011-05-11 04:36:00,4.0,login,,,,1,Suspicious login hour
DTAA/CGM0994,PC-0417,2011-05-11 04:46:00,4.0,login,,,,1,Suspicious login hour
DTAA/JTT0989,PC-0513,2011-05-11 04:49:00,4.0,login,,,,1,Suspicious login hour
DTAA/CLN0999,PC-4359,2011-05-11 04:56:00,4.0,login,,,,1,Suspicious login hour
DTAA/JTT0989,PC-0513,2011-05-11 04:58:00,4.0,login,,,,1,Suspicious login hour
DTAA/CGM0994,PC-0417,2011-05-11 05:02:00,5.0,login,,,,1,Suspicious login hour
DTAA/KEE0997,PC-1389,2011-05-11 05:05:00,5.0,login,,,,1,Suspicious login hour
DTAA/CLB0995,PC-4788,2011-05-11 05:07:00,5.0,login,,,,1,Suspicious login hour
DTAA/EMR0242,PC-1306,2011-05-11 05:09:00,5.0,login,,,,1,Suspicious login hour
DTAA/GYT0279,PC-2791,2011-05-11 05:22:00,5.0,login,,,,1,Suspicious login hour
DTAA/CLB0995,PC-4788,2011-05-11 05:35:00,5.0,login,,,,1,Suspicious login hour
DTAA/IRC0991,PC-0813,2011-05-11 05:38:00,5.0,login,,,,1,Suspicious login hour
DTAA/BJM0992,PC-2350,2011-05-11 05:44:00,5.0,login,,,,1,Suspicious login hour
DTAA/ARS0993,PC-0462,2011-05-11 05:44:00,5.0,login,,,,1,Suspicious login hour
DTAA/BJM0992,PC-2350,2011-05-11 05:51:00,5.0,login,,,,1,Suspicious login hour
DTAA/JTT0989,PC-4174,2011-05-11 21:02:00,21.0,login,,,,1,Suspicious login hour
DTAA/KEE0997,PC-4339,2011-05-11 21:03:00,21.0,login,,,,1,Suspicious login hour
DTAA/ARC0677,PC-0465,2011-05-11 21:08:00,21.0,login,,,,1,Suspicious login hour
DTAA/ARS0993,PC-3212,2011-05-11 21:16:00,21.0,login,,,,1,Suspicious login hour
DTAA/BJM0992,PC-3192,2011-05-11 21:17:00,21.0,login,,,,1,Suspicious login hour
DTAA/SKL0881,PC-1581,2011-05-11 21:22:00,21.0,login,,,,1,Suspicious login hour
DTAA/VAH0262,PC-1398,2011-05-11 21:24:00,21.0,login,,,,1,Suspicious login hour
DTAA/NDS0490,PC-2549,2011-05-11 21:30:00,21.0,login,,,,1,Suspicious login hour
DTAA/NHL0253,PC-3339,2011-05-11 21:34:00,21.0,login,,,,1,Suspicious login hour
DTAA/BJM0992,PC-3192,2011-05-11 21:34:00,21.0,login,,,,1,Suspicious login hour
DTAA/ABS0726,PC-3698,2011-05-11 21:36:00,21.0,login,,,,1,Suspicious login hour
DTAA/DSM0990,PC-0912,2011-05-11 21:46:00,21.0,login,,,,1,Suspicious login hour
DTAA/DSM0990,PC-0452,2011-05-11 21:50:00,21.0,login,,,,1,Suspicious login hour
DTAA/CGM0994,PC-3363,2011-05-11 21:57:00,21.0,login,,,,1,Suspicious login hour
DTAA/CLB0995,PC-4162,2011-05-11 21:58:00,21.0,login,,,,1,Suspicious login hour
DTAA/DSM0990,PC-0912,2011-05-11 22:11:00,22.0,login,,,,1,Suspicious login hour
DTAA/DSM0990,PC-0452,2011-05-11 22:16:00,22.0,login,,,,1,Suspicious login hour
DTAA/CGM0994,PC-3363,2011-05-11 22:31:00,22.0,login,,,,1,Suspicious login hour
DTAA/CLB0995,PC-4162,2011-05-11 22:42:00,22.0,login,,,,1,Suspicious login hour
DTAA/IRC0991,PC-4842,2011-05-11 22:53:00,22.0,login,,,,1,Suspicious login hour
DTAA/JCC0998,PC-3607,2011-05-11 22:54:00,22.0,login,,,,1,Suspicious login hour
DTAA/IRC0991,PC-4842,2011-05-11 22:57:00,22.0,login,,,,1,Suspicious login hour
DTAA/ARS0993,PC-1586,2011-05-11 23:05:00,23.0,login,,,,1,Suspicious login hour
DTAA/ARS0993,PC-1586,2011-05-11 23:07:00,23.0,login,,,,1,Suspicious login hour
DTAA/RAH0968,PC-3119,2011-05-11 23:09:00,23.0,login,,,,1,Suspicious login hour
DTAA/CTF0687,PC-2959,2011-05-11 23:16:00,23.0,login,,,,1,Suspicious login hour
DTAA/JCC0998,PC-3607,2011-05-11 23:20:00,23.0,login,,,,1,Suspicious login hour
DTAA/AGW0182,PC-4531,2011-05-11 23:22:00,23.0,login,,,,1,Suspicious login hour
DTAA/AGW0182,PC-4531,2011-05-11 23:30:00,23.0,login,,,,1,Suspicious login hour
DTAA/IRC0991,PC-4606,2011-05-11 23:33:00,23.0,login,,,,1,Suspicious login hour
DTAA/AKS0283,PC-3049,2011-05-11 23:41:00,23.0,login,,,,1,Suspicious login hour
DTAA/NDS0490,PC-2549,2011-05-11 23:52:00,23.0,login,,,,1,Suspicious login hour
DTAA/IRC0991,PC-4606,2011-05-11 23:56:00,23.0,login,,,,1,Suspicious login hour
DTAA/CGM0994,PC-4895,2011-05-12 00:05:00,0.0,login,,,,1,Suspicious login hour
DTAA/CGM0994,PC-4895,2011-05-12 00:32:00,0.0,login,,,,1,Suspicious login hour
DTAA/ARS0993,PC-3883,2011-05-12 00:38:00,0.0,login,,,,1,Suspicious login hour
DTAA/PCM0846,PC-1898,2011-05-12 00:42:00,0.0,login,,,,1,Suspicious login hour
DTAA/ARS0993,PC-3883,2011-05-12 01:00:00,1.0,login,,,,1,Suspicious login hour
DTAA/JCC0998,PC-2588,2011-05-12 01:07:00,1.0,login,,,,1,Suspicious login hour
DTAA/KEE0997,PC-3904,2011-05-12 01:19:00,1.0,login,,,,1,Suspicious login hour
DTAA/RAH0968,PC-3119,2011-05-12 01:20:00,1.0,login,,,,1,Suspicious login hour
DTAA/ELD1000,PC-2005,2011-05-12 01:47:00,1.0,login,,,,1,Suspicious login hour
DTAA/JCC0998,PC-2588,2011-05-12 01:49:00,1.0,login,,,,1,Suspicious login hour
DTAA/DSM0990,PC-4072,2011-05-12 01:50:00,1.0,login,,,,1,Suspicious login hour
DTAA/ELD1000,PC-2005,2011-05-12 01:52:00,1.0,login,,,,1,Suspicious login hour
DTAA/KEE0997,PC-3904,2011-05-12 01:56:00,1.0,login,,,,1,Suspicious login hour
DTAA/ZAB0889,PC-2844,2011-05-12 02:02:00,2.0,login,,,,1,Suspicious login hour
DTAA/DSM0990,PC-4072,2011-05-12 02:07:00,2.0,login,,,,1,Suspicious login hour
DTAA/CGM0994,PC-0354,2011-05-12 02:11:00,2.0,login,,,,1,Suspicious login hour
DTAA/CDZ0056,PC-4052,2011-05-12 02:12:00,2.0,login,,,,1,Suspicious login hour
DTAA/CGM0994,PC-0354,2011-05-12 02:33:00,2.0,login,,,,1,Suspicious login hour
DTAA/AMA0191,PC-4736,2011-05-12 02:40:00,2.0,login,,,,1,Suspicious login hour
DTAA/ABS0726,PC-3698,2011-05-12 03:02:00,3.0,login,,,,1,Suspicious login hour
DTAA/CLN0999,PC-2848,2011-05-12 03:15:00,3.0,login,,,,1,Suspicious login hour
DTAA/ZAB0889,PC-2844,2011-05-12 03:16:00,3.0,login,,,,1,Suspicious login hour
DTAA/CDZ0056,PC-4052,2011-05-12 03:29:00,3.0,login,,,,1,Suspicious login hour
DTAA/CRC0996,PC-2221,2011-05-12 03:35:00,3.0,login,,,,1,Suspicious login hour
DTAA/JAH0544,PC-4081,2011-05-12 03:36:00,3.0,login,,,,1,Suspicious login hour
DTAA/CLN0999,PC-2848,2011-05-12 03:39:00,3.0,login,,,,1,Suspicious login hour
DTAA/CRC0996,PC-2221,2011-05-12 03:54:00,3.0,login,,,,1,Suspicious login hour
DTAA/AKS0283,PC-3049,2011-05-12 04:01:00,4.0,login,,,,1,Suspicious login hour
DTAA/JTT0989,PC-0411,2011-05-12 04:35:00,4.0,login,,,,1,Suspicious login hour
DTAA/CGM0994,PC-3949,2011-05-12 04:39:00,4.0,login,,,,1,Suspicious login hour
DTAA/KEE0997,PC-0825,2011-05-12 04:46:00,4.0,login,,,,1,Suspicious login hour
DTAA/JTT0989,PC-0411,2011-05-12 04:48:00,4.0,login,,,,1,Suspicious login hour
DTAA/CGM0994,PC-3949,2011-05-12 05:04:00,5.0,login,,,,1,Suspicious login hour
DTAA/JCC0998,PC-4950,2011-05-12 05:10:00,5.0,login,,,,1,Suspicious login hour
DTAA/JCC0998,PC-4950,2011-05-12 05:19:00,5.0,login,,,,1,Suspicious login hour
DTAA/KEE0997,PC-0825,2011-05-12 05:25:00,5.0,login,,,,1,Suspicious login hour
DTAA/LJR0772,PC-3780,2011-05-12 05:34:00,5.0,login,,,,1,Suspicious login hour
DTAA/ELD1000,PC-0149,2011-05-12 05:50:00,5.0,login,,,,1,Suspicious login hour
DTAA/LJR0772,PC-3780,2011-05-12 05:53:00,5.0,login,,,,1,Suspicious login hour
DTAA/IRC0991,PC-2840,2011-05-12 21:08:00,21.0,login,,,,1,Suspicious login hour
DTAA/ODW0839,PC-1940,2011-05-12 21:09:00,21.0,login,,,,1,Suspicious login hour
DTAA/VAH0262,PC-1398,2011-05-12 21:13:00,21.0,login,,,,1,Suspicious login hour
DTAA/JCC0998,PC-4759,2011-05-12 21:13:00,21.0,login,,,,1,Suspicious login hour
DTAA/SKL0881,PC-1581,2011-05-12 21:24:00,21.0,login,,,,1,Suspicious login hour
DTAA/CLB0995,PC-4981,2011-05-12 21:26:00,21.0,login,,,,1,Suspicious login hour
DTAA/NDS0490,PC-2549,2011-05-12 21:35:00,21.0,login,,,,1,Suspicious login hour
DTAA/CLB0995,PC-4981,2011-05-12 21:46:00,21.0,login,,,,1,Suspicious login hour
DTAA/STF0145,PC-0191,2011-05-12 21:52:00,21.0,login,,,,1,Suspicious login hour
DTAA/JCC0998,PC-4759,2011-05-12 21:53:00,21.0,login,,,,1,Suspicious login hour
DTAA/OYR0801,PC-0088,2011-05-12 21:55:00,21.0,login,,,,1,Suspicious login hour
DTAA/KEE0997,PC-1045,2011-05-12 22:03:00,22.0,login,,,,1,Suspicious login hour
DTAA/IKH0904,PC-3664,2011-05-12 22:10:00,22.0,login,,,,1,Suspicious login hour
DTAA/KEE0997,PC-1045,2011-05-12 22:27:00,22.0,login,,,,1,Suspicious login hour
DTAA/CGM0994,PC-3426,2011-05-12 22:27:00,22.0,login,,,,1,Suspicious login hour
DTAA/JCC0998,PC-3983,2011-05-12 22:30:00,22.0,login,,,,1,Suspicious login hour
DTAA/BJM0992,PC-0146,2011-05-12 22:33:00,22.0,login,,,,1,Suspicious login hour
DTAA/BJM0992,PC-0146,2011-05-12 22:36:00,22.0,login,,,,1,Suspicious login hour
DTAA/TPC0102,PC-1945,2011-05-12 22:45:00,22.0,login,,,,1,Suspicious login hour
DTAA/JCC0998,PC-3983,2011-05-12 22:50:00,22.0,login,,,,1,Suspicious login hour
DTAA/CGM0994,PC-3426,2011-05-12 22:55:00,22.0,login,,,,1,Suspicious login hour
DTAA/ELD1000,PC-3176,2011-05-12 23:11:00,23.0,login,,,,1,Suspicious login hour
DTAA/JGC0775,PC-2680,2011-05-12 23:14:00,23.0,login,,,,1,Suspicious login hour
DTAA/RBC0879,PC-1261,2011-05-12 23:17:00,23.0,login,,,,1,Suspicious login hour
DTAA/JCC0998,PC-1522,2011-05-12 23:31:00,23.0,login,,,,1,Suspicious login hour
DTAA/ELD1000,PC-3176,2011-05-12 23:31:00,23.0,login,,,,1,Suspicious login hour
DTAA/TPC0102,PC-1945,2011-05-12 23:55:00,23.0,login,,,,1,Suspicious login hour
alice,,2025-07-13 02:03:00,2.0,file_access,confidential.txt,,,1,Suspicious file access
alice,,2025-07-13 22:45:00,22.0,file_access,confidential.txt,,,1,Suspicious file access
admin,,2025-07-13 03:00:00,3.0,file_access,admin_panel.py,,,1,Suspicious file access
